Model,Task,Difficulty,Target_Params,Actual_Params,LR,Seed,Category,Best_Val_Score,Test_Score
GRU,simple_copy,large,1000,924,0.01,0,classification,0.9490066666666667,0.94994
GRU,simple_copy,large,1000,924,0.01,1,classification,0.9488166666666666,0.949542
GRU,simple_copy,large,1000,924,0.01,2,classification,0.9496333333333333,0.949972
GRU,simple_copy,large,1000,924,0.01,3,classification,0.9493266666666667,0.9499333333333333
GRU,simple_copy,large,1000,924,0.01,4,classification,0.9492233333333333,0.949868
GRU,simple_copy,large,1000,924,0.01,5,classification,0.9494166666666667,0.9500153333333333
GRU,simple_copy,large,1000,924,0.01,6,classification,0.9264066666666667,0.92687
GRU,simple_copy,large,1000,924,0.01,7,classification,0.9493466666666667,0.9498986666666667
GRU,simple_copy,large,1000,924,0.01,8,classification,0.9490866666666666,0.950064
GRU,simple_copy,large,1000,924,0.01,9,classification,0.9495266666666666,0.9498073333333333
GRU,simple_copy,large,1000,924,0.003,0,classification,0.94898,0.949956
GRU,simple_copy,large,1000,924,0.003,1,classification,0.9493366666666667,0.9501913333333334
GRU,simple_copy,large,1000,924,0.003,2,classification,0.94941,0.9498806666666667
GRU,simple_copy,large,1000,924,0.003,3,classification,0.94931,0.9498453333333333
GRU,simple_copy,large,1000,924,0.003,4,classification,0.9493366666666667,0.9499153333333333
GRU,simple_copy,large,1000,924,0.003,5,classification,0.9494166666666667,0.9500153333333333
GRU,simple_copy,large,1000,924,0.003,6,classification,0.94917,0.95005
GRU,simple_copy,large,1000,924,0.003,7,classification,0.94934,0.9499066666666667
GRU,simple_copy,large,1000,924,0.003,8,classification,0.94904,0.950096
GRU,simple_copy,large,1000,924,0.003,9,classification,0.94965,0.9500753333333334
GRU,simple_copy,large,1000,924,0.001,0,classification,0.94919,0.9499786666666666
GRU,simple_copy,large,1000,924,0.001,1,classification,0.9493366666666667,0.9501913333333334
GRU,simple_copy,large,1000,924,0.001,2,classification,0.9494366666666667,0.950004
GRU,simple_copy,large,1000,924,0.001,3,classification,0.9493166666666667,0.94985
GRU,simple_copy,large,1000,924,0.001,4,classification,0.94935,0.9498800000000001
GRU,simple_copy,large,1000,924,0.001,5,classification,0.9493766666666666,0.9500213333333334
GRU,simple_copy,large,1000,924,0.001,6,classification,0.9491333333333334,0.9501293333333334
GRU,simple_copy,large,1000,924,0.001,7,classification,0.94956,0.950094
GRU,simple_copy,large,1000,924,0.001,8,classification,0.94904,0.950096
GRU,simple_copy,large,1000,924,0.001,9,classification,0.9495966666666666,0.949804
GRU,simple_copy,large,1000,924,0.0003,0,classification,0.94951,0.9499133333333334
GRU,simple_copy,large,1000,924,0.0003,1,classification,0.9498733333333333,0.9498633333333333
GRU,simple_copy,large,1000,924,0.0003,2,classification,0.9494466666666667,0.9500153333333333
GRU,simple_copy,large,1000,924,0.0003,3,classification,0.9492733333333333,0.949858
GRU,simple_copy,large,1000,924,0.0003,4,classification,0.9493733333333333,0.9499306666666667
GRU,simple_copy,large,1000,924,0.0003,5,classification,0.9493566666666666,0.9500426666666667
GRU,simple_copy,large,1000,924,0.0003,6,classification,0.9494766666666666,0.9498553333333334
GRU,simple_copy,large,1000,924,0.0003,7,classification,0.9496533333333333,0.9498993333333333
GRU,simple_copy,large,1000,924,0.0003,8,classification,0.94897,0.9500646666666667
GRU,simple_copy,large,1000,924,0.0003,9,classification,0.94949,0.9498986666666667
GRU,simple_copy,large,1000,924,0.0001,0,classification,0.94961,0.9499653333333333
GRU,simple_copy,large,1000,924,0.0001,1,classification,0.9497933333333334,0.950136
GRU,simple_copy,large,1000,924,0.0001,2,classification,0.9494666666666667,0.9500386666666667
GRU,simple_copy,large,1000,924,0.0001,3,classification,0.9495166666666667,0.9498613333333333
GRU,simple_copy,large,1000,924,0.0001,4,classification,0.9496566666666667,0.9498806666666667
GRU,simple_copy,large,1000,924,0.0001,5,classification,0.94944,0.9499373333333333
GRU,simple_copy,large,1000,924,0.0001,6,classification,0.9499366666666667,0.9496493333333333
GRU,simple_copy,large,1000,924,0.0001,7,classification,0.9497566666666667,0.9497606666666667
GRU,simple_copy,large,1000,924,0.0001,8,classification,0.9489666666666666,0.950104
GRU,simple_copy,large,1000,924,0.0001,9,classification,0.9495933333333333,0.9502806666666667
GRU,simple_copy,large,10000,9744,0.01,0,classification,0.88692,0.8863146666666667
GRU,simple_copy,large,10000,9744,0.01,1,classification,0.8932066666666667,0.8939473333333333
GRU,simple_copy,large,10000,9744,0.01,2,classification,0.9477433333333334,0.9478893333333334
GRU,simple_copy,large,10000,9744,0.01,3,classification,0.9496733333333334,0.950188
GRU,simple_copy,large,10000,9744,0.01,4,classification,0.9479133333333334,0.9484433333333333
GRU,simple_copy,large,10000,9744,0.01,5,classification,0.9414266666666666,0.9418013333333334
GRU,simple_copy,large,10000,9744,0.01,6,classification,0.9465933333333333,0.946972
GRU,simple_copy,large,10000,9744,0.01,7,classification,0.94523,0.945452
GRU,simple_copy,large,10000,9744,0.01,8,classification,0.9490833333333333,0.950016
GRU,simple_copy,large,10000,9744,0.01,9,classification,0.94323,0.94215
GRU,simple_copy,large,10000,9744,0.003,0,classification,0.94892,0.9501673333333334
GRU,simple_copy,large,10000,9744,0.003,1,classification,0.9492266666666667,0.9498613333333333
GRU,simple_copy,large,10000,9744,0.003,2,classification,0.9494066666666666,0.9501973333333333
GRU,simple_copy,large,10000,9744,0.003,3,classification,0.94954,0.9501993333333333
GRU,simple_copy,large,10000,9744,0.003,4,classification,0.94933,0.949884
GRU,simple_copy,large,10000,9744,0.003,5,classification,0.9494166666666667,0.9500153333333333
GRU,simple_copy,large,10000,9744,0.003,6,classification,0.9491333333333334,0.950118
GRU,simple_copy,large,10000,9744,0.003,7,classification,0.94949,0.950076
GRU,simple_copy,large,10000,9744,0.003,8,classification,0.94896,0.9501266666666667
GRU,simple_copy,large,10000,9744,0.003,9,classification,0.9494266666666666,0.9499053333333334
GRU,simple_copy,large,10000,9744,0.001,0,classification,0.94903,0.950168
GRU,simple_copy,large,10000,9744,0.001,1,classification,0.9492266666666667,0.9498613333333333
GRU,simple_copy,large,10000,9744,0.001,2,classification,0.94938,0.949812
GRU,simple_copy,large,10000,9744,0.001,3,classification,0.9495666666666667,0.950182
GRU,simple_copy,large,10000,9744,0.001,4,classification,0.9492,0.9498846666666667
GRU,simple_copy,large,10000,9744,0.001,5,classification,0.9494166666666667,0.9500153333333333
GRU,simple_copy,large,10000,9744,0.001,6,classification,0.9491333333333334,0.9501333333333334
GRU,simple_copy,large,10000,9744,0.001,7,classification,0.94956,0.950094
GRU,simple_copy,large,10000,9744,0.001,8,classification,0.9489766666666667,0.9500713333333334
GRU,simple_copy,large,10000,9744,0.001,9,classification,0.9494466666666667,0.9502253333333334
GRU,simple_copy,large,10000,9744,0.0003,0,classification,0.9490366666666666,0.9499286666666666
GRU,simple_copy,large,10000,9744,0.0003,1,classification,0.9497333333333333,0.950028
GRU,simple_copy,large,10000,9744,0.0003,2,classification,0.94953,0.9497913333333333
GRU,simple_copy,large,10000,9744,0.0003,3,classification,0.9495666666666667,0.950182
GRU,simple_copy,large,10000,9744,0.0003,4,classification,0.94935,0.9498800000000001
GRU,simple_copy,large,10000,9744,0.0003,5,classification,0.9494033333333334,0.9503266666666667
GRU,simple_copy,large,10000,9744,0.0003,6,classification,0.949,0.9498286666666667
GRU,simple_copy,large,10000,9744,0.0003,7,classification,0.94964,0.9499173333333333
GRU,simple_copy,large,10000,9744,0.0003,8,classification,0.9489866666666666,0.9501273333333333
GRU,simple_copy,large,10000,9744,0.0003,9,classification,0.94968,0.950184
GRU,simple_copy,large,10000,9744,0.0001,0,classification,0.9495566666666667,0.9499873333333333
GRU,simple_copy,large,10000,9744,0.0001,1,classification,0.9497233333333334,0.949906
GRU,simple_copy,large,10000,9744,0.0001,2,classification,0.9495366666666667,0.9499586666666666
GRU,simple_copy,large,10000,9744,0.0001,3,classification,0.9492566666666666,0.949858
GRU,simple_copy,large,10000,9744,0.0001,4,classification,0.94979,0.9497753333333333
GRU,simple_copy,large,10000,9744,0.0001,5,classification,0.9495433333333333,0.9502633333333333
GRU,simple_copy,large,10000,9744,0.0001,6,classification,0.94911,0.949842
GRU,simple_copy,large,10000,9744,0.0001,7,classification,0.9495866666666667,0.9498746666666666
GRU,simple_copy,large,10000,9744,0.0001,8,classification,0.94909,0.9500566666666667
GRU,simple_copy,large,10000,9744,0.0001,9,classification,0.94957,0.950236
GRU,simple_copy,large,100000,99644,0.01,0,classification,0.9492,0.950062
GRU,simple_copy,large,100000,99644,0.01,1,classification,0.94832,0.948624
GRU,simple_copy,large,100000,99644,0.01,2,classification,0.94148,0.941356
GRU,simple_copy,large,100000,99644,0.01,3,classification,0.94903,0.9499713333333333
GRU,simple_copy,large,100000,99644,0.01,4,classification,0.9492933333333333,0.9498586666666666
GRU,simple_copy,large,100000,99644,0.01,5,classification,0.9488633333333334,0.949724
GRU,simple_copy,large,100000,99644,0.01,6,classification,0.8847266666666667,0.8840946666666667
GRU,simple_copy,large,100000,99644,0.01,7,classification,0.9478433333333334,0.9489446666666667
GRU,simple_copy,large,100000,99644,0.01,8,classification,0.9490833333333333,0.950016
GRU,simple_copy,large,100000,99644,0.01,9,classification,0.8587666666666667,0.8583246666666666
GRU,simple_copy,large,100000,99644,0.003,0,classification,0.94903,0.9501586666666667
GRU,simple_copy,large,100000,99644,0.003,1,classification,0.94935,0.95022
GRU,simple_copy,large,100000,99644,0.003,2,classification,0.9495666666666667,0.9500453333333333
GRU,simple_copy,large,100000,99644,0.003,3,classification,0.9493199999999999,0.9500006666666667
GRU,simple_copy,large,100000,99644,0.003,4,classification,0.94929,0.9499186666666667
GRU,simple_copy,large,100000,99644,0.003,5,classification,0.7458333333333333,0.7456273333333333
GRU,simple_copy,large,100000,99644,0.003,6,classification,0.8405966666666667,0.8403326666666666
GRU,simple_copy,large,100000,99644,0.003,7,classification,0.94967,0.9498326666666667
GRU,simple_copy,large,100000,99644,0.003,8,classification,0.9490333333333333,0.950062
GRU,simple_copy,large,100000,99644,0.003,9,classification,0.9393266666666666,0.9397266666666667
GRU,simple_copy,large,100000,99644,0.001,0,classification,0.94905,0.9501
GRU,simple_copy,large,100000,99644,0.001,1,classification,0.94935,0.9498613333333333
GRU,simple_copy,large,100000,99644,0.001,2,classification,0.94947,0.9498726666666667
GRU,simple_copy,large,100000,99644,0.001,3,classification,0.94917,0.9497926666666666
GRU,simple_copy,large,100000,99644,0.001,4,classification,0.94935,0.9498800000000001
GRU,simple_copy,large,100000,99644,0.001,5,classification,0.9495533333333334,0.9502773333333333
GRU,simple_copy,large,100000,99644,0.001,6,classification,0.94942,0.949948
GRU,simple_copy,large,100000,99644,0.001,7,classification,0.94933,0.9498513333333334
GRU,simple_copy,large,100000,99644,0.001,8,classification,0.9497233333333334,0.9500333333333333
GRU,simple_copy,large,100000,99644,0.001,9,classification,0.9495066666666667,0.949852
GRU,simple_copy,large,100000,99644,0.0003,0,classification,0.9490366666666666,0.950156
GRU,simple_copy,large,100000,99644,0.0003,1,classification,0.94938,0.949874
GRU,simple_copy,large,100000,99644,0.0003,2,classification,0.94933,0.9498566666666667
GRU,simple_copy,large,100000,99644,0.0003,3,classification,0.9496133333333333,0.9498373333333333
GRU,simple_copy,large,100000,99644,0.0003,4,classification,0.94935,0.9498800000000001
GRU,simple_copy,large,100000,99644,0.0003,5,classification,0.9495,0.9499946666666667
GRU,simple_copy,large,100000,99644,0.0003,6,classification,0.9496066666666667,0.9500673333333334
GRU,simple_copy,large,100000,99644,0.0003,7,classification,0.94931,0.949846
GRU,simple_copy,large,100000,99644,0.0003,8,classification,0.9490066666666667,0.950094
GRU,simple_copy,large,100000,99644,0.0003,9,classification,0.9495066666666667,0.949852
GRU,simple_copy,large,100000,99644,0.0001,0,classification,0.9496,0.95008
GRU,simple_copy,large,100000,99644,0.0001,1,classification,0.94935,0.9498613333333333
GRU,simple_copy,large,100000,99644,0.0001,2,classification,0.9494566666666666,0.9500266666666667
GRU,simple_copy,large,100000,99644,0.0001,3,classification,0.9496133333333333,0.9498373333333333
GRU,simple_copy,large,100000,99644,0.0001,4,classification,0.9492766666666667,0.9499346666666667
GRU,simple_copy,large,100000,99644,0.0001,5,classification,0.9494166666666667,0.9500153333333333
GRU,simple_copy,large,100000,99644,0.0001,6,classification,0.94944,0.9500213333333334
GRU,simple_copy,large,100000,99644,0.0001,7,classification,0.9496733333333334,0.949894
GRU,simple_copy,large,100000,99644,0.0001,8,classification,0.9490266666666667,0.950104
GRU,simple_copy,large,100000,99644,0.0001,9,classification,0.9494933333333333,0.9498233333333334
GRU,selective_copy,large,1000,948,0.01,0,classification,0.9485166666666667,0.9499366666666667
GRU,selective_copy,large,1000,948,0.01,1,classification,0.9498,0.9502433333333333
GRU,selective_copy,large,1000,948,0.01,2,classification,0.9483333333333334,0.9494066666666666
GRU,selective_copy,large,1000,948,0.01,3,classification,0.9485833333333333,0.9505966666666666
GRU,selective_copy,large,1000,948,0.01,4,classification,0.9483166666666667,0.94997
GRU,selective_copy,large,1000,948,0.01,5,classification,0.94885,0.94955
GRU,selective_copy,large,1000,948,0.01,6,classification,0.9485833333333333,0.94987
GRU,selective_copy,large,1000,948,0.01,7,classification,0.94825,0.9502733333333333
GRU,selective_copy,large,1000,948,0.01,8,classification,0.94715,0.9478566666666667
GRU,selective_copy,large,1000,948,0.01,9,classification,0.94835,0.9508066666666667
GRU,selective_copy,large,1000,948,0.003,0,classification,0.9485833333333333,0.9497433333333334
GRU,selective_copy,large,1000,948,0.003,1,classification,0.8859833333333333,0.8861600000000001
GRU,selective_copy,large,1000,948,0.003,2,classification,0.94825,0.94961
GRU,selective_copy,large,1000,948,0.003,3,classification,0.9487833333333333,0.95079
GRU,selective_copy,large,1000,948,0.003,4,classification,0.9481666666666667,0.9499266666666667
GRU,selective_copy,large,1000,948,0.003,5,classification,0.9487833333333333,0.95033
GRU,selective_copy,large,1000,948,0.003,6,classification,0.8913833333333333,0.8917733333333333
GRU,selective_copy,large,1000,948,0.003,7,classification,0.94825,0.9502733333333333
GRU,selective_copy,large,1000,948,0.003,8,classification,0.9489166666666666,0.9498566666666667
GRU,selective_copy,large,1000,948,0.003,9,classification,0.9490166666666666,0.9494366666666667
GRU,selective_copy,large,1000,948,0.001,0,classification,0.9489166666666666,0.9497733333333334
GRU,selective_copy,large,1000,948,0.001,1,classification,0.8869333333333334,0.8867700000000001
GRU,selective_copy,large,1000,948,0.001,2,classification,0.9482,0.9498133333333333
GRU,selective_copy,large,1000,948,0.001,3,classification,0.9482333333333334,0.9511833333333334
GRU,selective_copy,large,1000,948,0.001,4,classification,0.9479166666666666,0.94967
GRU,selective_copy,large,1000,948,0.001,5,classification,0.9486,0.9497166666666667
GRU,selective_copy,large,1000,948,0.001,6,classification,0.9485833333333333,0.94987
GRU,selective_copy,large,1000,948,0.001,7,classification,0.9487666666666666,0.9503266666666667
GRU,selective_copy,large,1000,948,0.001,8,classification,0.9483333333333334,0.94956
GRU,selective_copy,large,1000,948,0.001,9,classification,0.9486333333333333,0.94978
GRU,selective_copy,large,1000,948,0.0003,0,classification,0.9491,0.9495733333333334
GRU,selective_copy,large,1000,948,0.0003,1,classification,0.9484666666666667,0.9504433333333333
GRU,selective_copy,large,1000,948,0.0003,2,classification,0.9478,0.9498033333333333
GRU,selective_copy,large,1000,948,0.0003,3,classification,0.94795,0.9510033333333333
GRU,selective_copy,large,1000,948,0.0003,4,classification,0.9486833333333333,0.95097
GRU,selective_copy,large,1000,948,0.0003,5,classification,0.9487,0.9500366666666666
GRU,selective_copy,large,1000,948,0.0003,6,classification,0.9487166666666667,0.9501633333333334
GRU,selective_copy,large,1000,948,0.0003,7,classification,0.94945,0.9503833333333334
GRU,selective_copy,large,1000,948,0.0003,8,classification,0.94885,0.9499433333333334
GRU,selective_copy,large,1000,948,0.0003,9,classification,0.9485166666666667,0.9496966666666666
GRU,selective_copy,large,1000,948,0.0001,0,classification,0.94855,0.94951
GRU,selective_copy,large,1000,948,0.0001,1,classification,0.9491333333333334,0.9498433333333334
GRU,selective_copy,large,1000,948,0.0001,2,classification,0.9477333333333333,0.9498066666666667
GRU,selective_copy,large,1000,948,0.0001,3,classification,0.9488833333333333,0.9507
GRU,selective_copy,large,1000,948,0.0001,4,classification,0.94805,0.9497833333333333
GRU,selective_copy,large,1000,948,0.0001,5,classification,0.9485333333333333,0.9501633333333334
GRU,selective_copy,large,1000,948,0.0001,6,classification,0.9491666666666667,0.94966
GRU,selective_copy,large,1000,948,0.0001,7,classification,0.9500833333333334,0.9502266666666667
GRU,selective_copy,large,1000,948,0.0001,8,classification,0.9492166666666667,0.9500466666666667
GRU,selective_copy,large,1000,948,0.0001,9,classification,0.9494166666666667,0.9493133333333333
GRU,selective_copy,large,10000,9876,0.01,0,classification,0.94635,0.9487666666666666
GRU,selective_copy,large,10000,9876,0.01,1,classification,0.9486,0.9507833333333333
GRU,selective_copy,large,10000,9876,0.01,2,classification,0.9418166666666666,0.9421766666666667
GRU,selective_copy,large,10000,9876,0.01,3,classification,0.94465,0.9462033333333333
GRU,selective_copy,large,10000,9876,0.01,4,classification,0.7485166666666667,0.74751
GRU,selective_copy,large,10000,9876,0.01,5,classification,0.9431166666666667,0.94294
GRU,selective_copy,large,10000,9876,0.01,6,classification,0.9415666666666667,0.9428366666666667
GRU,selective_copy,large,10000,9876,0.01,7,classification,0.7445833333333334,0.7445866666666667
GRU,selective_copy,large,10000,9876,0.01,8,classification,0.9488166666666666,0.9496433333333333
GRU,selective_copy,large,10000,9876,0.01,9,classification,0.9483333333333334,0.95009
GRU,selective_copy,large,10000,9876,0.003,0,classification,0.9485333333333333,0.9498666666666666
GRU,selective_copy,large,10000,9876,0.003,1,classification,0.9489333333333333,0.9496933333333333
GRU,selective_copy,large,10000,9876,0.003,2,classification,0.7375333333333334,0.7394033333333334
GRU,selective_copy,large,10000,9876,0.003,3,classification,0.94865,0.9508133333333333
GRU,selective_copy,large,10000,9876,0.003,4,classification,0.9479333333333333,0.94987
GRU,selective_copy,large,10000,9876,0.003,5,classification,0.94885,0.9496666666666667
GRU,selective_copy,large,10000,9876,0.003,6,classification,0.9491166666666666,0.9496366666666667
GRU,selective_copy,large,10000,9876,0.003,7,classification,0.7287333333333333,0.7291666666666667
GRU,selective_copy,large,10000,9876,0.003,8,classification,0.94815,0.9499933333333334
GRU,selective_copy,large,10000,9876,0.003,9,classification,0.9486,0.9505566666666667
GRU,selective_copy,large,10000,9876,0.001,0,classification,0.9483166666666667,0.9497966666666666
GRU,selective_copy,large,10000,9876,0.001,1,classification,0.9485166666666667,0.9499299999999999
GRU,selective_copy,large,10000,9876,0.001,2,classification,0.94825,0.94961
GRU,selective_copy,large,10000,9876,0.001,3,classification,0.9484666666666667,0.9509166666666666
GRU,selective_copy,large,10000,9876,0.001,4,classification,0.9479166666666666,0.94967
GRU,selective_copy,large,10000,9876,0.001,5,classification,0.9486333333333333,0.9500066666666667
GRU,selective_copy,large,10000,9876,0.001,6,classification,0.9487833333333333,0.9498433333333334
GRU,selective_copy,large,10000,9876,0.001,7,classification,0.9483833333333334,0.94976
GRU,selective_copy,large,10000,9876,0.001,8,classification,0.9489333333333333,0.9500133333333334
GRU,selective_copy,large,10000,9876,0.001,9,classification,0.94805,0.9504133333333333
GRU,selective_copy,large,10000,9876,0.0003,0,classification,0.94835,0.95012
GRU,selective_copy,large,10000,9876,0.0003,1,classification,0.9486333333333333,0.9502266666666667
GRU,selective_copy,large,10000,9876,0.0003,2,classification,0.94825,0.94961
GRU,selective_copy,large,10000,9876,0.0003,3,classification,0.9484333333333334,0.9510033333333333
GRU,selective_copy,large,10000,9876,0.0003,4,classification,0.9482833333333334,0.9499133333333334
GRU,selective_copy,large,10000,9876,0.0003,5,classification,0.9483666666666667,0.9500166666666666
GRU,selective_copy,large,10000,9876,0.0003,6,classification,0.9488833333333333,0.9498133333333333
GRU,selective_copy,large,10000,9876,0.0003,7,classification,0.94915,0.9505966666666666
GRU,selective_copy,large,10000,9876,0.0003,8,classification,0.9487,0.9501333333333334
GRU,selective_copy,large,10000,9876,0.0003,9,classification,0.94805,0.9504133333333333
GRU,selective_copy,large,10000,9876,0.0001,0,classification,0.9480833333333334,0.9494933333333333
GRU,selective_copy,large,10000,9876,0.0001,1,classification,0.9484833333333333,0.9500933333333333
GRU,selective_copy,large,10000,9876,0.0001,2,classification,0.9477333333333333,0.9496466666666666
GRU,selective_copy,large,10000,9876,0.0001,3,classification,0.9484333333333334,0.9510033333333333
GRU,selective_copy,large,10000,9876,0.0001,4,classification,0.9487666666666666,0.9504566666666666
GRU,selective_copy,large,10000,9876,0.0001,5,classification,0.9480833333333334,0.95002
GRU,selective_copy,large,10000,9876,0.0001,6,classification,0.9486666666666667,0.95002
GRU,selective_copy,large,10000,9876,0.0001,7,classification,0.94955,0.9496
GRU,selective_copy,large,10000,9876,0.0001,8,classification,0.9487,0.9499
GRU,selective_copy,large,10000,9876,0.0001,9,classification,0.9478333333333333,0.9506233333333334
GRU,selective_copy,large,100000,99051,0.01,0,classification,0.7032499999999999,0.7011733333333333
GRU,selective_copy,large,100000,99051,0.01,1,classification,0.9486833333333333,0.9495933333333333
GRU,selective_copy,large,100000,99051,0.01,2,classification,0.6786833333333333,0.6744766666666666
GRU,selective_copy,large,100000,99051,0.01,3,classification,0.9486166666666667,0.9506533333333334
GRU,selective_copy,large,100000,99051,0.01,4,classification,0.9417666666666666,0.9440533333333333
GRU,selective_copy,large,100000,99051,0.01,5,classification,0.5852333333333333,0.5861333333333334
GRU,selective_copy,large,100000,99051,0.01,6,classification,0.9432166666666667,0.9450766666666667
GRU,selective_copy,large,100000,99051,0.01,7,classification,0.9483333333333334,0.9502133333333334
GRU,selective_copy,large,100000,99051,0.01,8,classification,0.9481166666666667,0.9498333333333333
GRU,selective_copy,large,100000,99051,0.01,9,classification,0.9483833333333334,0.9501233333333333
GRU,selective_copy,large,100000,99051,0.003,0,classification,0.9483333333333334,0.9497466666666666
GRU,selective_copy,large,100000,99051,0.003,1,classification,0.19971666666666665,0.20106333333333337
GRU,selective_copy,large,100000,99051,0.003,2,classification,0.22885,0.22920333333333331
GRU,selective_copy,large,100000,99051,0.003,3,classification,0.9487833333333333,0.9496366666666667
GRU,selective_copy,large,100000,99051,0.003,4,classification,0.9485,0.9495666666666667
GRU,selective_copy,large,100000,99051,0.003,5,classification,0.94885,0.94955
GRU,selective_copy,large,100000,99051,0.003,6,classification,0.9489333333333333,0.9503966666666667
GRU,selective_copy,large,100000,99051,0.003,7,classification,0.9483166666666667,0.9500133333333334
GRU,selective_copy,large,100000,99051,0.003,8,classification,0.9478833333333333,0.95006
GRU,selective_copy,large,100000,99051,0.003,9,classification,0.9440666666666666,0.9476433333333333
GRU,selective_copy,large,100000,99051,0.001,0,classification,0.9490833333333333,0.9494233333333333
GRU,selective_copy,large,100000,99051,0.001,1,classification,0.9481833333333334,0.95043
GRU,selective_copy,large,100000,99051,0.001,2,classification,0.9477333333333333,0.9496466666666666
GRU,selective_copy,large,100000,99051,0.001,3,classification,0.9480166666666666,0.9508066666666667
GRU,selective_copy,large,100000,99051,0.001,4,classification,0.9488333333333333,0.9498666666666666
GRU,selective_copy,large,100000,99051,0.001,5,classification,0.94885,0.94955
GRU,selective_copy,large,100000,99051,0.001,6,classification,0.94805,0.9500233333333333
GRU,selective_copy,large,100000,99051,0.001,7,classification,0.9489,0.94989
GRU,selective_copy,large,100000,99051,0.001,8,classification,0.9485333333333333,0.95017
GRU,selective_copy,large,100000,99051,0.001,9,classification,0.9487333333333333,0.95
GRU,selective_copy,large,100000,99051,0.0003,0,classification,0.9483166666666667,0.94928
GRU,selective_copy,large,100000,99051,0.0003,1,classification,0.9488333333333333,0.9493566666666666
GRU,selective_copy,large,100000,99051,0.0003,2,classification,0.9481833333333334,0.9498333333333333
GRU,selective_copy,large,100000,99051,0.0003,3,classification,0.9478333333333333,0.95079
GRU,selective_copy,large,100000,99051,0.0003,4,classification,0.9488666666666666,0.9492766666666667
GRU,selective_copy,large,100000,99051,0.0003,5,classification,0.9482833333333334,0.9500433333333334
GRU,selective_copy,large,100000,99051,0.0003,6,classification,0.9476,0.9499633333333334
GRU,selective_copy,large,100000,99051,0.0003,7,classification,0.9485166666666667,0.9501333333333334
GRU,selective_copy,large,100000,99051,0.0003,8,classification,0.9488666666666666,0.95007
GRU,selective_copy,large,100000,99051,0.0003,9,classification,0.9484666666666667,0.95004
GRU,selective_copy,large,100000,99051,0.0001,0,classification,0.94815,0.9494233333333333
GRU,selective_copy,large,100000,99051,0.0001,1,classification,0.94825,0.9500866666666666
GRU,selective_copy,large,100000,99051,0.0001,2,classification,0.94825,0.94961
GRU,selective_copy,large,100000,99051,0.0001,3,classification,0.9482166666666667,0.9508133333333333
GRU,selective_copy,large,100000,99051,0.0001,4,classification,0.9486833333333333,0.95097
GRU,selective_copy,large,100000,99051,0.0001,5,classification,0.9482833333333334,0.9500433333333334
GRU,selective_copy,large,100000,99051,0.0001,6,classification,0.9488833333333333,0.9498333333333333
GRU,selective_copy,large,100000,99051,0.0001,7,classification,0.9494,0.9507766666666667
GRU,selective_copy,large,100000,99051,0.0001,8,classification,0.9489666666666666,0.94998
GRU,selective_copy,large,100000,99051,0.0001,9,classification,0.9485666666666667,0.9504533333333334
GRU,sorting_problem,large,1000,764,0.01,0,classification,0.92561,0.926784
GRU,sorting_problem,large,1000,764,0.01,1,classification,0.92218,0.923628
GRU,sorting_problem,large,1000,764,0.01,2,classification,0.92089,0.920264
GRU,sorting_problem,large,1000,764,0.01,3,classification,0.91921,0.91906
GRU,sorting_problem,large,1000,764,0.01,4,classification,0.92355,0.924658
GRU,sorting_problem,large,1000,764,0.01,5,classification,0.92003,0.920228
GRU,sorting_problem,large,1000,764,0.01,6,classification,0.91913,0.919924
GRU,sorting_problem,large,1000,764,0.01,7,classification,0.91923,0.920308
GRU,sorting_problem,large,1000,764,0.01,8,classification,0.92922,0.93153
GRU,sorting_problem,large,1000,764,0.01,9,classification,0.92056,0.920772
GRU,sorting_problem,large,1000,764,0.003,0,classification,0.92449,0.924958
GRU,sorting_problem,large,1000,764,0.003,1,classification,0.92305,0.923444
GRU,sorting_problem,large,1000,764,0.003,2,classification,0.92361,0.924066
GRU,sorting_problem,large,1000,764,0.003,3,classification,0.92,0.9205
GRU,sorting_problem,large,1000,764,0.003,4,classification,0.92228,0.922248
GRU,sorting_problem,large,1000,764,0.003,5,classification,0.9264,0.926402
GRU,sorting_problem,large,1000,764,0.003,6,classification,0.92104,0.923072
GRU,sorting_problem,large,1000,764,0.003,7,classification,0.92369,0.923882
GRU,sorting_problem,large,1000,764,0.003,8,classification,0.91947,0.920598
GRU,sorting_problem,large,1000,764,0.003,9,classification,0.922,0.922004
GRU,sorting_problem,large,1000,764,0.001,0,classification,0.92487,0.924414
GRU,sorting_problem,large,1000,764,0.001,1,classification,0.92213,0.921748
GRU,sorting_problem,large,1000,764,0.001,2,classification,0.92425,0.924906
GRU,sorting_problem,large,1000,764,0.001,3,classification,0.91988,0.920466
GRU,sorting_problem,large,1000,764,0.001,4,classification,0.9227,0.922626
GRU,sorting_problem,large,1000,764,0.001,5,classification,0.9256800000000001,0.92581
GRU,sorting_problem,large,1000,764,0.001,6,classification,0.92223,0.923358
GRU,sorting_problem,large,1000,764,0.001,7,classification,0.92361,0.923638
GRU,sorting_problem,large,1000,764,0.001,8,classification,0.92008,0.920558
GRU,sorting_problem,large,1000,764,0.001,9,classification,0.92131,0.921582
GRU,sorting_problem,large,1000,764,0.0003,0,classification,0.92957,0.930234
GRU,sorting_problem,large,1000,764,0.0003,1,classification,0.92537,0.926746
GRU,sorting_problem,large,1000,764,0.0003,2,classification,0.94899,0.949952
GRU,sorting_problem,large,1000,764,0.0003,3,classification,0.9200200000000001,0.920586
GRU,sorting_problem,large,1000,764,0.0003,4,classification,0.92289,0.923052
GRU,sorting_problem,large,1000,764,0.0003,5,classification,0.92691,0.926968
GRU,sorting_problem,large,1000,764,0.0003,6,classification,0.92374,0.924616
GRU,sorting_problem,large,1000,764,0.0003,7,classification,0.9283,0.929382
GRU,sorting_problem,large,1000,764,0.0003,8,classification,0.92502,0.926458
GRU,sorting_problem,large,1000,764,0.0003,9,classification,0.92466,0.92613
GRU,sorting_problem,large,1000,764,0.0001,0,classification,0.9293,0.930006
GRU,sorting_problem,large,1000,764,0.0001,1,classification,0.9493199999999999,0.95032
GRU,sorting_problem,large,1000,764,0.0001,2,classification,0.94934,0.95031
GRU,sorting_problem,large,1000,764,0.0001,3,classification,0.9496,0.949262
GRU,sorting_problem,large,1000,764,0.0001,4,classification,0.93071,0.931436
GRU,sorting_problem,large,1000,764,0.0001,5,classification,0.9333,0.93367
GRU,sorting_problem,large,1000,764,0.0001,6,classification,0.92441,0.92552
GRU,sorting_problem,large,1000,764,0.0001,7,classification,0.94848,0.950072
GRU,sorting_problem,large,1000,764,0.0001,8,classification,0.95004,0.9495
GRU,sorting_problem,large,1000,764,0.0001,9,classification,0.94944,0.949678
GRU,sorting_problem,large,10000,9890,0.01,0,classification,0.85864,0.859722
GRU,sorting_problem,large,10000,9890,0.01,1,classification,0.8558,0.854212
GRU,sorting_problem,large,10000,9890,0.01,2,classification,0.82497,0.824998
GRU,sorting_problem,large,10000,9890,0.01,3,classification,0.81162,0.812256
GRU,sorting_problem,large,10000,9890,0.01,4,classification,0.83409,0.83314
GRU,sorting_problem,large,10000,9890,0.01,5,classification,0.83774,0.838836
GRU,sorting_problem,large,10000,9890,0.01,6,classification,0.87014,0.870264
GRU,sorting_problem,large,10000,9890,0.01,7,classification,0.82389,0.823874
GRU,sorting_problem,large,10000,9890,0.01,8,classification,0.82691,0.826994
GRU,sorting_problem,large,10000,9890,0.01,9,classification,0.83048,0.829806
GRU,sorting_problem,large,10000,9890,0.003,0,classification,0.87204,0.8730020000000001
GRU,sorting_problem,large,10000,9890,0.003,1,classification,0.80244,0.8017799999999999
GRU,sorting_problem,large,10000,9890,0.003,2,classification,0.79529,0.795478
GRU,sorting_problem,large,10000,9890,0.003,3,classification,0.78673,0.78616
GRU,sorting_problem,large,10000,9890,0.003,4,classification,0.81829,0.81981
GRU,sorting_problem,large,10000,9890,0.003,5,classification,0.82012,0.818626
GRU,sorting_problem,large,10000,9890,0.003,6,classification,0.82187,0.8223199999999999
GRU,sorting_problem,large,10000,9890,0.003,7,classification,0.82652,0.825742
GRU,sorting_problem,large,10000,9890,0.003,8,classification,0.7984100000000001,0.799424
GRU,sorting_problem,large,10000,9890,0.003,9,classification,0.79632,0.79635
GRU,sorting_problem,large,10000,9890,0.001,0,classification,0.80621,0.807712
GRU,sorting_problem,large,10000,9890,0.001,1,classification,0.8714500000000001,0.871448
GRU,sorting_problem,large,10000,9890,0.001,2,classification,0.8727,0.873754
GRU,sorting_problem,large,10000,9890,0.001,3,classification,0.79115,0.791568
GRU,sorting_problem,large,10000,9890,0.001,4,classification,0.8728400000000001,0.872978
GRU,sorting_problem,large,10000,9890,0.001,5,classification,0.7954600000000001,0.795156
GRU,sorting_problem,large,10000,9890,0.001,6,classification,0.87241,0.87309
GRU,sorting_problem,large,10000,9890,0.001,7,classification,0.82738,0.828002
GRU,sorting_problem,large,10000,9890,0.001,8,classification,0.87033,0.870796
GRU,sorting_problem,large,10000,9890,0.001,9,classification,0.87592,0.876374
GRU,sorting_problem,large,10000,9890,0.0003,0,classification,0.8784,0.87959
GRU,sorting_problem,large,10000,9890,0.0003,1,classification,0.88418,0.884138
GRU,sorting_problem,large,10000,9890,0.0003,2,classification,0.88257,0.883914
GRU,sorting_problem,large,10000,9890,0.0003,3,classification,0.87325,0.873814
GRU,sorting_problem,large,10000,9890,0.0003,4,classification,0.88371,0.883702
GRU,sorting_problem,large,10000,9890,0.0003,5,classification,0.88391,0.88349
GRU,sorting_problem,large,10000,9890,0.0003,6,classification,0.88341,0.883766
GRU,sorting_problem,large,10000,9890,0.0003,7,classification,0.86649,0.866852
GRU,sorting_problem,large,10000,9890,0.0003,8,classification,0.8837200000000001,0.8851640000000001
GRU,sorting_problem,large,10000,9890,0.0003,9,classification,0.86964,0.871466
GRU,sorting_problem,large,10000,9890,0.0001,0,classification,0.88031,0.881702
GRU,sorting_problem,large,10000,9890,0.0001,1,classification,0.88403,0.8838
GRU,sorting_problem,large,10000,9890,0.0001,2,classification,0.88274,0.883868
GRU,sorting_problem,large,10000,9890,0.0001,3,classification,0.88488,0.885056
GRU,sorting_problem,large,10000,9890,0.0001,4,classification,0.88325,0.883562
GRU,sorting_problem,large,10000,9890,0.0001,5,classification,0.88384,0.883648
GRU,sorting_problem,large,10000,9890,0.0001,6,classification,0.88304,0.883734
GRU,sorting_problem,large,10000,9890,0.0001,7,classification,0.88423,0.883956
GRU,sorting_problem,large,10000,9890,0.0001,8,classification,0.88341,0.884742
GRU,sorting_problem,large,10000,9890,0.0001,9,classification,0.88318,0.884254
GRU,sorting_problem,large,100000,99980,0.01,0,classification,0.78616,0.7879700000000001
GRU,sorting_problem,large,100000,99980,0.01,1,classification,0.7429600000000001,0.741562
GRU,sorting_problem,large,100000,99980,0.01,2,classification,0.7745,0.77325
GRU,sorting_problem,large,100000,99980,0.01,3,classification,0.78647,0.784986
GRU,sorting_problem,large,100000,99980,0.01,4,classification,0.76909,0.77034
GRU,sorting_problem,large,100000,99980,0.01,5,classification,0.81084,0.810984
GRU,sorting_problem,large,100000,99980,0.01,6,classification,0.7124699999999999,0.7123619999999999
GRU,sorting_problem,large,100000,99980,0.01,7,classification,0.75983,0.760286
GRU,sorting_problem,large,100000,99980,0.01,8,classification,0.79405,0.795326
GRU,sorting_problem,large,100000,99980,0.01,9,classification,0.72064,0.721032
GRU,sorting_problem,large,100000,99980,0.003,0,classification,0.27735,0.27913200000000005
GRU,sorting_problem,large,100000,99980,0.003,1,classification,0.29344000000000003,0.29323999999999995
GRU,sorting_problem,large,100000,99980,0.003,2,classification,0.25961,0.259274
GRU,sorting_problem,large,100000,99980,0.003,3,classification,0.21413000000000004,0.213966
GRU,sorting_problem,large,100000,99980,0.003,4,classification,0.29056000000000004,0.291524
GRU,sorting_problem,large,100000,99980,0.003,5,classification,0.31601,0.316948
GRU,sorting_problem,large,100000,99980,0.003,6,classification,0.26317,0.26412800000000003
GRU,sorting_problem,large,100000,99980,0.003,7,classification,0.23968999999999996,0.23865999999999998
GRU,sorting_problem,large,100000,99980,0.003,8,classification,0.27362,0.27390400000000004
GRU,sorting_problem,large,100000,99980,0.003,9,classification,0.29274999999999995,0.2901
GRU,sorting_problem,large,100000,99980,0.001,0,classification,0.29094,0.291134
GRU,sorting_problem,large,100000,99980,0.001,1,classification,0.25934,0.26100199999999996
GRU,sorting_problem,large,100000,99980,0.001,2,classification,0.26614000000000004,0.26698
GRU,sorting_problem,large,100000,99980,0.001,3,classification,0.25209000000000004,0.25105599999999995
GRU,sorting_problem,large,100000,99980,0.001,4,classification,0.34279000000000004,0.34173
GRU,sorting_problem,large,100000,99980,0.001,5,classification,0.30671000000000004,0.30583000000000005
GRU,sorting_problem,large,100000,99980,0.001,6,classification,0.27144,0.27084600000000003
GRU,sorting_problem,large,100000,99980,0.001,7,classification,0.28286,0.28300400000000003
GRU,sorting_problem,large,100000,99980,0.001,8,classification,0.26839,0.26904399999999995
GRU,sorting_problem,large,100000,99980,0.001,9,classification,0.29523999999999995,0.294454
GRU,sorting_problem,large,100000,99980,0.0003,0,classification,0.44671000000000005,0.445678
GRU,sorting_problem,large,100000,99980,0.0003,1,classification,0.46804999999999997,0.4685
GRU,sorting_problem,large,100000,99980,0.0003,2,classification,0.43157,0.43200799999999995
GRU,sorting_problem,large,100000,99980,0.0003,3,classification,0.52563,0.524696
GRU,sorting_problem,large,100000,99980,0.0003,4,classification,0.49693,0.49644999999999995
GRU,sorting_problem,large,100000,99980,0.0003,5,classification,0.5529200000000001,0.550514
GRU,sorting_problem,large,100000,99980,0.0003,6,classification,0.88351,0.88392
GRU,sorting_problem,large,100000,99980,0.0003,7,classification,0.44953,0.44916999999999996
GRU,sorting_problem,large,100000,99980,0.0003,8,classification,0.49255000000000004,0.49137
GRU,sorting_problem,large,100000,99980,0.0003,9,classification,0.88324,0.88422
GRU,sorting_problem,large,100000,99980,0.0001,0,classification,0.88348,0.884176
GRU,sorting_problem,large,100000,99980,0.0001,1,classification,0.88384,0.884318
GRU,sorting_problem,large,100000,99980,0.0001,2,classification,0.88241,0.883798
GRU,sorting_problem,large,100000,99980,0.0001,3,classification,0.88457,0.884398
GRU,sorting_problem,large,100000,99980,0.0001,4,classification,0.88351,0.883704
GRU,sorting_problem,large,100000,99980,0.0001,5,classification,0.88427,0.8838239999999999
GRU,sorting_problem,large,100000,99980,0.0001,6,classification,0.88383,0.883854
GRU,sorting_problem,large,100000,99980,0.0001,7,classification,0.88409,0.8843300000000001
GRU,sorting_problem,large,100000,99980,0.0001,8,classification,0.88312,0.883812
GRU,sorting_problem,large,100000,99980,0.0001,9,classification,0.88382,0.884258
GRU,associative_recall,large,1000,944,0.01,0,classification,0.959,0.9691
GRU,associative_recall,large,1000,944,0.01,1,classification,0.963,0.9677
GRU,associative_recall,large,1000,944,0.01,2,classification,0.9575,0.9629
GRU,associative_recall,large,1000,944,0.01,3,classification,0.9625,0.9663
GRU,associative_recall,large,1000,944,0.01,4,classification,0.9625,0.9638
GRU,associative_recall,large,1000,944,0.01,5,classification,0.9525,0.9661
GRU,associative_recall,large,1000,944,0.01,6,classification,0.9625,0.9651
GRU,associative_recall,large,1000,944,0.01,7,classification,0.953,0.9605
GRU,associative_recall,large,1000,944,0.01,8,classification,0.9585,0.9719
GRU,associative_recall,large,1000,944,0.01,9,classification,0.957,0.9551
GRU,associative_recall,large,1000,944,0.003,0,classification,0.9615,0.9723
GRU,associative_recall,large,1000,944,0.003,1,classification,0.955,0.9683
GRU,associative_recall,large,1000,944,0.003,2,classification,0.956,0.9666
GRU,associative_recall,large,1000,944,0.003,3,classification,0.9625,0.9674
GRU,associative_recall,large,1000,944,0.003,4,classification,0.961,0.967
GRU,associative_recall,large,1000,944,0.003,5,classification,0.964,0.9648
GRU,associative_recall,large,1000,944,0.003,6,classification,0.9615,0.9636
GRU,associative_recall,large,1000,944,0.003,7,classification,0.967,0.9685
GRU,associative_recall,large,1000,944,0.003,8,classification,0.9595,0.9644
GRU,associative_recall,large,1000,944,0.003,9,classification,0.9585,0.9683
GRU,associative_recall,large,1000,944,0.001,0,classification,0.9635,0.9675
GRU,associative_recall,large,1000,944,0.001,1,classification,0.9565,0.9647
GRU,associative_recall,large,1000,944,0.001,2,classification,0.96,0.9671
GRU,associative_recall,large,1000,944,0.001,3,classification,0.9625,0.9623
GRU,associative_recall,large,1000,944,0.001,4,classification,0.9615,0.9675
GRU,associative_recall,large,1000,944,0.001,5,classification,0.9645,0.9657
GRU,associative_recall,large,1000,944,0.001,6,classification,0.9645,0.9659
GRU,associative_recall,large,1000,944,0.001,7,classification,0.9655,0.9681
GRU,associative_recall,large,1000,944,0.001,8,classification,0.958,0.967
GRU,associative_recall,large,1000,944,0.001,9,classification,0.9585,0.9674
GRU,associative_recall,large,1000,944,0.0003,0,classification,0.963,0.9678
GRU,associative_recall,large,1000,944,0.0003,1,classification,0.9495,0.9672
GRU,associative_recall,large,1000,944,0.0003,2,classification,0.9605,0.9665
GRU,associative_recall,large,1000,944,0.0003,3,classification,0.9645,0.9688
GRU,associative_recall,large,1000,944,0.0003,4,classification,0.9635,0.9645
GRU,associative_recall,large,1000,944,0.0003,5,classification,0.963,0.9667
GRU,associative_recall,large,1000,944,0.0003,6,classification,0.9615,0.9636
GRU,associative_recall,large,1000,944,0.0003,7,classification,0.961,0.9641
GRU,associative_recall,large,1000,944,0.0003,8,classification,0.961,0.9667
GRU,associative_recall,large,1000,944,0.0003,9,classification,0.961,0.9674
GRU,associative_recall,large,1000,944,0.0001,0,classification,0.964,0.9673
GRU,associative_recall,large,1000,944,0.0001,1,classification,0.952,0.9665
GRU,associative_recall,large,1000,944,0.0001,2,classification,0.957,0.9662
GRU,associative_recall,large,1000,944,0.0001,3,classification,0.963,0.965
GRU,associative_recall,large,1000,944,0.0001,4,classification,0.965,0.964
GRU,associative_recall,large,1000,944,0.0001,5,classification,0.9595,0.9684
GRU,associative_recall,large,1000,944,0.0001,6,classification,0.9615,0.9673
GRU,associative_recall,large,1000,944,0.0001,7,classification,0.96,0.9641
GRU,associative_recall,large,1000,944,0.0001,8,classification,0.963,0.966
GRU,associative_recall,large,1000,944,0.0001,9,classification,0.9645,0.9656
GRU,associative_recall,large,10000,9821,0.01,0,classification,0.9075,0.9165
GRU,associative_recall,large,10000,9821,0.01,1,classification,0.92,0.9253
GRU,associative_recall,large,10000,9821,0.01,2,classification,0.9285,0.9243
GRU,associative_recall,large,10000,9821,0.01,3,classification,0.912,0.9164
GRU,associative_recall,large,10000,9821,0.01,4,classification,0.906,0.9121
GRU,associative_recall,large,10000,9821,0.01,5,classification,0.873,0.8761
GRU,associative_recall,large,10000,9821,0.01,6,classification,0.935,0.9353
GRU,associative_recall,large,10000,9821,0.01,7,classification,0.9215,0.9383
GRU,associative_recall,large,10000,9821,0.01,8,classification,0.9525,0.9648
GRU,associative_recall,large,10000,9821,0.01,9,classification,0.874,0.8781
GRU,associative_recall,large,10000,9821,0.003,0,classification,0.962,0.9668
GRU,associative_recall,large,10000,9821,0.003,1,classification,0.9555,0.9662
GRU,associative_recall,large,10000,9821,0.003,2,classification,0.9615,0.9687
GRU,associative_recall,large,10000,9821,0.003,3,classification,0.9565,0.9669
GRU,associative_recall,large,10000,9821,0.003,4,classification,0.9605,0.9668
GRU,associative_recall,large,10000,9821,0.003,5,classification,0.958,0.9651
GRU,associative_recall,large,10000,9821,0.003,6,classification,0.9615,0.9664
GRU,associative_recall,large,10000,9821,0.003,7,classification,0.963,0.9667
GRU,associative_recall,large,10000,9821,0.003,8,classification,0.962,0.9685
GRU,associative_recall,large,10000,9821,0.003,9,classification,0.958,0.9711
GRU,associative_recall,large,10000,9821,0.001,0,classification,0.9605,0.9689
GRU,associative_recall,large,10000,9821,0.001,1,classification,0.9585,0.9669
GRU,associative_recall,large,10000,9821,0.001,2,classification,0.9575,0.9682
GRU,associative_recall,large,10000,9821,0.001,3,classification,0.964,0.9682
GRU,associative_recall,large,10000,9821,0.001,4,classification,0.9625,0.9661
GRU,associative_recall,large,10000,9821,0.001,5,classification,0.9605,0.9647
GRU,associative_recall,large,10000,9821,0.001,6,classification,0.963,0.9665
GRU,associative_recall,large,10000,9821,0.001,7,classification,0.9595,0.9678
GRU,associative_recall,large,10000,9821,0.001,8,classification,0.961,0.9714
GRU,associative_recall,large,10000,9821,0.001,9,classification,0.9645,0.971
GRU,associative_recall,large,10000,9821,0.0003,0,classification,0.9615,0.9687
GRU,associative_recall,large,10000,9821,0.0003,1,classification,0.962,0.9635
GRU,associative_recall,large,10000,9821,0.0003,2,classification,0.9585,0.9668
GRU,associative_recall,large,10000,9821,0.0003,3,classification,0.9635,0.9667
GRU,associative_recall,large,10000,9821,0.0003,4,classification,0.9625,0.9636
GRU,associative_recall,large,10000,9821,0.0003,5,classification,0.96,0.9652000000000001
GRU,associative_recall,large,10000,9821,0.0003,6,classification,0.959,0.9629
GRU,associative_recall,large,10000,9821,0.0003,7,classification,0.963,0.9653
GRU,associative_recall,large,10000,9821,0.0003,8,classification,0.961,0.9715
GRU,associative_recall,large,10000,9821,0.0003,9,classification,0.9595,0.9658
GRU,associative_recall,large,10000,9821,0.0001,0,classification,0.962,0.9673
GRU,associative_recall,large,10000,9821,0.0001,1,classification,0.962,0.9637
GRU,associative_recall,large,10000,9821,0.0001,2,classification,0.9575,0.97
GRU,associative_recall,large,10000,9821,0.0001,3,classification,0.967,0.9658
GRU,associative_recall,large,10000,9821,0.0001,4,classification,0.961,0.9694
GRU,associative_recall,large,10000,9821,0.0001,5,classification,0.958,0.9675
GRU,associative_recall,large,10000,9821,0.0001,6,classification,0.962,0.9688
GRU,associative_recall,large,10000,9821,0.0001,7,classification,0.962,0.9652000000000001
GRU,associative_recall,large,10000,9821,0.0001,8,classification,0.9595,0.967
GRU,associative_recall,large,10000,9821,0.0001,9,classification,0.9555,0.968
GRU,associative_recall,large,100000,99369,0.01,0,classification,0.903,0.9022
GRU,associative_recall,large,100000,99369,0.01,1,classification,0.882,0.8956999999999999
GRU,associative_recall,large,100000,99369,0.01,2,classification,0.878,0.8868
GRU,associative_recall,large,100000,99369,0.01,3,classification,0.868,0.8727
GRU,associative_recall,large,100000,99369,0.01,4,classification,0.8845,0.8952
GRU,associative_recall,large,100000,99369,0.01,5,classification,0.8835,0.8897
GRU,associative_recall,large,100000,99369,0.01,6,classification,0.895,0.8949
GRU,associative_recall,large,100000,99369,0.01,7,classification,0.8905,0.8978
GRU,associative_recall,large,100000,99369,0.01,8,classification,0.882,0.8926000000000001
GRU,associative_recall,large,100000,99369,0.01,9,classification,0.957,0.9607
GRU,associative_recall,large,100000,99369,0.003,0,classification,0.9555,0.9675
GRU,associative_recall,large,100000,99369,0.003,1,classification,0.956,0.9633
GRU,associative_recall,large,100000,99369,0.003,2,classification,0.955,0.9679
GRU,associative_recall,large,100000,99369,0.003,3,classification,0.961,0.9663
GRU,associative_recall,large,100000,99369,0.003,4,classification,0.958,0.968
GRU,associative_recall,large,100000,99369,0.003,5,classification,0.961,0.9659
GRU,associative_recall,large,100000,99369,0.003,6,classification,0.96,0.9667
GRU,associative_recall,large,100000,99369,0.003,7,classification,0.9595,0.9615
GRU,associative_recall,large,100000,99369,0.003,8,classification,0.9625,0.9658
GRU,associative_recall,large,100000,99369,0.003,9,classification,0.953,0.9687
GRU,associative_recall,large,100000,99369,0.001,0,classification,0.9615,0.9679
GRU,associative_recall,large,100000,99369,0.001,1,classification,0.9585,0.9664
GRU,associative_recall,large,100000,99369,0.001,2,classification,0.9545,0.9672
GRU,associative_recall,large,100000,99369,0.001,3,classification,0.964,0.969
GRU,associative_recall,large,100000,99369,0.001,4,classification,0.964,0.9652000000000001
GRU,associative_recall,large,100000,99369,0.001,5,classification,0.954,0.9637
GRU,associative_recall,large,100000,99369,0.001,6,classification,0.963,0.9653
GRU,associative_recall,large,100000,99369,0.001,7,classification,0.963,0.9647
GRU,associative_recall,large,100000,99369,0.001,8,classification,0.9595,0.9647
GRU,associative_recall,large,100000,99369,0.001,9,classification,0.9655,0.9673
GRU,associative_recall,large,100000,99369,0.0003,0,classification,0.956,0.9702
GRU,associative_recall,large,100000,99369,0.0003,1,classification,0.9575,0.9683
GRU,associative_recall,large,100000,99369,0.0003,2,classification,0.9545,0.968
GRU,associative_recall,large,100000,99369,0.0003,3,classification,0.9625,0.9661
GRU,associative_recall,large,100000,99369,0.0003,4,classification,0.9625,0.9669
GRU,associative_recall,large,100000,99369,0.0003,5,classification,0.9625,0.9675
GRU,associative_recall,large,100000,99369,0.0003,6,classification,0.966,0.9663
GRU,associative_recall,large,100000,99369,0.0003,7,classification,0.9615,0.9672
GRU,associative_recall,large,100000,99369,0.0003,8,classification,0.957,0.9661
GRU,associative_recall,large,100000,99369,0.0003,9,classification,0.963,0.9678
GRU,associative_recall,large,100000,99369,0.0001,0,classification,0.956,0.9717
GRU,associative_recall,large,100000,99369,0.0001,1,classification,0.9565,0.9645
GRU,associative_recall,large,100000,99369,0.0001,2,classification,0.96,0.9662
GRU,associative_recall,large,100000,99369,0.0001,3,classification,0.9615,0.9665
GRU,associative_recall,large,100000,99369,0.0001,4,classification,0.9605,0.9651
GRU,associative_recall,large,100000,99369,0.0001,5,classification,0.96,0.9675
GRU,associative_recall,large,100000,99369,0.0001,6,classification,0.962,0.9686
GRU,associative_recall,large,100000,99369,0.0001,7,classification,0.958,0.9656
GRU,associative_recall,large,100000,99369,0.0001,8,classification,0.9575,0.9667
GRU,associative_recall,large,100000,99369,0.0001,9,classification,0.963,0.9677
GRU,induction_heads,large,1000,900,0.01,0,classification,0.9172258064516129,0.917791129032258
GRU,induction_heads,large,1000,900,0.01,1,classification,0.904125,0.9050064516129033
GRU,induction_heads,large,1000,900,0.01,2,classification,0.9068790322580645,0.9062604838709678
GRU,induction_heads,large,1000,900,0.01,3,classification,0.9254879032258064,0.9261637096774193
GRU,induction_heads,large,1000,900,0.01,4,classification,0.9052096774193549,0.9050306451612903
GRU,induction_heads,large,1000,900,0.01,5,classification,0.9106854838709677,0.910625
GRU,induction_heads,large,1000,900,0.01,6,classification,0.9150403225806452,0.9160298387096775
GRU,induction_heads,large,1000,900,0.01,7,classification,0.9061290322580645,0.9059346774193549
GRU,induction_heads,large,1000,900,0.01,8,classification,0.9087903225806452,0.9095354838709677
GRU,induction_heads,large,1000,900,0.01,9,classification,0.9146653225806451,0.9152548387096774
GRU,induction_heads,large,1000,900,0.003,0,classification,0.9487096774193549,0.950158870967742
GRU,induction_heads,large,1000,900,0.003,1,classification,0.9490846774193549,0.9501459677419355
GRU,induction_heads,large,1000,900,0.003,2,classification,0.9491653225806451,0.9497483870967742
GRU,induction_heads,large,1000,900,0.003,3,classification,0.949883064516129,0.949875
GRU,induction_heads,large,1000,900,0.003,4,classification,0.9493467741935484,0.9499048387096775
GRU,induction_heads,large,1000,900,0.003,5,classification,0.9487137096774193,0.9501459677419355
GRU,induction_heads,large,1000,900,0.003,6,classification,0.9484274193548388,0.9501451612903226
GRU,induction_heads,large,1000,900,0.003,7,classification,0.9490282258064516,0.9503717741935483
GRU,induction_heads,large,1000,900,0.003,8,classification,0.9494435483870968,0.9498387096774193
GRU,induction_heads,large,1000,900,0.003,9,classification,0.9245120967741935,0.9246395161290323
GRU,induction_heads,large,1000,900,0.001,0,classification,0.9489879032258064,0.9502733870967742
GRU,induction_heads,large,1000,900,0.001,1,classification,0.9490161290322581,0.9497290322580645
GRU,induction_heads,large,1000,900,0.001,2,classification,0.948758064516129,0.9500822580645161
GRU,induction_heads,large,1000,900,0.001,3,classification,0.9495,0.9495354838709678
GRU,induction_heads,large,1000,900,0.001,4,classification,0.9494475806451613,0.9500177419354838
GRU,induction_heads,large,1000,900,0.001,5,classification,0.9487177419354839,0.9500629032258064
GRU,induction_heads,large,1000,900,0.001,6,classification,0.9489637096774194,0.9501919354838709
GRU,induction_heads,large,1000,900,0.001,7,classification,0.9490161290322581,0.9500435483870968
GRU,induction_heads,large,1000,900,0.001,8,classification,0.94925,0.9499233870967742
GRU,induction_heads,large,1000,900,0.001,9,classification,0.9488951612903226,0.9503104838709677
GRU,induction_heads,large,1000,900,0.0003,0,classification,0.9491693548387097,0.9500758064516129
GRU,induction_heads,large,1000,900,0.0003,1,classification,0.949108870967742,0.9499967741935484
GRU,induction_heads,large,1000,900,0.0003,2,classification,0.949491935483871,0.9501048387096774
GRU,induction_heads,large,1000,900,0.0003,3,classification,0.9497459677419355,0.9496225806451613
GRU,induction_heads,large,1000,900,0.0003,4,classification,0.9494193548387097,0.9499177419354838
GRU,induction_heads,large,1000,900,0.0003,5,classification,0.9488225806451613,0.9500112903225807
GRU,induction_heads,large,1000,900,0.0003,6,classification,0.9488709677419355,0.9497983870967742
GRU,induction_heads,large,1000,900,0.0003,7,classification,0.9490282258064516,0.9498209677419355
GRU,induction_heads,large,1000,900,0.0003,8,classification,0.9494838709677419,0.9499314516129033
GRU,induction_heads,large,1000,900,0.0003,9,classification,0.9493629032258064,0.9498806451612903
GRU,induction_heads,large,1000,900,0.0001,0,classification,0.9498951612903226,0.9500951612903226
GRU,induction_heads,large,1000,900,0.0001,1,classification,0.9491008064516129,0.9498709677419355
GRU,induction_heads,large,1000,900,0.0001,2,classification,0.9497540322580645,0.950183064516129
GRU,induction_heads,large,1000,900,0.0001,3,classification,0.9495806451612904,0.9500540322580645
GRU,induction_heads,large,1000,900,0.0001,4,classification,0.9492862903225806,0.9499580645161291
GRU,induction_heads,large,1000,900,0.0001,5,classification,0.9490967741935484,0.9498572580645162
GRU,induction_heads,large,1000,900,0.0001,6,classification,0.9493225806451613,0.9498016129032258
GRU,induction_heads,large,1000,900,0.0001,7,classification,0.9490685483870968,0.9500653225806451
GRU,induction_heads,large,1000,900,0.0001,8,classification,0.9496814516129032,0.950091129032258
GRU,induction_heads,large,1000,900,0.0001,9,classification,0.949266129032258,0.9500588709677419
GRU,induction_heads,large,10000,9965,0.01,0,classification,0.7535040322580645,0.7545338709677419
GRU,induction_heads,large,10000,9965,0.01,1,classification,0.7589112903225806,0.7594290322580646
GRU,induction_heads,large,10000,9965,0.01,2,classification,0.7566814516129032,0.7559653225806452
GRU,induction_heads,large,10000,9965,0.01,3,classification,0.7599717741935483,0.7608290322580645
GRU,induction_heads,large,10000,9965,0.01,4,classification,0.746391129032258,0.7455959677419355
GRU,induction_heads,large,10000,9965,0.01,5,classification,0.7630040322580645,0.7628572580645161
GRU,induction_heads,large,10000,9965,0.01,6,classification,0.7610564516129033,0.7609153225806451
GRU,induction_heads,large,10000,9965,0.01,7,classification,0.7659677419354839,0.7658282258064516
GRU,induction_heads,large,10000,9965,0.01,8,classification,0.75225,0.751233870967742
GRU,induction_heads,large,10000,9965,0.01,9,classification,0.7571451612903226,0.7576572580645161
GRU,induction_heads,large,10000,9965,0.003,0,classification,0.9492298387096774,0.9504330645161291
GRU,induction_heads,large,10000,9965,0.003,1,classification,0.9495725806451613,0.949883870967742
GRU,induction_heads,large,10000,9965,0.003,2,classification,0.9495766129032258,0.9497629032258065
GRU,induction_heads,large,10000,9965,0.003,3,classification,0.8960524193548387,0.8965354838709677
GRU,induction_heads,large,10000,9965,0.003,4,classification,0.9494637096774193,0.9499774193548387
GRU,induction_heads,large,10000,9965,0.003,5,classification,0.9492379032258065,0.9496669354838709
GRU,induction_heads,large,10000,9965,0.003,6,classification,0.8875846774193549,0.8881088709677419
GRU,induction_heads,large,10000,9965,0.003,7,classification,0.9495201612903226,0.9500387096774193
GRU,induction_heads,large,10000,9965,0.003,8,classification,0.8946814516129032,0.8949983870967742
GRU,induction_heads,large,10000,9965,0.003,9,classification,0.9491612903225807,0.950033064516129
GRU,induction_heads,large,10000,9965,0.001,0,classification,0.9491532258064516,0.9498814516129033
GRU,induction_heads,large,10000,9965,0.001,1,classification,0.9489233870967742,0.9499556451612903
GRU,induction_heads,large,10000,9965,0.001,2,classification,0.9497137096774193,0.9498741935483871
GRU,induction_heads,large,10000,9965,0.001,3,classification,0.9497903225806452,0.9497112903225806
GRU,induction_heads,large,10000,9965,0.001,4,classification,0.9497701612903225,0.9500919354838709
GRU,induction_heads,large,10000,9965,0.001,5,classification,0.9497258064516129,0.9498145161290322
GRU,induction_heads,large,10000,9965,0.001,6,classification,0.949366935483871,0.9501032258064516
GRU,induction_heads,large,10000,9965,0.001,7,classification,0.9497540322580645,0.9498846774193548
GRU,induction_heads,large,10000,9965,0.001,8,classification,0.9496733870967742,0.9501540322580645
GRU,induction_heads,large,10000,9965,0.001,9,classification,0.9490766129032258,0.9497612903225806
GRU,induction_heads,large,10000,9965,0.0003,0,classification,0.9494395161290322,0.949733064516129
GRU,induction_heads,large,10000,9965,0.0003,1,classification,0.949366935483871,0.9502201612903226
GRU,induction_heads,large,10000,9965,0.0003,2,classification,0.9499233870967742,0.9497137096774193
GRU,induction_heads,large,10000,9965,0.0003,3,classification,0.9494959677419355,0.9498137096774194
GRU,induction_heads,large,10000,9965,0.0003,4,classification,0.9493709677419355,0.9500596774193548
GRU,induction_heads,large,10000,9965,0.0003,5,classification,0.9491572580645161,0.9500927419354839
GRU,induction_heads,large,10000,9965,0.0003,6,classification,0.949350806451613,0.9501443548387096
GRU,induction_heads,large,10000,9965,0.0003,7,classification,0.9497298387096774,0.9501653225806451
GRU,induction_heads,large,10000,9965,0.0003,8,classification,0.9495282258064516,0.9500145161290323
GRU,induction_heads,large,10000,9965,0.0003,9,classification,0.9492943548387097,0.9498040322580645
GRU,induction_heads,large,10000,9965,0.0001,0,classification,0.9496491935483871,0.9499088709677419
GRU,induction_heads,large,10000,9965,0.0001,1,classification,0.9496129032258065,0.9501967741935484
GRU,induction_heads,large,10000,9965,0.0001,2,classification,0.9494354838709678,0.9501427419354839
GRU,induction_heads,large,10000,9965,0.0001,3,classification,0.9497822580645161,0.9499725806451613
GRU,induction_heads,large,10000,9965,0.0001,4,classification,0.949350806451613,0.9502395161290322
GRU,induction_heads,large,10000,9965,0.0001,5,classification,0.9488145161290322,0.949925
GRU,induction_heads,large,10000,9965,0.0001,6,classification,0.9496088709677419,0.950033870967742
GRU,induction_heads,large,10000,9965,0.0001,7,classification,0.9495766129032258,0.9502024193548387
GRU,induction_heads,large,10000,9965,0.0001,8,classification,0.9496733870967742,0.950325
GRU,induction_heads,large,10000,9965,0.0001,9,classification,0.9499798387096774,0.9499604838709678
GRU,induction_heads,large,100000,99140,0.01,0,classification,0.6007943548387097,0.6020790322580645
GRU,induction_heads,large,100000,99140,0.01,1,classification,0.596,0.5958467741935484
GRU,induction_heads,large,100000,99140,0.01,2,classification,0.584625,0.5841225806451613
GRU,induction_heads,large,100000,99140,0.01,3,classification,0.6013790322580645,0.6027008064516128
GRU,induction_heads,large,100000,99140,0.01,4,classification,0.573733870967742,0.5758201612903227
GRU,induction_heads,large,100000,99140,0.01,5,classification,0.6286572580645161,0.628616935483871
GRU,induction_heads,large,100000,99140,0.01,6,classification,0.608375,0.6097185483870968
GRU,induction_heads,large,100000,99140,0.01,7,classification,0.5969758064516129,0.5979290322580646
GRU,induction_heads,large,100000,99140,0.01,8,classification,0.5845564516129031,0.5847725806451614
GRU,induction_heads,large,100000,99140,0.01,9,classification,0.5810927419354839,0.5825814516129032
GRU,induction_heads,large,100000,99140,0.003,0,classification,0.5285604838709678,0.5282346774193548
GRU,induction_heads,large,100000,99140,0.003,1,classification,0.5460241935483872,0.5455395161290322
GRU,induction_heads,large,100000,99140,0.003,2,classification,0.5167338709677419,0.5167870967741935
GRU,induction_heads,large,100000,99140,0.003,3,classification,0.5257661290322581,0.5247338709677419
GRU,induction_heads,large,100000,99140,0.003,4,classification,0.5244193548387097,0.5236862903225806
GRU,induction_heads,large,100000,99140,0.003,5,classification,0.5485604838709677,0.5495274193548387
GRU,induction_heads,large,100000,99140,0.003,6,classification,0.5241612903225806,0.5241983870967741
GRU,induction_heads,large,100000,99140,0.003,7,classification,0.5231693548387097,0.5233225806451614
GRU,induction_heads,large,100000,99140,0.003,8,classification,0.5150443548387097,0.5156483870967742
GRU,induction_heads,large,100000,99140,0.003,9,classification,0.5076612903225807,0.5084653225806451
GRU,induction_heads,large,100000,99140,0.001,0,classification,0.9490403225806452,0.9502620967741936
GRU,induction_heads,large,100000,99140,0.001,1,classification,0.9488225806451613,0.9502024193548387
GRU,induction_heads,large,100000,99140,0.001,2,classification,0.9497782258064517,0.9498322580645161
GRU,induction_heads,large,100000,99140,0.001,3,classification,0.9493629032258064,0.9496903225806451
GRU,induction_heads,large,100000,99140,0.001,4,classification,0.9496451612903226,0.9499072580645161
GRU,induction_heads,large,100000,99140,0.001,5,classification,0.9490362903225806,0.9498669354838709
GRU,induction_heads,large,100000,99140,0.001,6,classification,0.9494274193548387,0.9498717741935484
GRU,induction_heads,large,100000,99140,0.001,7,classification,0.949366935483871,0.9498927419354839
GRU,induction_heads,large,100000,99140,0.001,8,classification,0.9492540322580645,0.9497854838709677
GRU,induction_heads,large,100000,99140,0.001,9,classification,0.9488709677419355,0.9501459677419355
GRU,induction_heads,large,100000,99140,0.0003,0,classification,0.9492903225806452,0.9501927419354839
GRU,induction_heads,large,100000,99140,0.0003,1,classification,0.9487056451612903,0.9499991935483871
GRU,induction_heads,large,100000,99140,0.0003,2,classification,0.950274193548387,0.9502153225806451
GRU,induction_heads,large,100000,99140,0.0003,3,classification,0.9497943548387097,0.9498943548387097
GRU,induction_heads,large,100000,99140,0.0003,4,classification,0.9495403225806451,0.9499072580645161
GRU,induction_heads,large,100000,99140,0.0003,5,classification,0.948733870967742,0.9497846774193548
GRU,induction_heads,large,100000,99140,0.0003,6,classification,0.94975,0.9500201612903226
GRU,induction_heads,large,100000,99140,0.0003,7,classification,0.9495282258064516,0.949983870967742
GRU,induction_heads,large,100000,99140,0.0003,8,classification,0.9498588709677419,0.9500685483870968
GRU,induction_heads,large,100000,99140,0.0003,9,classification,0.949516129032258,0.9497524193548387
GRU,induction_heads,large,100000,99140,0.0001,0,classification,0.9493427419354838,0.9496903225806451
GRU,induction_heads,large,100000,99140,0.0001,1,classification,0.9490564516129032,0.950258870967742
GRU,induction_heads,large,100000,99140,0.0001,2,classification,0.9501370967741936,0.9500048387096774
GRU,induction_heads,large,100000,99140,0.0001,3,classification,0.9496653225806452,0.9496879032258064
GRU,induction_heads,large,100000,99140,0.0001,4,classification,0.9493467741935484,0.9499612903225807
GRU,induction_heads,large,100000,99140,0.0001,5,classification,0.9489112903225807,0.9499024193548387
GRU,induction_heads,large,100000,99140,0.0001,6,classification,0.9493346774193548,0.9498483870967742
GRU,induction_heads,large,100000,99140,0.0001,7,classification,0.9497056451612903,0.9500443548387096
GRU,induction_heads,large,100000,99140,0.0001,8,classification,0.9493991935483871,0.9498322580645161
GRU,induction_heads,large,100000,99140,0.0001,9,classification,0.9494637096774193,0.949699193548387
GRU,bracket_matching,large,1000,932,0.01,0,classification,0.008499999999999952,0.0131
GRU,bracket_matching,large,1000,932,0.01,1,classification,0.016000000000000014,0.018399999999999972
GRU,bracket_matching,large,1000,932,0.01,2,classification,0.019000000000000017,0.024599999999999955
GRU,bracket_matching,large,1000,932,0.01,3,classification,0.04949999999999999,0.055400000000000005
GRU,bracket_matching,large,1000,932,0.01,4,classification,0.02749999999999997,0.02300000000000002
GRU,bracket_matching,large,1000,932,0.01,5,classification,0.012499999999999956,0.012599999999999945
GRU,bracket_matching,large,1000,932,0.01,6,classification,0.015499999999999958,0.015700000000000047
GRU,bracket_matching,large,1000,932,0.01,7,classification,0.015000000000000013,0.01429999999999998
GRU,bracket_matching,large,1000,932,0.01,8,classification,0.015499999999999958,0.016800000000000037
GRU,bracket_matching,large,1000,932,0.01,9,classification,0.007499999999999951,0.010000000000000009
GRU,bracket_matching,large,1000,932,0.003,0,classification,0.008499999999999952,0.013800000000000034
GRU,bracket_matching,large,1000,932,0.003,1,classification,0.014000000000000012,0.010700000000000043
GRU,bracket_matching,large,1000,932,0.003,2,classification,0.008499999999999952,0.011099999999999999
GRU,bracket_matching,large,1000,932,0.003,3,classification,0.008000000000000007,0.008000000000000007
GRU,bracket_matching,large,1000,932,0.003,4,classification,0.022499999999999964,0.01739999999999997
GRU,bracket_matching,large,1000,932,0.003,5,classification,0.010000000000000009,0.014700000000000046
GRU,bracket_matching,large,1000,932,0.003,6,classification,0.016000000000000014,0.013299999999999979
GRU,bracket_matching,large,1000,932,0.003,7,classification,0.013499999999999956,0.018100000000000005
GRU,bracket_matching,large,1000,932,0.003,8,classification,0.015000000000000013,0.016900000000000026
GRU,bracket_matching,large,1000,932,0.003,9,classification,0.009000000000000008,0.016100000000000003
GRU,bracket_matching,large,1000,932,0.001,0,classification,0.006000000000000005,0.008600000000000052
GRU,bracket_matching,large,1000,932,0.001,1,classification,0.015499999999999958,0.013900000000000023
GRU,bracket_matching,large,1000,932,0.001,2,classification,0.013000000000000012,0.015499999999999958
GRU,bracket_matching,large,1000,932,0.001,3,classification,0.007000000000000006,0.008700000000000041
GRU,bracket_matching,large,1000,932,0.001,4,classification,0.011499999999999955,0.009700000000000042
GRU,bracket_matching,large,1000,932,0.001,5,classification,0.007499999999999951,0.009399999999999964
GRU,bracket_matching,large,1000,932,0.001,6,classification,0.014000000000000012,0.012299999999999978
GRU,bracket_matching,large,1000,932,0.001,7,classification,0.016000000000000014,0.016100000000000003
GRU,bracket_matching,large,1000,932,0.001,8,classification,0.011499999999999955,0.0131
GRU,bracket_matching,large,1000,932,0.001,9,classification,0.014000000000000012,0.014900000000000024
GRU,bracket_matching,large,1000,932,0.0003,0,classification,0.2015,0.20189999999999997
GRU,bracket_matching,large,1000,932,0.0003,1,classification,0.19899999999999995,0.20430000000000004
GRU,bracket_matching,large,1000,932,0.0003,2,classification,0.01200000000000001,0.013000000000000012
GRU,bracket_matching,large,1000,932,0.0003,3,classification,0.1785,0.19879999999999998
GRU,bracket_matching,large,1000,932,0.0003,4,classification,0.20099999999999996,0.20009999999999994
GRU,bracket_matching,large,1000,932,0.0003,5,classification,0.012499999999999956,0.014599999999999946
GRU,bracket_matching,large,1000,932,0.0003,6,classification,0.20599999999999996,0.2025
GRU,bracket_matching,large,1000,932,0.0003,7,classification,0.20350000000000001,0.2107
GRU,bracket_matching,large,1000,932,0.0003,8,classification,0.21350000000000002,0.19979999999999998
GRU,bracket_matching,large,1000,932,0.0003,9,classification,0.05700000000000005,0.059799999999999964
GRU,bracket_matching,large,1000,932,0.0001,0,classification,0.2025,0.2015
GRU,bracket_matching,large,1000,932,0.0001,1,classification,0.1995,0.20520000000000005
GRU,bracket_matching,large,1000,932,0.0001,2,classification,0.19299999999999995,0.20520000000000005
GRU,bracket_matching,large,1000,932,0.0001,3,classification,0.1815,0.19999999999999996
GRU,bracket_matching,large,1000,932,0.0001,4,classification,0.20599999999999996,0.20430000000000004
GRU,bracket_matching,large,1000,932,0.0001,5,classification,0.1945,0.20289999999999997
GRU,bracket_matching,large,1000,932,0.0001,6,classification,0.20850000000000002,0.20189999999999997
GRU,bracket_matching,large,1000,932,0.0001,7,classification,0.20399999999999996,0.20930000000000004
GRU,bracket_matching,large,1000,932,0.0001,8,classification,0.21250000000000002,0.19879999999999998
GRU,bracket_matching,large,1000,932,0.0001,9,classification,0.19499999999999995,0.20350000000000001
GRU,bracket_matching,large,10000,9668,0.01,0,classification,0.03049999999999997,0.031000000000000028
GRU,bracket_matching,large,10000,9668,0.01,1,classification,0.023499999999999965,0.029200000000000004
GRU,bracket_matching,large,10000,9668,0.01,2,classification,0.018000000000000016,0.025399999999999978
GRU,bracket_matching,large,10000,9668,0.01,3,classification,0.03149999999999997,0.038799999999999946
GRU,bracket_matching,large,10000,9668,0.01,4,classification,0.030000000000000027,0.02729999999999999
GRU,bracket_matching,large,10000,9668,0.01,5,classification,0.019499999999999962,0.017800000000000038
GRU,bracket_matching,large,10000,9668,0.01,6,classification,0.03500000000000003,0.03990000000000005
GRU,bracket_matching,large,10000,9668,0.01,7,classification,0.049000000000000044,0.052100000000000035
GRU,bracket_matching,large,10000,9668,0.01,8,classification,0.019000000000000017,0.018000000000000016
GRU,bracket_matching,large,10000,9668,0.01,9,classification,0.04049999999999998,0.04510000000000003
GRU,bracket_matching,large,10000,9668,0.003,0,classification,0.007000000000000006,0.008099999999999996
GRU,bracket_matching,large,10000,9668,0.003,1,classification,0.015000000000000013,0.017000000000000015
GRU,bracket_matching,large,10000,9668,0.003,2,classification,0.009499999999999953,0.011199999999999988
GRU,bracket_matching,large,10000,9668,0.003,3,classification,0.014000000000000012,0.017299999999999982
GRU,bracket_matching,large,10000,9668,0.003,4,classification,0.01649999999999996,0.013499999999999956
GRU,bracket_matching,large,10000,9668,0.003,5,classification,0.01200000000000001,0.016199999999999992
GRU,bracket_matching,large,10000,9668,0.003,6,classification,0.014499999999999957,0.015199999999999991
GRU,bracket_matching,large,10000,9668,0.003,7,classification,0.014499999999999957,0.013000000000000012
GRU,bracket_matching,large,10000,9668,0.003,8,classification,0.016000000000000014,0.014700000000000046
GRU,bracket_matching,large,10000,9668,0.003,9,classification,0.009499999999999953,0.011800000000000033
GRU,bracket_matching,large,10000,9668,0.001,0,classification,0.008000000000000007,0.010700000000000043
GRU,bracket_matching,large,10000,9668,0.001,1,classification,0.014000000000000012,0.014700000000000046
GRU,bracket_matching,large,10000,9668,0.001,2,classification,0.011499999999999955,0.015499999999999958
GRU,bracket_matching,large,10000,9668,0.001,3,classification,0.02200000000000002,0.02980000000000005
GRU,bracket_matching,large,10000,9668,0.001,4,classification,0.02300000000000002,0.018199999999999994
GRU,bracket_matching,large,10000,9668,0.001,5,classification,0.01200000000000001,0.015900000000000025
GRU,bracket_matching,large,10000,9668,0.001,6,classification,0.014499999999999957,0.014599999999999946
GRU,bracket_matching,large,10000,9668,0.001,7,classification,0.014000000000000012,0.016800000000000037
GRU,bracket_matching,large,10000,9668,0.001,8,classification,0.014499999999999957,0.014700000000000046
GRU,bracket_matching,large,10000,9668,0.001,9,classification,0.009499999999999953,0.0121
GRU,bracket_matching,large,10000,9668,0.0003,0,classification,0.009499999999999953,0.01429999999999998
GRU,bracket_matching,large,10000,9668,0.0003,1,classification,0.017000000000000015,0.02059999999999995
GRU,bracket_matching,large,10000,9668,0.0003,2,classification,0.008000000000000007,0.012499999999999956
GRU,bracket_matching,large,10000,9668,0.0003,3,classification,0.18600000000000005,0.1986
GRU,bracket_matching,large,10000,9668,0.0003,4,classification,0.019499999999999962,0.015900000000000025
GRU,bracket_matching,large,10000,9668,0.0003,5,classification,0.009000000000000008,0.011700000000000044
GRU,bracket_matching,large,10000,9668,0.0003,6,classification,0.20599999999999996,0.20240000000000002
GRU,bracket_matching,large,10000,9668,0.0003,7,classification,0.013000000000000012,0.016100000000000003
GRU,bracket_matching,large,10000,9668,0.0003,8,classification,0.016000000000000014,0.018299999999999983
GRU,bracket_matching,large,10000,9668,0.0003,9,classification,0.011499999999999955,0.012700000000000045
GRU,bracket_matching,large,10000,9668,0.0001,0,classification,0.19899999999999995,0.20220000000000005
GRU,bracket_matching,large,10000,9668,0.0001,1,classification,0.2005,0.20709999999999995
GRU,bracket_matching,large,10000,9668,0.0001,2,classification,0.19199999999999995,0.20509999999999995
GRU,bracket_matching,large,10000,9668,0.0001,3,classification,0.18200000000000005,0.19930000000000003
GRU,bracket_matching,large,10000,9668,0.0001,4,classification,0.20699999999999996,0.20679999999999998
GRU,bracket_matching,large,10000,9668,0.0001,5,classification,0.007000000000000006,0.007900000000000018
GRU,bracket_matching,large,10000,9668,0.0001,6,classification,0.20799999999999996,0.20040000000000002
GRU,bracket_matching,large,10000,9668,0.0001,7,classification,0.2015,0.20740000000000003
GRU,bracket_matching,large,10000,9668,0.0001,8,classification,0.21199999999999997,0.19789999999999996
GRU,bracket_matching,large,10000,9668,0.0001,9,classification,0.19599999999999995,0.20499999999999996
GRU,bracket_matching,large,100000,99168,0.01,0,classification,0.14300000000000002,0.15200000000000002
GRU,bracket_matching,large,100000,99168,0.01,1,classification,0.08299999999999996,0.08550000000000002
GRU,bracket_matching,large,100000,99168,0.01,2,classification,0.15100000000000002,0.15349999999999997
GRU,bracket_matching,large,100000,99168,0.01,3,classification,0.05249999999999999,0.06389999999999996
GRU,bracket_matching,large,100000,99168,0.01,4,classification,0.1885,0.18669999999999998
GRU,bracket_matching,large,100000,99168,0.01,5,classification,0.08650000000000002,0.08999999999999997
GRU,bracket_matching,large,100000,99168,0.01,6,classification,0.49,0.5099
GRU,bracket_matching,large,100000,99168,0.01,7,classification,0.06799999999999995,0.06589999999999996
GRU,bracket_matching,large,100000,99168,0.01,8,classification,0.5055000000000001,0.5084
GRU,bracket_matching,large,100000,99168,0.01,9,classification,0.12150000000000005,0.1269
GRU,bracket_matching,large,100000,99168,0.003,0,classification,0.026000000000000023,0.03159999999999996
GRU,bracket_matching,large,100000,99168,0.003,1,classification,0.01100000000000001,0.010099999999999998
GRU,bracket_matching,large,100000,99168,0.003,2,classification,0.015000000000000013,0.01859999999999995
GRU,bracket_matching,large,100000,99168,0.003,3,classification,0.03200000000000003,0.042100000000000026
GRU,bracket_matching,large,100000,99168,0.003,4,classification,0.03249999999999997,0.033399999999999985
GRU,bracket_matching,large,100000,99168,0.003,5,classification,0.027000000000000024,0.03169999999999995
GRU,bracket_matching,large,100000,99168,0.003,6,classification,0.01649999999999996,0.015599999999999947
GRU,bracket_matching,large,100000,99168,0.003,7,classification,0.019000000000000017,0.024399999999999977
GRU,bracket_matching,large,100000,99168,0.003,8,classification,0.012499999999999956,0.01090000000000002
GRU,bracket_matching,large,100000,99168,0.003,9,classification,0.013000000000000012,0.014000000000000012
GRU,bracket_matching,large,100000,99168,0.001,0,classification,0.013499999999999956,0.016900000000000026
GRU,bracket_matching,large,100000,99168,0.001,1,classification,0.014000000000000012,0.015700000000000047
GRU,bracket_matching,large,100000,99168,0.001,2,classification,0.012499999999999956,0.01880000000000004
GRU,bracket_matching,large,100000,99168,0.001,3,classification,0.015000000000000013,0.01959999999999995
GRU,bracket_matching,large,100000,99168,0.001,4,classification,0.05249999999999999,0.059599999999999986
GRU,bracket_matching,large,100000,99168,0.001,5,classification,0.010499999999999954,0.01539999999999997
GRU,bracket_matching,large,100000,99168,0.001,6,classification,0.018000000000000016,0.016700000000000048
GRU,bracket_matching,large,100000,99168,0.001,7,classification,0.01849999999999996,0.022399999999999975
GRU,bracket_matching,large,100000,99168,0.001,8,classification,0.020000000000000018,0.01629999999999998
GRU,bracket_matching,large,100000,99168,0.001,9,classification,0.01200000000000001,0.015800000000000036
GRU,bracket_matching,large,100000,99168,0.0003,0,classification,0.01649999999999996,0.018100000000000005
GRU,bracket_matching,large,100000,99168,0.0003,1,classification,0.01649999999999996,0.020499999999999963
GRU,bracket_matching,large,100000,99168,0.0003,2,classification,0.01100000000000001,0.013900000000000023
GRU,bracket_matching,large,100000,99168,0.0003,3,classification,0.01849999999999996,0.022299999999999986
GRU,bracket_matching,large,100000,99168,0.0003,4,classification,0.020000000000000018,0.015499999999999958
GRU,bracket_matching,large,100000,99168,0.0003,5,classification,0.012499999999999956,0.018199999999999994
GRU,bracket_matching,large,100000,99168,0.0003,6,classification,0.016000000000000014,0.017000000000000015
GRU,bracket_matching,large,100000,99168,0.0003,7,classification,0.02300000000000002,0.02510000000000001
GRU,bracket_matching,large,100000,99168,0.0003,8,classification,0.019000000000000017,0.016700000000000048
GRU,bracket_matching,large,100000,99168,0.0003,9,classification,0.010499999999999954,0.012399999999999967
GRU,bracket_matching,large,100000,99168,0.0001,0,classification,0.20399999999999996,0.2006
GRU,bracket_matching,large,100000,99168,0.0001,1,classification,0.1975,0.20220000000000005
GRU,bracket_matching,large,100000,99168,0.0001,2,classification,0.019000000000000017,0.025599999999999956
GRU,bracket_matching,large,100000,99168,0.0001,3,classification,0.1855,0.20330000000000004
GRU,bracket_matching,large,100000,99168,0.0001,4,classification,0.20399999999999996,0.20540000000000003
GRU,bracket_matching,large,100000,99168,0.0001,5,classification,0.01100000000000001,0.011700000000000044
GRU,bracket_matching,large,100000,99168,0.0001,6,classification,0.20499999999999996,0.20109999999999995
GRU,bracket_matching,large,100000,99168,0.0001,7,classification,0.01649999999999996,0.018000000000000016
GRU,bracket_matching,large,100000,99168,0.0001,8,classification,0.020000000000000018,0.021499999999999964
GRU,bracket_matching,large,100000,99168,0.0001,9,classification,0.013499999999999956,0.016100000000000003
LSTM,simple_copy,large,1000,1000,0.01,0,classification,0.9491766666666667,0.9500173333333334
LSTM,simple_copy,large,1000,1000,0.01,1,classification,0.94981,0.950162
LSTM,simple_copy,large,1000,1000,0.01,2,classification,0.94946,0.9499613333333333
LSTM,simple_copy,large,1000,1000,0.01,3,classification,0.9492933333333333,0.9500893333333333
LSTM,simple_copy,large,1000,1000,0.01,4,classification,0.94935,0.9498800000000001
LSTM,simple_copy,large,1000,1000,0.01,5,classification,0.9494166666666667,0.9500153333333333
LSTM,simple_copy,large,1000,1000,0.01,6,classification,0.9490733333333333,0.9498126666666666
LSTM,simple_copy,large,1000,1000,0.01,7,classification,0.9493533333333334,0.9498473333333334
LSTM,simple_copy,large,1000,1000,0.01,8,classification,0.9490033333333333,0.9500753333333334
LSTM,simple_copy,large,1000,1000,0.01,9,classification,0.9495966666666666,0.949804
LSTM,simple_copy,large,1000,1000,0.003,0,classification,0.9490533333333333,0.9499566666666667
LSTM,simple_copy,large,1000,1000,0.003,1,classification,0.9495666666666667,0.9502433333333333
LSTM,simple_copy,large,1000,1000,0.003,2,classification,0.94947,0.9498726666666667
LSTM,simple_copy,large,1000,1000,0.003,3,classification,0.9492933333333333,0.9500893333333333
LSTM,simple_copy,large,1000,1000,0.003,4,classification,0.9493733333333333,0.9499306666666667
LSTM,simple_copy,large,1000,1000,0.003,5,classification,0.9496166666666667,0.950006
LSTM,simple_copy,large,1000,1000,0.003,6,classification,0.9491333333333334,0.9501293333333334
LSTM,simple_copy,large,1000,1000,0.003,7,classification,0.94956,0.950094
LSTM,simple_copy,large,1000,1000,0.003,8,classification,0.9490366666666666,0.9500826666666666
LSTM,simple_copy,large,1000,1000,0.003,9,classification,0.9495966666666666,0.949804
LSTM,simple_copy,large,1000,1000,0.001,0,classification,0.9495933333333333,0.95019
LSTM,simple_copy,large,1000,1000,0.001,1,classification,0.9498033333333333,0.950126
LSTM,simple_copy,large,1000,1000,0.001,2,classification,0.9494233333333333,0.9498113333333333
LSTM,simple_copy,large,1000,1000,0.001,3,classification,0.94923,0.949904
LSTM,simple_copy,large,1000,1000,0.001,4,classification,0.94937,0.949996
LSTM,simple_copy,large,1000,1000,0.001,5,classification,0.9494866666666667,0.9502826666666666
LSTM,simple_copy,large,1000,1000,0.001,6,classification,0.9491333333333334,0.9501293333333334
LSTM,simple_copy,large,1000,1000,0.001,7,classification,0.9494166666666667,0.9499066666666667
LSTM,simple_copy,large,1000,1000,0.001,8,classification,0.94894,0.950094
LSTM,simple_copy,large,1000,1000,0.001,9,classification,0.9495933333333333,0.9502806666666667
LSTM,simple_copy,large,1000,1000,0.0003,0,classification,0.9496166666666667,0.9500886666666667
LSTM,simple_copy,large,1000,1000,0.0003,1,classification,0.94977,0.949788
LSTM,simple_copy,large,1000,1000,0.0003,2,classification,0.94947,0.9498726666666667
LSTM,simple_copy,large,1000,1000,0.0003,3,classification,0.94924,0.9499513333333334
LSTM,simple_copy,large,1000,1000,0.0003,4,classification,0.94937,0.949996
LSTM,simple_copy,large,1000,1000,0.0003,5,classification,0.9494166666666667,0.9500153333333333
LSTM,simple_copy,large,1000,1000,0.0003,6,classification,0.9493433333333333,0.9502986666666666
LSTM,simple_copy,large,1000,1000,0.0003,7,classification,0.9496433333333333,0.9499346666666667
LSTM,simple_copy,large,1000,1000,0.0003,8,classification,0.9489733333333333,0.9500686666666667
LSTM,simple_copy,large,1000,1000,0.0003,9,classification,0.9495833333333333,0.94977
LSTM,simple_copy,large,1000,1000,0.0001,0,classification,0.9496866666666667,0.9500866666666666
LSTM,simple_copy,large,1000,1000,0.0001,1,classification,0.9496866666666667,0.9498113333333333
LSTM,simple_copy,large,1000,1000,0.0001,2,classification,0.9495966666666666,0.9500446666666666
LSTM,simple_copy,large,1000,1000,0.0001,3,classification,0.9492566666666666,0.9498666666666666
LSTM,simple_copy,large,1000,1000,0.0001,4,classification,0.9496566666666667,0.9498806666666667
LSTM,simple_copy,large,1000,1000,0.0001,5,classification,0.9493433333333333,0.949962
LSTM,simple_copy,large,1000,1000,0.0001,6,classification,0.9490733333333333,0.9498126666666666
LSTM,simple_copy,large,1000,1000,0.0001,7,classification,0.9499933333333334,0.9499133333333334
LSTM,simple_copy,large,1000,1000,0.0001,8,classification,0.9500466666666667,0.950072
LSTM,simple_copy,large,1000,1000,0.0001,9,classification,0.94961,0.9502306666666667
LSTM,simple_copy,large,10000,10052,0.01,0,classification,0.9489733333333333,0.9499773333333333
LSTM,simple_copy,large,10000,10052,0.01,1,classification,0.9493366666666667,0.9501913333333334
LSTM,simple_copy,large,10000,10052,0.01,2,classification,0.9495666666666667,0.9500453333333333
LSTM,simple_copy,large,10000,10052,0.01,3,classification,0.9492933333333333,0.9500893333333333
LSTM,simple_copy,large,10000,10052,0.01,4,classification,0.94935,0.9498800000000001
LSTM,simple_copy,large,10000,10052,0.01,5,classification,0.9496933333333333,0.9499166666666666
LSTM,simple_copy,large,10000,10052,0.01,6,classification,0.9498166666666666,0.949996
LSTM,simple_copy,large,10000,10052,0.01,7,classification,0.94956,0.950094
LSTM,simple_copy,large,10000,10052,0.01,8,classification,0.9495633333333333,0.9501993333333333
LSTM,simple_copy,large,10000,10052,0.01,9,classification,0.9495266666666666,0.9498073333333333
LSTM,simple_copy,large,10000,10052,0.003,0,classification,0.9490533333333333,0.9499566666666667
LSTM,simple_copy,large,10000,10052,0.003,1,classification,0.9493366666666667,0.9501913333333334
LSTM,simple_copy,large,10000,10052,0.003,2,classification,0.9494566666666666,0.9499646666666667
LSTM,simple_copy,large,10000,10052,0.003,3,classification,0.9493266666666667,0.9499333333333333
LSTM,simple_copy,large,10000,10052,0.003,4,classification,0.94935,0.9498800000000001
LSTM,simple_copy,large,10000,10052,0.003,5,classification,0.9494166666666667,0.9500153333333333
LSTM,simple_copy,large,10000,10052,0.003,6,classification,0.94933,0.9503033333333333
LSTM,simple_copy,large,10000,10052,0.003,7,classification,0.94956,0.950094
LSTM,simple_copy,large,10000,10052,0.003,8,classification,0.94956,0.9501773333333333
LSTM,simple_copy,large,10000,10052,0.003,9,classification,0.9495933333333333,0.9502806666666667
LSTM,simple_copy,large,10000,10052,0.001,0,classification,0.94903,0.949972
LSTM,simple_copy,large,10000,10052,0.001,1,classification,0.9493366666666667,0.9501913333333334
LSTM,simple_copy,large,10000,10052,0.001,2,classification,0.9495833333333333,0.9499673333333334
LSTM,simple_copy,large,10000,10052,0.001,3,classification,0.9492733333333333,0.9499086666666666
LSTM,simple_copy,large,10000,10052,0.001,4,classification,0.94935,0.9498800000000001
LSTM,simple_copy,large,10000,10052,0.001,5,classification,0.9496166666666667,0.950006
LSTM,simple_copy,large,10000,10052,0.001,6,classification,0.94898,0.9497546666666666
LSTM,simple_copy,large,10000,10052,0.001,7,classification,0.94956,0.950094
LSTM,simple_copy,large,10000,10052,0.001,8,classification,0.94908,0.9500713333333334
LSTM,simple_copy,large,10000,10052,0.001,9,classification,0.9495933333333333,0.9502806666666667
LSTM,simple_copy,large,10000,10052,0.0003,0,classification,0.9489333333333333,0.949982
LSTM,simple_copy,large,10000,10052,0.0003,1,classification,0.94933,0.9501926666666667
LSTM,simple_copy,large,10000,10052,0.0003,2,classification,0.9495833333333333,0.9499673333333334
LSTM,simple_copy,large,10000,10052,0.0003,3,classification,0.9493266666666667,0.9499333333333333
LSTM,simple_copy,large,10000,10052,0.0003,4,classification,0.94935,0.9498800000000001
LSTM,simple_copy,large,10000,10052,0.0003,5,classification,0.9496166666666667,0.950006
LSTM,simple_copy,large,10000,10052,0.0003,6,classification,0.9493933333333333,0.9503333333333334
LSTM,simple_copy,large,10000,10052,0.0003,7,classification,0.94956,0.950094
LSTM,simple_copy,large,10000,10052,0.0003,8,classification,0.9489833333333333,0.95008
LSTM,simple_copy,large,10000,10052,0.0003,9,classification,0.9495933333333333,0.9502806666666667
LSTM,simple_copy,large,10000,10052,0.0001,0,classification,0.94973,0.950064
LSTM,simple_copy,large,10000,10052,0.0001,1,classification,0.9493433333333333,0.9501993333333333
LSTM,simple_copy,large,10000,10052,0.0001,2,classification,0.9495366666666667,0.950032
LSTM,simple_copy,large,10000,10052,0.0001,3,classification,0.9492233333333333,0.9499273333333333
LSTM,simple_copy,large,10000,10052,0.0001,4,classification,0.9493533333333334,0.9499613333333333
LSTM,simple_copy,large,10000,10052,0.0001,5,classification,0.9494166666666667,0.9500153333333333
LSTM,simple_copy,large,10000,10052,0.0001,6,classification,0.9493533333333334,0.9503173333333333
LSTM,simple_copy,large,10000,10052,0.0001,7,classification,0.9496833333333333,0.9497593333333333
LSTM,simple_copy,large,10000,10052,0.0001,8,classification,0.94908,0.9500713333333334
LSTM,simple_copy,large,10000,10052,0.0001,9,classification,0.9495233333333333,0.949882
LSTM,simple_copy,large,100000,100360,0.01,0,classification,0.9490766666666667,0.9501793333333334
LSTM,simple_copy,large,100000,100360,0.01,1,classification,0.9492433333333333,0.9501926666666667
LSTM,simple_copy,large,100000,100360,0.01,2,classification,0.94947,0.9498726666666667
LSTM,simple_copy,large,100000,100360,0.01,3,classification,0.9492933333333333,0.9500893333333333
LSTM,simple_copy,large,100000,100360,0.01,4,classification,0.9493833333333334,0.9499706666666666
LSTM,simple_copy,large,100000,100360,0.01,5,classification,0.9495433333333333,0.9502633333333333
LSTM,simple_copy,large,100000,100360,0.01,6,classification,0.9491333333333334,0.9501293333333334
LSTM,simple_copy,large,100000,100360,0.01,7,classification,0.94956,0.950094
LSTM,simple_copy,large,100000,100360,0.01,8,classification,0.9495733333333334,0.949794
LSTM,simple_copy,large,100000,100360,0.01,9,classification,0.9495766666666666,0.94985
LSTM,simple_copy,large,100000,100360,0.003,0,classification,0.94923,0.9500486666666667
LSTM,simple_copy,large,100000,100360,0.003,1,classification,0.9497933333333334,0.950136
LSTM,simple_copy,large,100000,100360,0.003,2,classification,0.9494366666666667,0.9499953333333333
LSTM,simple_copy,large,100000,100360,0.003,3,classification,0.9492933333333333,0.9500893333333333
LSTM,simple_copy,large,100000,100360,0.003,4,classification,0.9494366666666667,0.9499153333333333
LSTM,simple_copy,large,100000,100360,0.003,5,classification,0.9494166666666667,0.9500153333333333
LSTM,simple_copy,large,100000,100360,0.003,6,classification,0.9490733333333333,0.9498126666666666
LSTM,simple_copy,large,100000,100360,0.003,7,classification,0.94956,0.950094
LSTM,simple_copy,large,100000,100360,0.003,8,classification,0.94968,0.9497486666666667
LSTM,simple_copy,large,100000,100360,0.003,9,classification,0.9494933333333333,0.9498233333333334
LSTM,simple_copy,large,100000,100360,0.001,0,classification,0.94914,0.949994
LSTM,simple_copy,large,100000,100360,0.001,1,classification,0.94937,0.9498526666666667
LSTM,simple_copy,large,100000,100360,0.001,2,classification,0.9493866666666667,0.9499346666666667
LSTM,simple_copy,large,100000,100360,0.001,3,classification,0.9493266666666667,0.9499333333333333
LSTM,simple_copy,large,100000,100360,0.001,4,classification,0.9494133333333333,0.9499993333333333
LSTM,simple_copy,large,100000,100360,0.001,5,classification,0.94944,0.9502553333333333
LSTM,simple_copy,large,100000,100360,0.001,6,classification,0.9490666666666667,0.9498546666666666
LSTM,simple_copy,large,100000,100360,0.001,7,classification,0.94956,0.950094
LSTM,simple_copy,large,100000,100360,0.001,8,classification,0.94916,0.95003
LSTM,simple_copy,large,100000,100360,0.001,9,classification,0.9494933333333333,0.9498759999999999
LSTM,simple_copy,large,100000,100360,0.0003,0,classification,0.94923,0.949958
LSTM,simple_copy,large,100000,100360,0.0003,1,classification,0.9498066666666667,0.9501886666666667
LSTM,simple_copy,large,100000,100360,0.0003,2,classification,0.94946,0.9499613333333333
LSTM,simple_copy,large,100000,100360,0.0003,3,classification,0.9492666666666667,0.9498946666666667
LSTM,simple_copy,large,100000,100360,0.0003,4,classification,0.9493866666666667,0.949966
LSTM,simple_copy,large,100000,100360,0.0003,5,classification,0.94936,0.9499513333333334
LSTM,simple_copy,large,100000,100360,0.0003,6,classification,0.9490666666666667,0.9498546666666666
LSTM,simple_copy,large,100000,100360,0.0003,7,classification,0.94956,0.950094
LSTM,simple_copy,large,100000,100360,0.0003,8,classification,0.9496733333333334,0.9500406666666666
LSTM,simple_copy,large,100000,100360,0.0003,9,classification,0.9495833333333333,0.9498453333333333
LSTM,simple_copy,large,100000,100360,0.0001,0,classification,0.9492433333333333,0.9500046666666666
LSTM,simple_copy,large,100000,100360,0.0001,1,classification,0.9497666666666666,0.9498013333333333
LSTM,simple_copy,large,100000,100360,0.0001,2,classification,0.9496033333333334,0.94991
LSTM,simple_copy,large,100000,100360,0.0001,3,classification,0.9492966666666667,0.9499
LSTM,simple_copy,large,100000,100360,0.0001,4,classification,0.9494366666666667,0.9499153333333333
LSTM,simple_copy,large,100000,100360,0.0001,5,classification,0.9494166666666667,0.9500153333333333
LSTM,simple_copy,large,100000,100360,0.0001,6,classification,0.949,0.9498286666666667
LSTM,simple_copy,large,100000,100360,0.0001,7,classification,0.94965,0.949928
LSTM,simple_copy,large,100000,100360,0.0001,8,classification,0.9497233333333334,0.9500333333333333
LSTM,simple_copy,large,100000,100360,0.0001,9,classification,0.9495566666666667,0.9498306666666667
LSTM,selective_copy,large,1000,1028,0.01,0,classification,0.9485666666666667,0.94987
LSTM,selective_copy,large,1000,1028,0.01,1,classification,0.9488333333333333,0.9493566666666666
LSTM,selective_copy,large,1000,1028,0.01,2,classification,0.9489833333333333,0.9503366666666667
LSTM,selective_copy,large,1000,1028,0.01,3,classification,0.9489333333333333,0.9512366666666666
LSTM,selective_copy,large,1000,1028,0.01,4,classification,0.9483166666666667,0.9509833333333333
LSTM,selective_copy,large,1000,1028,0.01,5,classification,0.9483666666666667,0.9493833333333334
LSTM,selective_copy,large,1000,1028,0.01,6,classification,0.9477166666666667,0.94966
LSTM,selective_copy,large,1000,1028,0.01,7,classification,0.9275333333333333,0.92891
LSTM,selective_copy,large,1000,1028,0.01,8,classification,0.9478833333333333,0.95006
LSTM,selective_copy,large,1000,1028,0.01,9,classification,0.9494166666666667,0.9493133333333333
LSTM,selective_copy,large,1000,1028,0.003,0,classification,0.9484,0.9499566666666667
LSTM,selective_copy,large,1000,1028,0.003,1,classification,0.9485666666666667,0.95045
LSTM,selective_copy,large,1000,1028,0.003,2,classification,0.9489833333333333,0.9503366666666667
LSTM,selective_copy,large,1000,1028,0.003,3,classification,0.9491,0.9510833333333333
LSTM,selective_copy,large,1000,1028,0.003,4,classification,0.9484166666666667,0.9499533333333333
LSTM,selective_copy,large,1000,1028,0.003,5,classification,0.9482833333333334,0.9500433333333334
LSTM,selective_copy,large,1000,1028,0.003,6,classification,0.9482833333333334,0.9499633333333334
LSTM,selective_copy,large,1000,1028,0.003,7,classification,0.94795,0.9503166666666667
LSTM,selective_copy,large,1000,1028,0.003,8,classification,0.9478833333333333,0.95006
LSTM,selective_copy,large,1000,1028,0.003,9,classification,0.9487333333333333,0.95
LSTM,selective_copy,large,1000,1028,0.001,0,classification,0.9490833333333333,0.9494233333333333
LSTM,selective_copy,large,1000,1028,0.001,1,classification,0.9487166666666667,0.9504900000000001
LSTM,selective_copy,large,1000,1028,0.001,2,classification,0.9477666666666666,0.9497566666666667
LSTM,selective_copy,large,1000,1028,0.001,3,classification,0.9494666666666667,0.9496466666666666
LSTM,selective_copy,large,1000,1028,0.001,4,classification,0.9483166666666667,0.94997
LSTM,selective_copy,large,1000,1028,0.001,5,classification,0.9482833333333334,0.9500433333333334
LSTM,selective_copy,large,1000,1028,0.001,6,classification,0.9483,0.95
LSTM,selective_copy,large,1000,1028,0.001,7,classification,0.9480833333333334,0.95034
LSTM,selective_copy,large,1000,1028,0.001,8,classification,0.9492166666666667,0.9500466666666667
LSTM,selective_copy,large,1000,1028,0.001,9,classification,0.9486666666666667,0.94971
LSTM,selective_copy,large,1000,1028,0.0003,0,classification,0.9482833333333334,0.94962
LSTM,selective_copy,large,1000,1028,0.0003,1,classification,0.94905,0.95029
LSTM,selective_copy,large,1000,1028,0.0003,2,classification,0.9475833333333333,0.94969
LSTM,selective_copy,large,1000,1028,0.0003,3,classification,0.9488833333333333,0.9507
LSTM,selective_copy,large,1000,1028,0.0003,4,classification,0.9488833333333333,0.9497
LSTM,selective_copy,large,1000,1028,0.0003,5,classification,0.9489333333333333,0.9495833333333333
LSTM,selective_copy,large,1000,1028,0.0003,6,classification,0.9489333333333333,0.9499
LSTM,selective_copy,large,1000,1028,0.0003,7,classification,0.9479666666666666,0.9501466666666667
LSTM,selective_copy,large,1000,1028,0.0003,8,classification,0.9489833333333333,0.9498666666666666
LSTM,selective_copy,large,1000,1028,0.0003,9,classification,0.9487333333333333,0.95
LSTM,selective_copy,large,1000,1028,0.0001,0,classification,0.94865,0.9496266666666666
LSTM,selective_copy,large,1000,1028,0.0001,1,classification,0.9489,0.9504533333333334
LSTM,selective_copy,large,1000,1028,0.0001,2,classification,0.9477666666666666,0.9499433333333334
LSTM,selective_copy,large,1000,1028,0.0001,3,classification,0.9488833333333333,0.9507
LSTM,selective_copy,large,1000,1028,0.0001,4,classification,0.9486333333333333,0.9510466666666667
LSTM,selective_copy,large,1000,1028,0.0001,5,classification,0.9491666666666667,0.9495333333333333
LSTM,selective_copy,large,1000,1028,0.0001,6,classification,0.9483,0.9497266666666666
LSTM,selective_copy,large,1000,1028,0.0001,7,classification,0.9489166666666666,0.94961
LSTM,selective_copy,large,1000,1028,0.0001,8,classification,0.9492166666666667,0.9500466666666667
LSTM,selective_copy,large,1000,1028,0.0001,9,classification,0.9486666666666667,0.94971
LSTM,selective_copy,large,10000,9788,0.01,0,classification,0.9485666666666667,0.94987
LSTM,selective_copy,large,10000,9788,0.01,1,classification,0.9488333333333333,0.9493566666666666
LSTM,selective_copy,large,10000,9788,0.01,2,classification,0.94825,0.94961
LSTM,selective_copy,large,10000,9788,0.01,3,classification,0.9488833333333333,0.9507
LSTM,selective_copy,large,10000,9788,0.01,4,classification,0.9484166666666667,0.9499533333333333
LSTM,selective_copy,large,10000,9788,0.01,5,classification,0.94885,0.94955
LSTM,selective_copy,large,10000,9788,0.01,6,classification,0.9477166666666667,0.94966
LSTM,selective_copy,large,10000,9788,0.01,7,classification,0.90155,0.90256
LSTM,selective_copy,large,10000,9788,0.01,8,classification,0.9489666666666666,0.94998
LSTM,selective_copy,large,10000,9788,0.01,9,classification,0.9484833333333333,0.9503666666666667
LSTM,selective_copy,large,10000,9788,0.003,0,classification,0.9485666666666667,0.94987
LSTM,selective_copy,large,10000,9788,0.003,1,classification,0.9484666666666667,0.9498666666666666
LSTM,selective_copy,large,10000,9788,0.003,2,classification,0.94825,0.94961
LSTM,selective_copy,large,10000,9788,0.003,3,classification,0.9488833333333333,0.9507
LSTM,selective_copy,large,10000,9788,0.003,4,classification,0.9479333333333333,0.94987
LSTM,selective_copy,large,10000,9788,0.003,5,classification,0.9482833333333334,0.9500433333333334
LSTM,selective_copy,large,10000,9788,0.003,6,classification,0.9485833333333333,0.94987
LSTM,selective_copy,large,10000,9788,0.003,7,classification,0.9481666666666667,0.9503966666666667
LSTM,selective_copy,large,10000,9788,0.003,8,classification,0.9491833333333334,0.9497766666666667
LSTM,selective_copy,large,10000,9788,0.003,9,classification,0.9483666666666667,0.9504166666666667
LSTM,selective_copy,large,10000,9788,0.001,0,classification,0.9484833333333333,0.94946
LSTM,selective_copy,large,10000,9788,0.001,1,classification,0.9491,0.9502566666666666
LSTM,selective_copy,large,10000,9788,0.001,2,classification,0.9478,0.9498033333333333
LSTM,selective_copy,large,10000,9788,0.001,3,classification,0.9488833333333333,0.9507
LSTM,selective_copy,large,10000,9788,0.001,4,classification,0.948,0.9495766666666666
LSTM,selective_copy,large,10000,9788,0.001,5,classification,0.9484166666666667,0.9502
LSTM,selective_copy,large,10000,9788,0.001,6,classification,0.9485833333333333,0.94987
LSTM,selective_copy,large,10000,9788,0.001,7,classification,0.9482666666666667,0.9504566666666666
LSTM,selective_copy,large,10000,9788,0.001,8,classification,0.9486833333333333,0.94991
LSTM,selective_copy,large,10000,9788,0.001,9,classification,0.9490833333333333,0.9493533333333334
LSTM,selective_copy,large,10000,9788,0.0003,0,classification,0.9481833333333334,0.94982
LSTM,selective_copy,large,10000,9788,0.0003,1,classification,0.9487666666666666,0.9497366666666667
LSTM,selective_copy,large,10000,9788,0.0003,2,classification,0.9478,0.9498033333333333
LSTM,selective_copy,large,10000,9788,0.0003,3,classification,0.9482166666666667,0.9511166666666666
LSTM,selective_copy,large,10000,9788,0.0003,4,classification,0.9488833333333333,0.9497
LSTM,selective_copy,large,10000,9788,0.0003,5,classification,0.94885,0.94955
LSTM,selective_copy,large,10000,9788,0.0003,6,classification,0.9485833333333333,0.94987
LSTM,selective_copy,large,10000,9788,0.0003,7,classification,0.94925,0.9493366666666667
LSTM,selective_copy,large,10000,9788,0.0003,8,classification,0.9490833333333333,0.9499533333333333
LSTM,selective_copy,large,10000,9788,0.0003,9,classification,0.9487166666666667,0.9495933333333333
LSTM,selective_copy,large,10000,9788,0.0001,0,classification,0.9482333333333334,0.9497166666666667
LSTM,selective_copy,large,10000,9788,0.0001,1,classification,0.9491,0.94937
LSTM,selective_copy,large,10000,9788,0.0001,2,classification,0.94785,0.9496566666666667
LSTM,selective_copy,large,10000,9788,0.0001,3,classification,0.9483833333333334,0.95093
LSTM,selective_copy,large,10000,9788,0.0001,4,classification,0.9479166666666666,0.94967
LSTM,selective_copy,large,10000,9788,0.0001,5,classification,0.9485666666666667,0.95022
LSTM,selective_copy,large,10000,9788,0.0001,6,classification,0.94925,0.9498966666666666
LSTM,selective_copy,large,10000,9788,0.0001,7,classification,0.9493666666666667,0.9497533333333333
LSTM,selective_copy,large,10000,9788,0.0001,8,classification,0.9492166666666667,0.9500466666666667
LSTM,selective_copy,large,10000,9788,0.0001,9,classification,0.94755,0.95035
LSTM,selective_copy,large,100000,99668,0.01,0,classification,0.9484,0.9496966666666666
LSTM,selective_copy,large,100000,99668,0.01,1,classification,0.9485833333333333,0.9500133333333334
LSTM,selective_copy,large,100000,99668,0.01,2,classification,0.9489333333333333,0.9494933333333333
LSTM,selective_copy,large,100000,99668,0.01,3,classification,0.9488833333333333,0.9507
LSTM,selective_copy,large,100000,99668,0.01,4,classification,0.9484166666666667,0.9499533333333333
LSTM,selective_copy,large,100000,99668,0.01,5,classification,0.9483666666666667,0.9493833333333334
LSTM,selective_copy,large,100000,99668,0.01,6,classification,0.9485333333333333,0.95026
LSTM,selective_copy,large,100000,99668,0.01,7,classification,0.9492,0.9506266666666666
LSTM,selective_copy,large,100000,99668,0.01,8,classification,0.9492166666666667,0.9500466666666667
LSTM,selective_copy,large,100000,99668,0.01,9,classification,0.9485,0.9504533333333334
LSTM,selective_copy,large,100000,99668,0.003,0,classification,0.9485333333333333,0.9498666666666666
LSTM,selective_copy,large,100000,99668,0.003,1,classification,0.9486833333333333,0.9495933333333333
LSTM,selective_copy,large,100000,99668,0.003,2,classification,0.9477833333333333,0.9496233333333334
LSTM,selective_copy,large,100000,99668,0.003,3,classification,0.9488833333333333,0.9507
LSTM,selective_copy,large,100000,99668,0.003,4,classification,0.9488833333333333,0.9497
LSTM,selective_copy,large,100000,99668,0.003,5,classification,0.94845,0.9495933333333333
LSTM,selective_copy,large,100000,99668,0.003,6,classification,0.9485833333333333,0.9499466666666667
LSTM,selective_copy,large,100000,99668,0.003,7,classification,0.9488,0.9499566666666667
LSTM,selective_copy,large,100000,99668,0.003,8,classification,0.9487333333333333,0.9503
LSTM,selective_copy,large,100000,99668,0.003,9,classification,0.9484666666666667,0.95004
LSTM,selective_copy,large,100000,99668,0.001,0,classification,0.9487166666666667,0.9496033333333334
LSTM,selective_copy,large,100000,99668,0.001,1,classification,0.9488166666666666,0.9502866666666667
LSTM,selective_copy,large,100000,99668,0.001,2,classification,0.94825,0.94961
LSTM,selective_copy,large,100000,99668,0.001,3,classification,0.9479,0.9502633333333333
LSTM,selective_copy,large,100000,99668,0.001,4,classification,0.9486666666666667,0.9509033333333333
LSTM,selective_copy,large,100000,99668,0.001,5,classification,0.94885,0.94955
LSTM,selective_copy,large,100000,99668,0.001,6,classification,0.9487333333333333,0.9497566666666667
LSTM,selective_copy,large,100000,99668,0.001,7,classification,0.9487166666666667,0.9497233333333334
LSTM,selective_copy,large,100000,99668,0.001,8,classification,0.9489,0.9499433333333334
LSTM,selective_copy,large,100000,99668,0.001,9,classification,0.9487333333333333,0.95
LSTM,selective_copy,large,100000,99668,0.0003,0,classification,0.9486166666666667,0.9494
LSTM,selective_copy,large,100000,99668,0.0003,1,classification,0.9487666666666666,0.9501333333333334
LSTM,selective_copy,large,100000,99668,0.0003,2,classification,0.94825,0.94961
LSTM,selective_copy,large,100000,99668,0.0003,3,classification,0.9473666666666667,0.95026
LSTM,selective_copy,large,100000,99668,0.0003,4,classification,0.9487,0.9499866666666666
LSTM,selective_copy,large,100000,99668,0.0003,5,classification,0.94885,0.94955
LSTM,selective_copy,large,100000,99668,0.0003,6,classification,0.9492333333333334,0.9503666666666667
LSTM,selective_copy,large,100000,99668,0.0003,7,classification,0.9487333333333333,0.94971
LSTM,selective_copy,large,100000,99668,0.0003,8,classification,0.9486833333333333,0.9499866666666666
LSTM,selective_copy,large,100000,99668,0.0003,9,classification,0.9483,0.94996
LSTM,selective_copy,large,100000,99668,0.0001,0,classification,0.9484333333333334,0.9496
LSTM,selective_copy,large,100000,99668,0.0001,1,classification,0.9489333333333333,0.9496933333333333
LSTM,selective_copy,large,100000,99668,0.0001,2,classification,0.94825,0.94961
LSTM,selective_copy,large,100000,99668,0.0001,3,classification,0.9482166666666667,0.9511166666666666
LSTM,selective_copy,large,100000,99668,0.0001,4,classification,0.9488833333333333,0.9497
LSTM,selective_copy,large,100000,99668,0.0001,5,classification,0.9487,0.9496333333333333
LSTM,selective_copy,large,100000,99668,0.0001,6,classification,0.9491666666666667,0.94966
LSTM,selective_copy,large,100000,99668,0.0001,7,classification,0.9493666666666667,0.9499833333333333
LSTM,selective_copy,large,100000,99668,0.0001,8,classification,0.9492166666666667,0.9500466666666667
LSTM,selective_copy,large,100000,99668,0.0001,9,classification,0.9486333333333333,0.94973
LSTM,sorting_problem,large,1000,992,0.01,0,classification,0.93404,0.9351160000000001
LSTM,sorting_problem,large,1000,992,0.01,1,classification,0.93805,0.93925
LSTM,sorting_problem,large,1000,992,0.01,2,classification,0.93954,0.94012
LSTM,sorting_problem,large,1000,992,0.01,3,classification,0.92926,0.92906
LSTM,sorting_problem,large,1000,992,0.01,4,classification,0.92763,0.9280660000000001
LSTM,sorting_problem,large,1000,992,0.01,5,classification,0.92882,0.928446
LSTM,sorting_problem,large,1000,992,0.01,6,classification,0.93067,0.931288
LSTM,sorting_problem,large,1000,992,0.01,7,classification,0.93769,0.938782
LSTM,sorting_problem,large,1000,992,0.01,8,classification,0.93371,0.93434
LSTM,sorting_problem,large,1000,992,0.01,9,classification,0.93137,0.931042
LSTM,sorting_problem,large,1000,992,0.003,0,classification,0.92733,0.929912
LSTM,sorting_problem,large,1000,992,0.003,1,classification,0.92894,0.9290579999999999
LSTM,sorting_problem,large,1000,992,0.003,2,classification,0.93404,0.934938
LSTM,sorting_problem,large,1000,992,0.003,3,classification,0.9263,0.92784
LSTM,sorting_problem,large,1000,992,0.003,4,classification,0.92228,0.923166
LSTM,sorting_problem,large,1000,992,0.003,5,classification,0.92472,0.926432
LSTM,sorting_problem,large,1000,992,0.003,6,classification,0.92569,0.92708
LSTM,sorting_problem,large,1000,992,0.003,7,classification,0.9273,0.927372
LSTM,sorting_problem,large,1000,992,0.003,8,classification,0.92853,0.92993
LSTM,sorting_problem,large,1000,992,0.003,9,classification,0.92805,0.927378
LSTM,sorting_problem,large,1000,992,0.001,0,classification,0.92722,0.928606
LSTM,sorting_problem,large,1000,992,0.001,1,classification,0.92727,0.928218
LSTM,sorting_problem,large,1000,992,0.001,2,classification,0.93068,0.931016
LSTM,sorting_problem,large,1000,992,0.001,3,classification,0.93885,0.939424
LSTM,sorting_problem,large,1000,992,0.001,4,classification,0.92529,0.92659
LSTM,sorting_problem,large,1000,992,0.001,5,classification,0.92427,0.926666
LSTM,sorting_problem,large,1000,992,0.001,6,classification,0.92596,0.926474
LSTM,sorting_problem,large,1000,992,0.001,7,classification,0.93335,0.934334
LSTM,sorting_problem,large,1000,992,0.001,8,classification,0.926,0.92875
LSTM,sorting_problem,large,1000,992,0.001,9,classification,0.92449,0.924652
LSTM,sorting_problem,large,1000,992,0.0003,0,classification,0.9303,0.932568
LSTM,sorting_problem,large,1000,992,0.0003,1,classification,0.94918,0.949212
LSTM,sorting_problem,large,1000,992,0.0003,2,classification,0.9378,0.938494
LSTM,sorting_problem,large,1000,992,0.0003,3,classification,0.93885,0.939366
LSTM,sorting_problem,large,1000,992,0.0003,4,classification,0.9252400000000001,0.92661
LSTM,sorting_problem,large,1000,992,0.0003,5,classification,0.92664,0.925844
LSTM,sorting_problem,large,1000,992,0.0003,6,classification,0.94809,0.950426
LSTM,sorting_problem,large,1000,992,0.0003,7,classification,0.94014,0.94054
LSTM,sorting_problem,large,1000,992,0.0003,8,classification,0.94829,0.95
LSTM,sorting_problem,large,1000,992,0.0003,9,classification,0.9372199999999999,0.937612
LSTM,sorting_problem,large,1000,992,0.0001,0,classification,0.94958,0.949908
LSTM,sorting_problem,large,1000,992,0.0001,1,classification,0.94948,0.950042
LSTM,sorting_problem,large,1000,992,0.0001,2,classification,0.94844,0.949648
LSTM,sorting_problem,large,1000,992,0.0001,3,classification,0.93875,0.93899
LSTM,sorting_problem,large,1000,992,0.0001,4,classification,0.94087,0.940068
LSTM,sorting_problem,large,1000,992,0.0001,5,classification,0.93253,0.932284
LSTM,sorting_problem,large,1000,992,0.0001,6,classification,0.94793,0.950332
LSTM,sorting_problem,large,1000,992,0.0001,7,classification,0.94954,0.95006
LSTM,sorting_problem,large,1000,992,0.0001,8,classification,0.94849,0.950124
LSTM,sorting_problem,large,1000,992,0.0001,9,classification,0.93745,0.937816
LSTM,sorting_problem,large,10000,9812,0.01,0,classification,0.8803799999999999,0.879344
LSTM,sorting_problem,large,10000,9812,0.01,1,classification,0.86198,0.86157
LSTM,sorting_problem,large,10000,9812,0.01,2,classification,0.8685700000000001,0.867672
LSTM,sorting_problem,large,10000,9812,0.01,3,classification,0.88624,0.886966
LSTM,sorting_problem,large,10000,9812,0.01,4,classification,0.8637900000000001,0.86488
LSTM,sorting_problem,large,10000,9812,0.01,5,classification,0.89556,0.897618
LSTM,sorting_problem,large,10000,9812,0.01,6,classification,0.89149,0.89226
LSTM,sorting_problem,large,10000,9812,0.01,7,classification,0.86734,0.867998
LSTM,sorting_problem,large,10000,9812,0.01,8,classification,0.89986,0.900064
LSTM,sorting_problem,large,10000,9812,0.01,9,classification,0.83966,0.841152
LSTM,sorting_problem,large,10000,9812,0.003,0,classification,0.8092699999999999,0.8107800000000001
LSTM,sorting_problem,large,10000,9812,0.003,1,classification,0.80997,0.810752
LSTM,sorting_problem,large,10000,9812,0.003,2,classification,0.79135,0.792412
LSTM,sorting_problem,large,10000,9812,0.003,3,classification,0.81537,0.815702
LSTM,sorting_problem,large,10000,9812,0.003,4,classification,0.79777,0.798738
LSTM,sorting_problem,large,10000,9812,0.003,5,classification,0.8135,0.812774
LSTM,sorting_problem,large,10000,9812,0.003,6,classification,0.8792,0.879786
LSTM,sorting_problem,large,10000,9812,0.003,7,classification,0.8577,0.857424
LSTM,sorting_problem,large,10000,9812,0.003,8,classification,0.85161,0.851426
LSTM,sorting_problem,large,10000,9812,0.003,9,classification,0.79326,0.793882
LSTM,sorting_problem,large,10000,9812,0.001,0,classification,0.84729,0.8472500000000001
LSTM,sorting_problem,large,10000,9812,0.001,1,classification,0.8532500000000001,0.855542
LSTM,sorting_problem,large,10000,9812,0.001,2,classification,0.8282,0.829134
LSTM,sorting_problem,large,10000,9812,0.001,3,classification,0.85692,0.857262
LSTM,sorting_problem,large,10000,9812,0.001,4,classification,0.84655,0.84904
LSTM,sorting_problem,large,10000,9812,0.001,5,classification,0.83723,0.8382499999999999
LSTM,sorting_problem,large,10000,9812,0.001,6,classification,0.87166,0.8721
LSTM,sorting_problem,large,10000,9812,0.001,7,classification,0.87483,0.875714
LSTM,sorting_problem,large,10000,9812,0.001,8,classification,0.83099,0.8336600000000001
LSTM,sorting_problem,large,10000,9812,0.001,9,classification,0.8361000000000001,0.834564
LSTM,sorting_problem,large,10000,9812,0.0003,0,classification,0.88681,0.887336
LSTM,sorting_problem,large,10000,9812,0.0003,1,classification,0.8752800000000001,0.875356
LSTM,sorting_problem,large,10000,9812,0.0003,2,classification,0.9238,0.925474
LSTM,sorting_problem,large,10000,9812,0.0003,3,classification,0.89178,0.892028
LSTM,sorting_problem,large,10000,9812,0.0003,4,classification,0.87727,0.878656
LSTM,sorting_problem,large,10000,9812,0.0003,5,classification,0.87136,0.872116
LSTM,sorting_problem,large,10000,9812,0.0003,6,classification,0.91021,0.910092
LSTM,sorting_problem,large,10000,9812,0.0003,7,classification,0.87701,0.877292
LSTM,sorting_problem,large,10000,9812,0.0003,8,classification,0.87666,0.87664
LSTM,sorting_problem,large,10000,9812,0.0003,9,classification,0.91958,0.91991
LSTM,sorting_problem,large,10000,9812,0.0001,0,classification,0.9333,0.932868
LSTM,sorting_problem,large,10000,9812,0.0001,1,classification,0.93502,0.936284
LSTM,sorting_problem,large,10000,9812,0.0001,2,classification,0.92018,0.920682
LSTM,sorting_problem,large,10000,9812,0.0001,3,classification,0.90018,0.898934
LSTM,sorting_problem,large,10000,9812,0.0001,4,classification,0.90528,0.906806
LSTM,sorting_problem,large,10000,9812,0.0001,5,classification,0.9119,0.914018
LSTM,sorting_problem,large,10000,9812,0.0001,6,classification,0.93014,0.932286
LSTM,sorting_problem,large,10000,9812,0.0001,7,classification,0.92614,0.9260660000000001
LSTM,sorting_problem,large,10000,9812,0.0001,8,classification,0.90803,0.90924
LSTM,sorting_problem,large,10000,9812,0.0001,9,classification,0.91986,0.920648
LSTM,sorting_problem,large,100000,100212,0.01,0,classification,0.72767,0.727104
LSTM,sorting_problem,large,100000,100212,0.01,1,classification,0.7483500000000001,0.7492559999999999
LSTM,sorting_problem,large,100000,100212,0.01,2,classification,0.784,0.784528
LSTM,sorting_problem,large,100000,100212,0.01,3,classification,0.72751,0.726566
LSTM,sorting_problem,large,100000,100212,0.01,4,classification,0.76053,0.761822
LSTM,sorting_problem,large,100000,100212,0.01,5,classification,0.71363,0.712874
LSTM,sorting_problem,large,100000,100212,0.01,6,classification,0.6750700000000001,0.6756880000000001
LSTM,sorting_problem,large,100000,100212,0.01,7,classification,0.78615,0.787026
LSTM,sorting_problem,large,100000,100212,0.01,8,classification,0.75296,0.752906
LSTM,sorting_problem,large,100000,100212,0.01,9,classification,0.75915,0.757976
LSTM,sorting_problem,large,100000,100212,0.003,0,classification,0.68064,0.681076
LSTM,sorting_problem,large,100000,100212,0.003,1,classification,0.77876,0.778422
LSTM,sorting_problem,large,100000,100212,0.003,2,classification,0.77718,0.777676
LSTM,sorting_problem,large,100000,100212,0.003,3,classification,0.83191,0.833974
LSTM,sorting_problem,large,100000,100212,0.003,4,classification,0.78676,0.787986
LSTM,sorting_problem,large,100000,100212,0.003,5,classification,0.79872,0.8011699999999999
LSTM,sorting_problem,large,100000,100212,0.003,6,classification,0.78203,0.784082
LSTM,sorting_problem,large,100000,100212,0.003,7,classification,0.80406,0.806136
LSTM,sorting_problem,large,100000,100212,0.003,8,classification,0.7939700000000001,0.795312
LSTM,sorting_problem,large,100000,100212,0.003,9,classification,0.84812,0.849348
LSTM,sorting_problem,large,100000,100212,0.001,0,classification,0.50395,0.502248
LSTM,sorting_problem,large,100000,100212,0.001,1,classification,0.49378999999999995,0.49530799999999997
LSTM,sorting_problem,large,100000,100212,0.001,2,classification,0.48853,0.48736999999999997
LSTM,sorting_problem,large,100000,100212,0.001,3,classification,0.5008600000000001,0.500586
LSTM,sorting_problem,large,100000,100212,0.001,4,classification,0.50553,0.505868
LSTM,sorting_problem,large,100000,100212,0.001,5,classification,0.49712,0.49694400000000005
LSTM,sorting_problem,large,100000,100212,0.001,6,classification,0.51757,0.515042
LSTM,sorting_problem,large,100000,100212,0.001,7,classification,0.50613,0.5048779999999999
LSTM,sorting_problem,large,100000,100212,0.001,8,classification,0.5605,0.5597840000000001
LSTM,sorting_problem,large,100000,100212,0.001,9,classification,0.49402999999999997,0.492452
LSTM,sorting_problem,large,100000,100212,0.0003,0,classification,0.88709,0.888074
LSTM,sorting_problem,large,100000,100212,0.0003,1,classification,0.8894299999999999,0.889478
LSTM,sorting_problem,large,100000,100212,0.0003,2,classification,0.90967,0.911992
LSTM,sorting_problem,large,100000,100212,0.0003,3,classification,0.88792,0.888416
LSTM,sorting_problem,large,100000,100212,0.0003,4,classification,0.71966,0.720252
LSTM,sorting_problem,large,100000,100212,0.0003,5,classification,0.89983,0.900466
LSTM,sorting_problem,large,100000,100212,0.0003,6,classification,0.88577,0.886562
LSTM,sorting_problem,large,100000,100212,0.0003,7,classification,0.75073,0.752632
LSTM,sorting_problem,large,100000,100212,0.0003,8,classification,0.88727,0.888242
LSTM,sorting_problem,large,100000,100212,0.0003,9,classification,0.7501,0.751824
LSTM,sorting_problem,large,100000,100212,0.0001,0,classification,0.89508,0.895522
LSTM,sorting_problem,large,100000,100212,0.0001,1,classification,0.90038,0.901672
LSTM,sorting_problem,large,100000,100212,0.0001,2,classification,0.92277,0.924376
LSTM,sorting_problem,large,100000,100212,0.0001,3,classification,0.9244,0.926024
LSTM,sorting_problem,large,100000,100212,0.0001,4,classification,0.89452,0.8949199999999999
LSTM,sorting_problem,large,100000,100212,0.0001,5,classification,0.8950400000000001,0.894798
LSTM,sorting_problem,large,100000,100212,0.0001,6,classification,0.90543,0.904612
LSTM,sorting_problem,large,100000,100212,0.0001,7,classification,0.90164,0.902084
LSTM,sorting_problem,large,100000,100212,0.0001,8,classification,0.8961,0.897186
LSTM,sorting_problem,large,100000,100212,0.0001,9,classification,0.89051,0.891374
LSTM,associative_recall,large,1000,972,0.01,0,classification,0.959,0.9694
LSTM,associative_recall,large,1000,972,0.01,1,classification,0.9565,0.969
LSTM,associative_recall,large,1000,972,0.01,2,classification,0.957,0.9632000000000001
LSTM,associative_recall,large,1000,972,0.01,3,classification,0.9585,0.9655
LSTM,associative_recall,large,1000,972,0.01,4,classification,0.963,0.9685
LSTM,associative_recall,large,1000,972,0.01,5,classification,0.96,0.9663
LSTM,associative_recall,large,1000,972,0.01,6,classification,0.9585,0.9659
LSTM,associative_recall,large,1000,972,0.01,7,classification,0.9655,0.9682
LSTM,associative_recall,large,1000,972,0.01,8,classification,0.962,0.9672
LSTM,associative_recall,large,1000,972,0.01,9,classification,0.964,0.9668
LSTM,associative_recall,large,1000,972,0.003,0,classification,0.961,0.9688
LSTM,associative_recall,large,1000,972,0.003,1,classification,0.9595,0.97
LSTM,associative_recall,large,1000,972,0.003,2,classification,0.962,0.9689
LSTM,associative_recall,large,1000,972,0.003,3,classification,0.9665,0.9625
LSTM,associative_recall,large,1000,972,0.003,4,classification,0.962,0.9678
LSTM,associative_recall,large,1000,972,0.003,5,classification,0.96,0.9657
LSTM,associative_recall,large,1000,972,0.003,6,classification,0.9625,0.9682
LSTM,associative_recall,large,1000,972,0.003,7,classification,0.9625,0.9654
LSTM,associative_recall,large,1000,972,0.003,8,classification,0.9595,0.9673
LSTM,associative_recall,large,1000,972,0.003,9,classification,0.962,0.9685
LSTM,associative_recall,large,1000,972,0.001,0,classification,0.9645,0.9664
LSTM,associative_recall,large,1000,972,0.001,1,classification,0.9575,0.9628
LSTM,associative_recall,large,1000,972,0.001,2,classification,0.957,0.9656
LSTM,associative_recall,large,1000,972,0.001,3,classification,0.9595,0.9675
LSTM,associative_recall,large,1000,972,0.001,4,classification,0.9625,0.9662
LSTM,associative_recall,large,1000,972,0.001,5,classification,0.959,0.9652000000000001
LSTM,associative_recall,large,1000,972,0.001,6,classification,0.963,0.9654
LSTM,associative_recall,large,1000,972,0.001,7,classification,0.9645,0.9674
LSTM,associative_recall,large,1000,972,0.001,8,classification,0.958,0.9698
LSTM,associative_recall,large,1000,972,0.001,9,classification,0.9625,0.9682
LSTM,associative_recall,large,1000,972,0.0003,0,classification,0.966,0.9691
LSTM,associative_recall,large,1000,972,0.0003,1,classification,0.9535,0.9664
LSTM,associative_recall,large,1000,972,0.0003,2,classification,0.952,0.9684
LSTM,associative_recall,large,1000,972,0.0003,3,classification,0.9605,0.9673
LSTM,associative_recall,large,1000,972,0.0003,4,classification,0.9635,0.9659
LSTM,associative_recall,large,1000,972,0.0003,5,classification,0.962,0.9685
LSTM,associative_recall,large,1000,972,0.0003,6,classification,0.9575,0.9645
LSTM,associative_recall,large,1000,972,0.0003,7,classification,0.9685,0.9677
LSTM,associative_recall,large,1000,972,0.0003,8,classification,0.9605,0.9684
LSTM,associative_recall,large,1000,972,0.0003,9,classification,0.9645,0.9681
LSTM,associative_recall,large,1000,972,0.0001,0,classification,0.9635,0.9665
LSTM,associative_recall,large,1000,972,0.0001,1,classification,0.9615,0.9681
LSTM,associative_recall,large,1000,972,0.0001,2,classification,0.9535,0.9671
LSTM,associative_recall,large,1000,972,0.0001,3,classification,0.964,0.9687
LSTM,associative_recall,large,1000,972,0.0001,4,classification,0.964,0.967
LSTM,associative_recall,large,1000,972,0.0001,5,classification,0.963,0.9649
LSTM,associative_recall,large,1000,972,0.0001,6,classification,0.9575,0.9653
LSTM,associative_recall,large,1000,972,0.0001,7,classification,0.967,0.968
LSTM,associative_recall,large,1000,972,0.0001,8,classification,0.9615,0.9642
LSTM,associative_recall,large,1000,972,0.0001,9,classification,0.963,0.9686
LSTM,associative_recall,large,10000,9932,0.01,0,classification,0.9585,0.9686
LSTM,associative_recall,large,10000,9932,0.01,1,classification,0.962,0.9645
LSTM,associative_recall,large,10000,9932,0.01,2,classification,0.9585,0.9677
LSTM,associative_recall,large,10000,9932,0.01,3,classification,0.9645,0.9635
LSTM,associative_recall,large,10000,9932,0.01,4,classification,0.9595,0.9687
LSTM,associative_recall,large,10000,9932,0.01,5,classification,0.957,0.9682
LSTM,associative_recall,large,10000,9932,0.01,6,classification,0.9595,0.9652000000000001
LSTM,associative_recall,large,10000,9932,0.01,7,classification,0.959,0.9681
LSTM,associative_recall,large,10000,9932,0.01,8,classification,0.9585,0.9654
LSTM,associative_recall,large,10000,9932,0.01,9,classification,0.96,0.9683
LSTM,associative_recall,large,10000,9932,0.003,0,classification,0.9585,0.9681
LSTM,associative_recall,large,10000,9932,0.003,1,classification,0.9575,0.9662
LSTM,associative_recall,large,10000,9932,0.003,2,classification,0.953,0.9646
LSTM,associative_recall,large,10000,9932,0.003,3,classification,0.9625,0.9682
LSTM,associative_recall,large,10000,9932,0.003,4,classification,0.9625,0.9673
LSTM,associative_recall,large,10000,9932,0.003,5,classification,0.961,0.967
LSTM,associative_recall,large,10000,9932,0.003,6,classification,0.964,0.9633
LSTM,associative_recall,large,10000,9932,0.003,7,classification,0.9585,0.9646
LSTM,associative_recall,large,10000,9932,0.003,8,classification,0.9615,0.9637
LSTM,associative_recall,large,10000,9932,0.003,9,classification,0.959,0.9692
LSTM,associative_recall,large,10000,9932,0.001,0,classification,0.964,0.9679
LSTM,associative_recall,large,10000,9932,0.001,1,classification,0.962,0.9663
LSTM,associative_recall,large,10000,9932,0.001,2,classification,0.959,0.967
LSTM,associative_recall,large,10000,9932,0.001,3,classification,0.9635,0.965
LSTM,associative_recall,large,10000,9932,0.001,4,classification,0.961,0.9663
LSTM,associative_recall,large,10000,9932,0.001,5,classification,0.961,0.966
LSTM,associative_recall,large,10000,9932,0.001,6,classification,0.964,0.9672
LSTM,associative_recall,large,10000,9932,0.001,7,classification,0.9645,0.9644
LSTM,associative_recall,large,10000,9932,0.001,8,classification,0.9585,0.9663
LSTM,associative_recall,large,10000,9932,0.001,9,classification,0.962,0.9679
LSTM,associative_recall,large,10000,9932,0.0003,0,classification,0.966,0.9688
LSTM,associative_recall,large,10000,9932,0.0003,1,classification,0.9585,0.968
LSTM,associative_recall,large,10000,9932,0.0003,2,classification,0.9645,0.9665
LSTM,associative_recall,large,10000,9932,0.0003,3,classification,0.964,0.9659
LSTM,associative_recall,large,10000,9932,0.0003,4,classification,0.963,0.9685
LSTM,associative_recall,large,10000,9932,0.0003,5,classification,0.959,0.9682
LSTM,associative_recall,large,10000,9932,0.0003,6,classification,0.962,0.9658
LSTM,associative_recall,large,10000,9932,0.0003,7,classification,0.9605,0.9621
LSTM,associative_recall,large,10000,9932,0.0003,8,classification,0.9615,0.9644
LSTM,associative_recall,large,10000,9932,0.0003,9,classification,0.963,0.9661
LSTM,associative_recall,large,10000,9932,0.0001,0,classification,0.966,0.9683
LSTM,associative_recall,large,10000,9932,0.0001,1,classification,0.9565,0.9668
LSTM,associative_recall,large,10000,9932,0.0001,2,classification,0.9625,0.9664
LSTM,associative_recall,large,10000,9932,0.0001,3,classification,0.9645,0.9669
LSTM,associative_recall,large,10000,9932,0.0001,4,classification,0.965,0.9686
LSTM,associative_recall,large,10000,9932,0.0001,5,classification,0.962,0.9683
LSTM,associative_recall,large,10000,9932,0.0001,6,classification,0.9625,0.9672
LSTM,associative_recall,large,10000,9932,0.0001,7,classification,0.963,0.967
LSTM,associative_recall,large,10000,9932,0.0001,8,classification,0.961,0.9661
LSTM,associative_recall,large,10000,9932,0.0001,9,classification,0.9655,0.9633
LSTM,associative_recall,large,100000,99392,0.01,0,classification,0.955,0.969
LSTM,associative_recall,large,100000,99392,0.01,1,classification,0.9585,0.9627
LSTM,associative_recall,large,100000,99392,0.01,2,classification,0.9625,0.9675
LSTM,associative_recall,large,100000,99392,0.01,3,classification,0.963,0.9681
LSTM,associative_recall,large,100000,99392,0.01,4,classification,0.962,0.968
LSTM,associative_recall,large,100000,99392,0.01,5,classification,0.958,0.9694
LSTM,associative_recall,large,100000,99392,0.01,6,classification,0.9655,0.9687
LSTM,associative_recall,large,100000,99392,0.01,7,classification,0.9625,0.9672
LSTM,associative_recall,large,100000,99392,0.01,8,classification,0.959,0.9716
LSTM,associative_recall,large,100000,99392,0.01,9,classification,0.9615,0.9676
LSTM,associative_recall,large,100000,99392,0.003,0,classification,0.963,0.9683
LSTM,associative_recall,large,100000,99392,0.003,1,classification,0.9585,0.9642
LSTM,associative_recall,large,100000,99392,0.003,2,classification,0.9565,0.9701
LSTM,associative_recall,large,100000,99392,0.003,3,classification,0.96,0.9658
LSTM,associative_recall,large,100000,99392,0.003,4,classification,0.962,0.9685
LSTM,associative_recall,large,100000,99392,0.003,5,classification,0.963,0.9643
LSTM,associative_recall,large,100000,99392,0.003,6,classification,0.9615,0.964
LSTM,associative_recall,large,100000,99392,0.003,7,classification,0.957,0.9673
LSTM,associative_recall,large,100000,99392,0.003,8,classification,0.96,0.9643
LSTM,associative_recall,large,100000,99392,0.003,9,classification,0.9625,0.9673
LSTM,associative_recall,large,100000,99392,0.001,0,classification,0.9625,0.964
LSTM,associative_recall,large,100000,99392,0.001,1,classification,0.96,0.9634
LSTM,associative_recall,large,100000,99392,0.001,2,classification,0.956,0.9674
LSTM,associative_recall,large,100000,99392,0.001,3,classification,0.9605,0.9649
LSTM,associative_recall,large,100000,99392,0.001,4,classification,0.963,0.9675
LSTM,associative_recall,large,100000,99392,0.001,5,classification,0.956,0.9642
LSTM,associative_recall,large,100000,99392,0.001,6,classification,0.965,0.9666
LSTM,associative_recall,large,100000,99392,0.001,7,classification,0.962,0.9682
LSTM,associative_recall,large,100000,99392,0.001,8,classification,0.961,0.9715
LSTM,associative_recall,large,100000,99392,0.001,9,classification,0.964,0.9707
LSTM,associative_recall,large,100000,99392,0.0003,0,classification,0.961,0.9681
LSTM,associative_recall,large,100000,99392,0.0003,1,classification,0.959,0.9658
LSTM,associative_recall,large,100000,99392,0.0003,2,classification,0.959,0.9656
LSTM,associative_recall,large,100000,99392,0.0003,3,classification,0.9655,0.9679
LSTM,associative_recall,large,100000,99392,0.0003,4,classification,0.96,0.9668
LSTM,associative_recall,large,100000,99392,0.0003,5,classification,0.962,0.9689
LSTM,associative_recall,large,100000,99392,0.0003,6,classification,0.9565,0.9655
LSTM,associative_recall,large,100000,99392,0.0003,7,classification,0.9645,0.9658
LSTM,associative_recall,large,100000,99392,0.0003,8,classification,0.956,0.9707
LSTM,associative_recall,large,100000,99392,0.0003,9,classification,0.962,0.9664
LSTM,associative_recall,large,100000,99392,0.0001,0,classification,0.9585,0.965
LSTM,associative_recall,large,100000,99392,0.0001,1,classification,0.957,0.9669
LSTM,associative_recall,large,100000,99392,0.0001,2,classification,0.9605,0.9661
LSTM,associative_recall,large,100000,99392,0.0001,3,classification,0.964,0.9673
LSTM,associative_recall,large,100000,99392,0.0001,4,classification,0.9635,0.9671
LSTM,associative_recall,large,100000,99392,0.0001,5,classification,0.9545,0.9653
LSTM,associative_recall,large,100000,99392,0.0001,6,classification,0.964,0.9687
LSTM,associative_recall,large,100000,99392,0.0001,7,classification,0.9585,0.9679
LSTM,associative_recall,large,100000,99392,0.0001,8,classification,0.955,0.972
LSTM,associative_recall,large,100000,99392,0.0001,9,classification,0.9625,0.9689
LSTM,induction_heads,large,1000,972,0.01,0,classification,0.9486048387096774,0.9498806451612903
LSTM,induction_heads,large,1000,972,0.01,1,classification,0.9490645161290323,0.9504241935483871
LSTM,induction_heads,large,1000,972,0.01,2,classification,0.9490120967741935,0.9498685483870968
LSTM,induction_heads,large,1000,972,0.01,3,classification,0.9494798387096774,0.9500451612903226
LSTM,induction_heads,large,1000,972,0.01,4,classification,0.9494637096774193,0.9501129032258064
LSTM,induction_heads,large,1000,972,0.01,5,classification,0.9493991935483871,0.9501661290322581
LSTM,induction_heads,large,1000,972,0.01,6,classification,0.9492943548387097,0.9503870967741935
LSTM,induction_heads,large,1000,972,0.01,7,classification,0.9492983870967742,0.9501943548387097
LSTM,induction_heads,large,1000,972,0.01,8,classification,0.948991935483871,0.9497935483870967
LSTM,induction_heads,large,1000,972,0.01,9,classification,0.9491008064516129,0.950216935483871
LSTM,induction_heads,large,1000,972,0.003,0,classification,0.9493225806451613,0.9499959677419355
LSTM,induction_heads,large,1000,972,0.003,1,classification,0.9494677419354839,0.9499290322580645
LSTM,induction_heads,large,1000,972,0.003,2,classification,0.9492862903225806,0.9499927419354839
LSTM,induction_heads,large,1000,972,0.003,3,classification,0.9494959677419355,0.9496766129032258
LSTM,induction_heads,large,1000,972,0.003,4,classification,0.9495201612903226,0.9499806451612903
LSTM,induction_heads,large,1000,972,0.003,5,classification,0.9490725806451613,0.9502354838709678
LSTM,induction_heads,large,1000,972,0.003,6,classification,0.9496249999999999,0.9501064516129032
LSTM,induction_heads,large,1000,972,0.003,7,classification,0.9490604838709678,0.950041129032258
LSTM,induction_heads,large,1000,972,0.003,8,classification,0.9492620967741936,0.9500564516129032
LSTM,induction_heads,large,1000,972,0.003,9,classification,0.9489112903225807,0.9500153225806451
LSTM,induction_heads,large,1000,972,0.001,0,classification,0.9491451612903226,0.9498895161290323
LSTM,induction_heads,large,1000,972,0.001,1,classification,0.9490282258064516,0.9502346774193549
LSTM,induction_heads,large,1000,972,0.001,2,classification,0.9493830645161291,0.949849193548387
LSTM,induction_heads,large,1000,972,0.001,3,classification,0.9496249999999999,0.9497661290322581
LSTM,induction_heads,large,1000,972,0.001,4,classification,0.9495846774193548,0.9505935483870968
LSTM,induction_heads,large,1000,972,0.001,5,classification,0.949125,0.9501177419354838
LSTM,induction_heads,large,1000,972,0.001,6,classification,0.9490806451612903,0.9499064516129032
LSTM,induction_heads,large,1000,972,0.001,7,classification,0.9494556451612903,0.9498209677419355
LSTM,induction_heads,large,1000,972,0.001,8,classification,0.9492298387096774,0.9498137096774194
LSTM,induction_heads,large,1000,972,0.001,9,classification,0.9490282258064516,0.9500935483870968
LSTM,induction_heads,large,1000,972,0.0003,0,classification,0.9486935483870967,0.9501008064516129
LSTM,induction_heads,large,1000,972,0.0003,1,classification,0.9485362903225807,0.9502887096774193
LSTM,induction_heads,large,1000,972,0.0003,2,classification,0.9493145161290323,0.9500483870967742
LSTM,induction_heads,large,1000,972,0.0003,3,classification,0.9501693548387097,0.9501137096774194
LSTM,induction_heads,large,1000,972,0.0003,4,classification,0.9496854838709677,0.9499653225806451
LSTM,induction_heads,large,1000,972,0.0003,5,classification,0.9491935483870968,0.9499766129032258
LSTM,induction_heads,large,1000,972,0.0003,6,classification,0.9483508064516128,0.9500443548387096
LSTM,induction_heads,large,1000,972,0.0003,7,classification,0.9496249999999999,0.9501653225806451
LSTM,induction_heads,large,1000,972,0.0003,8,classification,0.9496451612903226,0.9499991935483871
LSTM,induction_heads,large,1000,972,0.0003,9,classification,0.9495241935483871,0.9499604838709678
LSTM,induction_heads,large,1000,972,0.0001,0,classification,0.9491854838709677,0.9501040322580645
LSTM,induction_heads,large,1000,972,0.0001,1,classification,0.9487741935483871,0.9502516129032258
LSTM,induction_heads,large,1000,972,0.0001,2,classification,0.9496491935483871,0.949833870967742
LSTM,induction_heads,large,1000,972,0.0001,3,classification,0.9501854838709678,0.9499024193548387
LSTM,induction_heads,large,1000,972,0.0001,4,classification,0.9495322580645161,0.9498532258064516
LSTM,induction_heads,large,1000,972,0.0001,5,classification,0.9502338709677419,0.949975806451613
LSTM,induction_heads,large,1000,972,0.0001,6,classification,0.9492983870967742,0.949941935483871
LSTM,induction_heads,large,1000,972,0.0001,7,classification,0.9492903225806452,0.9500733870967741
LSTM,induction_heads,large,1000,972,0.0001,8,classification,0.9494637096774193,0.9501604838709677
LSTM,induction_heads,large,1000,972,0.0001,9,classification,0.9493427419354838,0.9499225806451613
LSTM,induction_heads,large,10000,9900,0.01,0,classification,0.9485604838709677,0.9499137096774194
LSTM,induction_heads,large,10000,9900,0.01,1,classification,0.9494314516129032,0.9501467741935484
LSTM,induction_heads,large,10000,9900,0.01,2,classification,0.9493991935483871,0.9500104838709678
LSTM,induction_heads,large,10000,9900,0.01,3,classification,0.9492217741935484,0.949983064516129
LSTM,induction_heads,large,10000,9900,0.01,4,classification,0.9495282258064516,0.9502193548387097
LSTM,induction_heads,large,10000,9900,0.01,5,classification,0.9493467741935484,0.9499096774193548
LSTM,induction_heads,large,10000,9900,0.01,6,classification,0.949116935483871,0.9500967741935484
LSTM,induction_heads,large,10000,9900,0.01,7,classification,0.9487862903225807,0.9504241935483871
LSTM,induction_heads,large,10000,9900,0.01,8,classification,0.9490766129032258,0.9498903225806452
LSTM,induction_heads,large,10000,9900,0.01,9,classification,0.9490362903225806,0.9499467741935483
LSTM,induction_heads,large,10000,9900,0.003,0,classification,0.9491854838709677,0.9500846774193549
LSTM,induction_heads,large,10000,9900,0.003,1,classification,0.9494758064516129,0.9504096774193549
LSTM,induction_heads,large,10000,9900,0.003,2,classification,0.949366935483871,0.9498806451612903
LSTM,induction_heads,large,10000,9900,0.003,3,classification,0.9494274193548387,0.9496274193548387
LSTM,induction_heads,large,10000,9900,0.003,4,classification,0.9489112903225807,0.9500975806451613
LSTM,induction_heads,large,10000,9900,0.003,5,classification,0.9494354838709678,0.9498201612903225
LSTM,induction_heads,large,10000,9900,0.003,6,classification,0.9492540322580645,0.9499443548387096
LSTM,induction_heads,large,10000,9900,0.003,7,classification,0.9492822580645162,0.9498685483870968
LSTM,induction_heads,large,10000,9900,0.003,8,classification,0.9494072580645161,0.9498548387096775
LSTM,induction_heads,large,10000,9900,0.003,9,classification,0.9492056451612904,0.9499604838709678
LSTM,induction_heads,large,10000,9900,0.001,0,classification,0.9497096774193549,0.9500846774193549
LSTM,induction_heads,large,10000,9900,0.001,1,classification,0.949125,0.9500838709677419
LSTM,induction_heads,large,10000,9900,0.001,2,classification,0.9496290322580645,0.9499290322580645
LSTM,induction_heads,large,10000,9900,0.001,3,classification,0.9496491935483871,0.9497161290322581
LSTM,induction_heads,large,10000,9900,0.001,4,classification,0.9496169354838709,0.949983870967742
LSTM,induction_heads,large,10000,9900,0.001,5,classification,0.9496451612903226,0.9498741935483871
LSTM,induction_heads,large,10000,9900,0.001,6,classification,0.9493870967741935,0.9501467741935484
LSTM,induction_heads,large,10000,9900,0.001,7,classification,0.9496370967741935,0.9498822580645161
LSTM,induction_heads,large,10000,9900,0.001,8,classification,0.9493790322580645,0.9498266129032258
LSTM,induction_heads,large,10000,9900,0.001,9,classification,0.9494233870967742,0.9499604838709678
LSTM,induction_heads,large,10000,9900,0.0003,0,classification,0.949258064516129,0.9500709677419354
LSTM,induction_heads,large,10000,9900,0.0003,1,classification,0.9495362903225807,0.9502653225806451
LSTM,induction_heads,large,10000,9900,0.0003,2,classification,0.9491572580645161,0.9495483870967742
LSTM,induction_heads,large,10000,9900,0.0003,3,classification,0.949758064516129,0.9498709677419355
LSTM,induction_heads,large,10000,9900,0.0003,4,classification,0.9497137096774193,0.9499725806451613
LSTM,induction_heads,large,10000,9900,0.0003,5,classification,0.9489717741935484,0.9500653225806451
LSTM,induction_heads,large,10000,9900,0.0003,6,classification,0.9491935483870968,0.9501217741935484
LSTM,induction_heads,large,10000,9900,0.0003,7,classification,0.9498870967741936,0.950016935483871
LSTM,induction_heads,large,10000,9900,0.0003,8,classification,0.9493951612903225,0.9503112903225807
LSTM,induction_heads,large,10000,9900,0.0003,9,classification,0.9493024193548387,0.9499161290322581
LSTM,induction_heads,large,10000,9900,0.0001,0,classification,0.9490564516129032,0.9499685483870968
LSTM,induction_heads,large,10000,9900,0.0001,1,classification,0.9494516129032258,0.9501032258064516
LSTM,induction_heads,large,10000,9900,0.0001,2,classification,0.9493306451612903,0.9500040322580645
LSTM,induction_heads,large,10000,9900,0.0001,3,classification,0.9495201612903226,0.9495395161290323
LSTM,induction_heads,large,10000,9900,0.0001,4,classification,0.949741935483871,0.9495427419354838
LSTM,induction_heads,large,10000,9900,0.0001,5,classification,0.9490483870967742,0.9502185483870967
LSTM,induction_heads,large,10000,9900,0.0001,6,classification,0.949258064516129,0.9501838709677419
LSTM,induction_heads,large,10000,9900,0.0001,7,classification,0.9498951612903226,0.9497790322580645
LSTM,induction_heads,large,10000,9900,0.0001,8,classification,0.9495806451612904,0.9499435483870968
LSTM,induction_heads,large,10000,9900,0.0001,9,classification,0.9493185483870967,0.9501959677419355
LSTM,induction_heads,large,100000,99780,0.01,0,classification,0.9489596774193548,0.9498717741935484
LSTM,induction_heads,large,100000,99780,0.01,1,classification,0.9490766129032258,0.9501282258064516
LSTM,induction_heads,large,100000,99780,0.01,2,classification,0.9497379032258064,0.9500975806451613
LSTM,induction_heads,large,100000,99780,0.01,3,classification,0.9493266129032258,0.9503387096774194
LSTM,induction_heads,large,100000,99780,0.01,4,classification,0.9496895161290323,0.9501185483870968
LSTM,induction_heads,large,100000,99780,0.01,5,classification,0.9488588709677419,0.9503991935483871
LSTM,induction_heads,large,100000,99780,0.01,6,classification,0.9496008064516129,0.9500290322580646
LSTM,induction_heads,large,100000,99780,0.01,7,classification,0.9495403225806451,0.9499395161290323
LSTM,induction_heads,large,100000,99780,0.01,8,classification,0.9493104838709677,0.9496290322580645
LSTM,induction_heads,large,100000,99780,0.01,9,classification,0.9490282258064516,0.9499959677419355
LSTM,induction_heads,large,100000,99780,0.003,0,classification,0.9491733870967742,0.9498895161290323
LSTM,induction_heads,large,100000,99780,0.003,1,classification,0.9492096774193548,0.9502290322580645
LSTM,induction_heads,large,100000,99780,0.003,2,classification,0.949758064516129,0.9501435483870968
LSTM,induction_heads,large,100000,99780,0.003,3,classification,0.9492903225806452,0.9499629032258065
LSTM,induction_heads,large,100000,99780,0.003,4,classification,0.9495725806451613,0.9495064516129033
LSTM,induction_heads,large,100000,99780,0.003,5,classification,0.9486975806451613,0.9499088709677419
LSTM,induction_heads,large,100000,99780,0.003,6,classification,0.9494354838709678,0.9497233870967742
LSTM,induction_heads,large,100000,99780,0.003,7,classification,0.949508064516129,0.9502532258064517
LSTM,induction_heads,large,100000,99780,0.003,8,classification,0.9492379032258065,0.9499395161290323
LSTM,induction_heads,large,100000,99780,0.003,9,classification,0.9491572580645161,0.9502016129032258
LSTM,induction_heads,large,100000,99780,0.001,0,classification,0.9494838709677419,0.9496733870967742
LSTM,induction_heads,large,100000,99780,0.001,1,classification,0.9490080645161291,0.9501346774193549
LSTM,induction_heads,large,100000,99780,0.001,2,classification,0.949991935483871,0.9493701612903226
LSTM,induction_heads,large,100000,99780,0.001,3,classification,0.9496814516129032,0.9497540322580645
LSTM,induction_heads,large,100000,99780,0.001,4,classification,0.9495967741935484,0.949691129032258
LSTM,induction_heads,large,100000,99780,0.001,5,classification,0.9488629032258065,0.9500314516129033
LSTM,induction_heads,large,100000,99780,0.001,6,classification,0.9491290322580646,0.9496064516129032
LSTM,induction_heads,large,100000,99780,0.001,7,classification,0.9494596774193549,0.9496612903225806
LSTM,induction_heads,large,100000,99780,0.001,8,classification,0.949516129032258,0.9496637096774193
LSTM,induction_heads,large,100000,99780,0.001,9,classification,0.948975806451613,0.9500516129032258
LSTM,induction_heads,large,100000,99780,0.0003,0,classification,0.9495524193548387,0.9499903225806452
LSTM,induction_heads,large,100000,99780,0.0003,1,classification,0.9493346774193548,0.9504322580645161
LSTM,induction_heads,large,100000,99780,0.0003,2,classification,0.950258064516129,0.9500451612903226
LSTM,induction_heads,large,100000,99780,0.0003,3,classification,0.9496693548387096,0.9498766129032258
LSTM,induction_heads,large,100000,99780,0.0003,4,classification,0.9498104838709678,0.9496709677419355
LSTM,induction_heads,large,100000,99780,0.0003,5,classification,0.948741935483871,0.9502024193548387
LSTM,induction_heads,large,100000,99780,0.0003,6,classification,0.9492096774193548,0.9501274193548387
LSTM,induction_heads,large,100000,99780,0.0003,7,classification,0.9497137096774193,0.9498975806451613
LSTM,induction_heads,large,100000,99780,0.0003,8,classification,0.9487862903225807,0.9496427419354838
LSTM,induction_heads,large,100000,99780,0.0003,9,classification,0.9496774193548387,0.9500879032258065
LSTM,induction_heads,large,100000,99780,0.0001,0,classification,0.9493467741935484,0.9497217741935484
LSTM,induction_heads,large,100000,99780,0.0001,1,classification,0.9494233870967742,0.9500790322580646
LSTM,induction_heads,large,100000,99780,0.0001,2,classification,0.9496572580645162,0.9500733870967741
LSTM,induction_heads,large,100000,99780,0.0001,3,classification,0.9495806451612904,0.9501419354838709
LSTM,induction_heads,large,100000,99780,0.0001,4,classification,0.9496491935483871,0.9500782258064516
LSTM,induction_heads,large,100000,99780,0.0001,5,classification,0.9487862903225807,0.9498975806451613
LSTM,induction_heads,large,100000,99780,0.0001,6,classification,0.9493225806451613,0.9503459677419355
LSTM,induction_heads,large,100000,99780,0.0001,7,classification,0.9499193548387097,0.9500185483870968
LSTM,induction_heads,large,100000,99780,0.0001,8,classification,0.9493427419354838,0.9499008064516129
LSTM,induction_heads,large,100000,99780,0.0001,9,classification,0.9495120967741936,0.9499596774193548
LSTM,bracket_matching,large,1000,964,0.01,0,classification,0.0,0.00019999999999997797
LSTM,bracket_matching,large,1000,964,0.01,1,classification,0.0,0.0
LSTM,bracket_matching,large,1000,964,0.01,2,classification,0.0,0.0
LSTM,bracket_matching,large,1000,964,0.01,3,classification,0.0,0.00019999999999997797
LSTM,bracket_matching,large,1000,964,0.01,4,classification,0.0,0.0
LSTM,bracket_matching,large,1000,964,0.01,5,classification,0.0,0.0
LSTM,bracket_matching,large,1000,964,0.01,6,classification,0.0,9.999999999998899e-05
LSTM,bracket_matching,large,1000,964,0.01,7,classification,0.0,0.0
LSTM,bracket_matching,large,1000,964,0.01,8,classification,0.0,0.0
LSTM,bracket_matching,large,1000,964,0.01,9,classification,0.0,9.999999999998899e-05
LSTM,bracket_matching,large,1000,964,0.003,0,classification,0.0,0.00019999999999997797
LSTM,bracket_matching,large,1000,964,0.003,1,classification,0.0,9.999999999998899e-05
LSTM,bracket_matching,large,1000,964,0.003,2,classification,0.0,0.0
LSTM,bracket_matching,large,1000,964,0.003,3,classification,0.021499999999999964,0.020199999999999996
LSTM,bracket_matching,large,1000,964,0.003,4,classification,0.0,0.0
LSTM,bracket_matching,large,1000,964,0.003,5,classification,0.0,0.00019999999999997797
LSTM,bracket_matching,large,1000,964,0.003,6,classification,0.0,0.0
LSTM,bracket_matching,large,1000,964,0.003,7,classification,0.0,0.00029999999999996696
LSTM,bracket_matching,large,1000,964,0.003,8,classification,0.0,0.0006000000000000449
LSTM,bracket_matching,large,1000,964,0.003,9,classification,0.0,9.999999999998899e-05
LSTM,bracket_matching,large,1000,964,0.001,0,classification,0.0030000000000000027,0.006099999999999994
LSTM,bracket_matching,large,1000,964,0.001,1,classification,0.19499999999999995,0.20309999999999995
LSTM,bracket_matching,large,1000,964,0.001,2,classification,0.061000000000000054,0.06679999999999997
LSTM,bracket_matching,large,1000,964,0.001,3,classification,0.05800000000000005,0.0675
LSTM,bracket_matching,large,1000,964,0.001,4,classification,0.06399999999999995,0.06230000000000002
LSTM,bracket_matching,large,1000,964,0.001,5,classification,0.0024999999999999467,0.0048000000000000265
LSTM,bracket_matching,large,1000,964,0.001,6,classification,0.1755,0.1674
LSTM,bracket_matching,large,1000,964,0.001,7,classification,0.0004999999999999449,0.0010999999999999899
LSTM,bracket_matching,large,1000,964,0.001,8,classification,0.024499999999999966,0.022599999999999953
LSTM,bracket_matching,large,1000,964,0.001,9,classification,0.015499999999999958,0.01849999999999996
LSTM,bracket_matching,large,1000,964,0.0003,0,classification,0.11499999999999999,0.11439999999999995
LSTM,bracket_matching,large,1000,964,0.0003,1,classification,0.1985,0.2066
LSTM,bracket_matching,large,1000,964,0.0003,2,classification,0.1925,0.20509999999999995
LSTM,bracket_matching,large,1000,964,0.0003,3,classification,0.02300000000000002,0.02400000000000002
LSTM,bracket_matching,large,1000,964,0.0003,4,classification,0.20550000000000002,0.20650000000000002
LSTM,bracket_matching,large,1000,964,0.0003,5,classification,0.1965,0.20109999999999995
LSTM,bracket_matching,large,1000,964,0.0003,6,classification,0.20299999999999996,0.2007
LSTM,bracket_matching,large,1000,964,0.0003,7,classification,0.20099999999999996,0.20779999999999998
LSTM,bracket_matching,large,1000,964,0.0003,8,classification,0.21650000000000003,0.19930000000000003
LSTM,bracket_matching,large,1000,964,0.0003,9,classification,0.1975,0.20520000000000005
LSTM,bracket_matching,large,1000,964,0.0001,0,classification,0.19899999999999995,0.20209999999999995
LSTM,bracket_matching,large,1000,964,0.0001,1,classification,0.19699999999999995,0.20540000000000003
LSTM,bracket_matching,large,1000,964,0.0001,2,classification,0.1935,0.20520000000000005
LSTM,bracket_matching,large,1000,964,0.0001,3,classification,0.1875,0.20009999999999994
LSTM,bracket_matching,large,1000,964,0.0001,4,classification,0.20550000000000002,0.20299999999999996
LSTM,bracket_matching,large,1000,964,0.0001,5,classification,0.1995,0.20499999999999996
LSTM,bracket_matching,large,1000,964,0.0001,6,classification,0.20850000000000002,0.19930000000000003
LSTM,bracket_matching,large,1000,964,0.0001,7,classification,0.20399999999999996,0.21030000000000004
LSTM,bracket_matching,large,1000,964,0.0001,8,classification,0.21650000000000003,0.20220000000000005
LSTM,bracket_matching,large,1000,964,0.0001,9,classification,0.19899999999999995,0.20820000000000005
LSTM,bracket_matching,large,10000,9872,0.01,0,classification,0.0,0.0
LSTM,bracket_matching,large,10000,9872,0.01,1,classification,0.0,0.0
LSTM,bracket_matching,large,10000,9872,0.01,2,classification,0.0,0.0
LSTM,bracket_matching,large,10000,9872,0.01,3,classification,0.0,9.999999999998899e-05
LSTM,bracket_matching,large,10000,9872,0.01,4,classification,0.0,0.0
LSTM,bracket_matching,large,10000,9872,0.01,5,classification,0.0,0.0
LSTM,bracket_matching,large,10000,9872,0.01,6,classification,0.0,0.0007000000000000339
LSTM,bracket_matching,large,10000,9872,0.01,7,classification,0.0,0.0
LSTM,bracket_matching,large,10000,9872,0.01,8,classification,0.0,9.999999999998899e-05
LSTM,bracket_matching,large,10000,9872,0.01,9,classification,0.0,9.999999999998899e-05
LSTM,bracket_matching,large,10000,9872,0.003,0,classification,0.0,9.999999999998899e-05
LSTM,bracket_matching,large,10000,9872,0.003,1,classification,0.0,0.0
LSTM,bracket_matching,large,10000,9872,0.003,2,classification,0.0,0.0
LSTM,bracket_matching,large,10000,9872,0.003,3,classification,0.0,0.0
LSTM,bracket_matching,large,10000,9872,0.003,4,classification,0.0,0.0
LSTM,bracket_matching,large,10000,9872,0.003,5,classification,0.0,0.00019999999999997797
LSTM,bracket_matching,large,10000,9872,0.003,6,classification,0.0,0.0008000000000000229
LSTM,bracket_matching,large,10000,9872,0.003,7,classification,0.0,0.0
LSTM,bracket_matching,large,10000,9872,0.003,8,classification,0.0,9.999999999998899e-05
LSTM,bracket_matching,large,10000,9872,0.003,9,classification,0.0,0.0
LSTM,bracket_matching,large,10000,9872,0.001,0,classification,0.0030000000000000027,0.005099999999999993
LSTM,bracket_matching,large,10000,9872,0.001,1,classification,0.0014999999999999458,0.0017000000000000348
LSTM,bracket_matching,large,10000,9872,0.001,2,classification,0.08350000000000002,0.09940000000000004
LSTM,bracket_matching,large,10000,9872,0.001,3,classification,0.0,0.0008000000000000229
LSTM,bracket_matching,large,10000,9872,0.001,4,classification,0.0,0.0009000000000000119
LSTM,bracket_matching,large,10000,9872,0.001,5,classification,0.0020000000000000018,0.0040999999999999925
LSTM,bracket_matching,large,10000,9872,0.001,6,classification,0.0,9.999999999998899e-05
LSTM,bracket_matching,large,10000,9872,0.001,7,classification,0.09050000000000002,0.08609999999999995
LSTM,bracket_matching,large,10000,9872,0.001,8,classification,0.0,0.0
LSTM,bracket_matching,large,10000,9872,0.001,9,classification,0.0,0.0
LSTM,bracket_matching,large,10000,9872,0.0003,0,classification,0.137,0.13539999999999996
LSTM,bracket_matching,large,10000,9872,0.0003,1,classification,0.061000000000000054,0.061899999999999955
LSTM,bracket_matching,large,10000,9872,0.0003,2,classification,0.16849999999999998,0.1753
LSTM,bracket_matching,large,10000,9872,0.0003,3,classification,0.13149999999999995,0.13959999999999995
LSTM,bracket_matching,large,10000,9872,0.0003,4,classification,0.20599999999999996,0.20399999999999996
LSTM,bracket_matching,large,10000,9872,0.0003,5,classification,0.06399999999999995,0.07420000000000004
LSTM,bracket_matching,large,10000,9872,0.0003,6,classification,0.05349999999999999,0.048900000000000055
LSTM,bracket_matching,large,10000,9872,0.0003,7,classification,0.16049999999999998,0.15569999999999995
LSTM,bracket_matching,large,10000,9872,0.0003,8,classification,0.0,0.00019999999999997797
LSTM,bracket_matching,large,10000,9872,0.0003,9,classification,0.0635,0.07640000000000002
LSTM,bracket_matching,large,10000,9872,0.0001,0,classification,0.19799999999999995,0.19799999999999995
LSTM,bracket_matching,large,10000,9872,0.0001,1,classification,0.19399999999999995,0.20750000000000002
LSTM,bracket_matching,large,10000,9872,0.0001,2,classification,0.19199999999999995,0.20679999999999998
LSTM,bracket_matching,large,10000,9872,0.0001,3,classification,0.18899999999999995,0.2005
LSTM,bracket_matching,large,10000,9872,0.0001,4,classification,0.20550000000000002,0.20389999999999997
LSTM,bracket_matching,large,10000,9872,0.0001,5,classification,0.1935,0.20599999999999996
LSTM,bracket_matching,large,10000,9872,0.0001,6,classification,0.20650000000000002,0.2025
LSTM,bracket_matching,large,10000,9872,0.0001,7,classification,0.2005,0.21150000000000002
LSTM,bracket_matching,large,10000,9872,0.0001,8,classification,0.21550000000000002,0.19820000000000004
LSTM,bracket_matching,large,10000,9872,0.0001,9,classification,0.1965,0.20230000000000004
LSTM,bracket_matching,large,100000,99512,0.01,0,classification,0.1995,0.19669999999999999
LSTM,bracket_matching,large,100000,99512,0.01,1,classification,0.17300000000000004,0.1825
LSTM,bracket_matching,large,100000,99512,0.01,2,classification,0.0,0.0
LSTM,bracket_matching,large,100000,99512,0.01,3,classification,0.16849999999999998,0.1884
LSTM,bracket_matching,large,100000,99512,0.01,4,classification,0.0,9.999999999998899e-05
LSTM,bracket_matching,large,100000,99512,0.01,5,classification,0.365,0.36939999999999995
LSTM,bracket_matching,large,100000,99512,0.01,6,classification,0.0,9.999999999998899e-05
LSTM,bracket_matching,large,100000,99512,0.01,7,classification,0.36650000000000005,0.35740000000000005
LSTM,bracket_matching,large,100000,99512,0.01,8,classification,0.08099999999999996,0.07869999999999999
LSTM,bracket_matching,large,100000,99512,0.01,9,classification,0.0020000000000000018,0.0010999999999999899
LSTM,bracket_matching,large,100000,99512,0.003,0,classification,0.0,9.999999999998899e-05
LSTM,bracket_matching,large,100000,99512,0.003,1,classification,0.16949999999999998,0.18230000000000002
LSTM,bracket_matching,large,100000,99512,0.003,2,classification,0.0,0.0
LSTM,bracket_matching,large,100000,99512,0.003,3,classification,0.0,9.999999999998899e-05
LSTM,bracket_matching,large,100000,99512,0.003,4,classification,0.17800000000000005,0.17090000000000005
LSTM,bracket_matching,large,100000,99512,0.003,5,classification,0.0,0.00019999999999997797
LSTM,bracket_matching,large,100000,99512,0.003,6,classification,0.0,0.0
LSTM,bracket_matching,large,100000,99512,0.003,7,classification,0.0,0.0
LSTM,bracket_matching,large,100000,99512,0.003,8,classification,0.0,0.0
LSTM,bracket_matching,large,100000,99512,0.003,9,classification,0.0,9.999999999998899e-05
LSTM,bracket_matching,large,100000,99512,0.001,0,classification,0.0,0.0
LSTM,bracket_matching,large,100000,99512,0.001,1,classification,0.0,9.999999999998899e-05
LSTM,bracket_matching,large,100000,99512,0.001,2,classification,0.0,0.00039999999999995595
LSTM,bracket_matching,large,100000,99512,0.001,3,classification,0.0040000000000000036,0.0032999999999999696
LSTM,bracket_matching,large,100000,99512,0.001,4,classification,0.0,9.999999999998899e-05
LSTM,bracket_matching,large,100000,99512,0.001,5,classification,0.0,0.00019999999999997797
LSTM,bracket_matching,large,100000,99512,0.001,6,classification,0.0,0.0
LSTM,bracket_matching,large,100000,99512,0.001,7,classification,0.0,0.0
LSTM,bracket_matching,large,100000,99512,0.001,8,classification,0.0,0.0
LSTM,bracket_matching,large,100000,99512,0.001,9,classification,0.0,0.00039999999999995595
LSTM,bracket_matching,large,100000,99512,0.0003,0,classification,0.0004999999999999449,0.0021999999999999797
LSTM,bracket_matching,large,100000,99512,0.0003,1,classification,0.11399999999999999,0.11760000000000004
LSTM,bracket_matching,large,100000,99512,0.0003,2,classification,0.15049999999999997,0.15839999999999999
LSTM,bracket_matching,large,100000,99512,0.0003,3,classification,0.13,0.14790000000000003
LSTM,bracket_matching,large,100000,99512,0.0003,4,classification,0.0,0.00019999999999997797
LSTM,bracket_matching,large,100000,99512,0.0003,5,classification,0.0,0.0
LSTM,bracket_matching,large,100000,99512,0.0003,6,classification,0.14500000000000002,0.139
LSTM,bracket_matching,large,100000,99512,0.0003,7,classification,0.0,0.0
LSTM,bracket_matching,large,100000,99512,0.0003,8,classification,0.15049999999999997,0.1372
LSTM,bracket_matching,large,100000,99512,0.0003,9,classification,0.0010000000000000009,0.00019999999999997797
LSTM,bracket_matching,large,100000,99512,0.0001,0,classification,0.20099999999999996,0.20189999999999997
LSTM,bracket_matching,large,100000,99512,0.0001,1,classification,0.12749999999999995,0.13870000000000005
LSTM,bracket_matching,large,100000,99512,0.0001,2,classification,0.19099999999999995,0.20520000000000005
LSTM,bracket_matching,large,100000,99512,0.0001,3,classification,0.10450000000000004,0.12180000000000002
LSTM,bracket_matching,large,100000,99512,0.0001,4,classification,0.16200000000000003,0.1603
LSTM,bracket_matching,large,100000,99512,0.0001,5,classification,0.08550000000000002,0.08879999999999999
LSTM,bracket_matching,large,100000,99512,0.0001,6,classification,0.129,0.12819999999999998
LSTM,bracket_matching,large,100000,99512,0.0001,7,classification,0.11499999999999999,0.11629999999999996
LSTM,bracket_matching,large,100000,99512,0.0001,8,classification,0.13049999999999995,0.10770000000000002
LSTM,bracket_matching,large,100000,99512,0.0001,9,classification,0.13149999999999995,0.1392
TRANSFORMER_DECODER,simple_copy,large,1000,684,0.01,0,classification,0.9043333333333333,0.904436
TRANSFORMER_DECODER,simple_copy,large,1000,684,0.01,1,classification,0.94969,0.94986
TRANSFORMER_DECODER,simple_copy,large,1000,684,0.01,2,classification,0.87358,0.8732726666666667
TRANSFORMER_DECODER,simple_copy,large,1000,684,0.01,3,classification,0.93193,0.9329
TRANSFORMER_DECODER,simple_copy,large,1000,684,0.01,4,classification,0.9247133333333333,0.924886
TRANSFORMER_DECODER,simple_copy,large,1000,684,0.01,5,classification,0.9176733333333333,0.9177833333333334
TRANSFORMER_DECODER,simple_copy,large,1000,684,0.01,6,classification,0.9061366666666667,0.906428
TRANSFORMER_DECODER,simple_copy,large,1000,684,0.01,7,classification,0.9491533333333333,0.949178
TRANSFORMER_DECODER,simple_copy,large,1000,684,0.01,8,classification,0.9118833333333334,0.9122353333333333
TRANSFORMER_DECODER,simple_copy,large,1000,684,0.01,9,classification,0.9318966666666667,0.9317806666666667
TRANSFORMER_DECODER,simple_copy,large,1000,684,0.003,0,classification,0.8916433333333333,0.8914266666666667
TRANSFORMER_DECODER,simple_copy,large,1000,684,0.003,1,classification,0.9314733333333334,0.9317146666666667
TRANSFORMER_DECODER,simple_copy,large,1000,684,0.003,2,classification,0.9184266666666667,0.918254
TRANSFORMER_DECODER,simple_copy,large,1000,684,0.003,3,classification,0.8885933333333333,0.8886813333333333
TRANSFORMER_DECODER,simple_copy,large,1000,684,0.003,4,classification,0.9416233333333334,0.9420833333333334
TRANSFORMER_DECODER,simple_copy,large,1000,684,0.003,5,classification,0.9407333333333333,0.9401513333333333
TRANSFORMER_DECODER,simple_copy,large,1000,684,0.003,6,classification,0.91209,0.9132633333333333
TRANSFORMER_DECODER,simple_copy,large,1000,684,0.003,7,classification,0.93902,0.9398513333333334
TRANSFORMER_DECODER,simple_copy,large,1000,684,0.003,8,classification,0.86504,0.8650813333333334
TRANSFORMER_DECODER,simple_copy,large,1000,684,0.003,9,classification,0.9384533333333334,0.9394533333333334
TRANSFORMER_DECODER,simple_copy,large,1000,684,0.001,0,classification,0.89731,0.8970566666666666
TRANSFORMER_DECODER,simple_copy,large,1000,684,0.001,1,classification,0.9351833333333334,0.9353313333333333
TRANSFORMER_DECODER,simple_copy,large,1000,684,0.001,2,classification,0.9394766666666666,0.9406613333333333
TRANSFORMER_DECODER,simple_copy,large,1000,684,0.001,3,classification,0.9317033333333333,0.9324906666666667
TRANSFORMER_DECODER,simple_copy,large,1000,684,0.001,4,classification,0.9396466666666666,0.939974
TRANSFORMER_DECODER,simple_copy,large,1000,684,0.001,5,classification,0.9399566666666667,0.939448
TRANSFORMER_DECODER,simple_copy,large,1000,684,0.001,6,classification,0.9111933333333333,0.9113313333333333
TRANSFORMER_DECODER,simple_copy,large,1000,684,0.001,7,classification,0.94168,0.9419153333333333
TRANSFORMER_DECODER,simple_copy,large,1000,684,0.001,8,classification,0.93409,0.9339673333333334
TRANSFORMER_DECODER,simple_copy,large,1000,684,0.001,9,classification,0.93991,0.9398093333333333
TRANSFORMER_DECODER,simple_copy,large,1000,684,0.0003,0,classification,0.8911966666666666,0.8912733333333334
TRANSFORMER_DECODER,simple_copy,large,1000,684,0.0003,1,classification,0.92782,0.928508
TRANSFORMER_DECODER,simple_copy,large,1000,684,0.0003,2,classification,0.9421733333333333,0.942962
TRANSFORMER_DECODER,simple_copy,large,1000,684,0.0003,3,classification,0.93309,0.9339833333333334
TRANSFORMER_DECODER,simple_copy,large,1000,684,0.0003,4,classification,0.9347633333333334,0.9355173333333333
TRANSFORMER_DECODER,simple_copy,large,1000,684,0.0003,5,classification,0.94133,0.9410786666666666
TRANSFORMER_DECODER,simple_copy,large,1000,684,0.0003,6,classification,0.9418166666666666,0.9423726666666666
TRANSFORMER_DECODER,simple_copy,large,1000,684,0.0003,7,classification,0.9422166666666667,0.9424673333333333
TRANSFORMER_DECODER,simple_copy,large,1000,684,0.0003,8,classification,0.94005,0.9408493333333333
TRANSFORMER_DECODER,simple_copy,large,1000,684,0.0003,9,classification,0.94171,0.942142
TRANSFORMER_DECODER,simple_copy,large,1000,684,0.0001,0,classification,0.93605,0.9358113333333333
TRANSFORMER_DECODER,simple_copy,large,1000,684,0.0001,1,classification,0.94989,0.9501273333333333
TRANSFORMER_DECODER,simple_copy,large,1000,684,0.0001,2,classification,0.94267,0.943154
TRANSFORMER_DECODER,simple_copy,large,1000,684,0.0001,3,classification,0.9450433333333333,0.94503
TRANSFORMER_DECODER,simple_copy,large,1000,684,0.0001,4,classification,0.9404966666666666,0.9409213333333333
TRANSFORMER_DECODER,simple_copy,large,1000,684,0.0001,5,classification,0.9420333333333333,0.9417913333333333
TRANSFORMER_DECODER,simple_copy,large,1000,684,0.0001,6,classification,0.9492833333333334,0.950246
TRANSFORMER_DECODER,simple_copy,large,1000,684,0.0001,7,classification,0.9492733333333333,0.9499773333333333
TRANSFORMER_DECODER,simple_copy,large,1000,684,0.0001,8,classification,0.94054,0.9411406666666666
TRANSFORMER_DECODER,simple_copy,large,1000,684,0.0001,9,classification,0.94411,0.9441413333333333
TRANSFORMER_DECODER,simple_copy,large,10000,9056,0.01,0,classification,0.0,0.0
TRANSFORMER_DECODER,simple_copy,large,10000,9056,0.01,1,classification,0.0,1.3333333332976594e-06
TRANSFORMER_DECODER,simple_copy,large,10000,9056,0.01,2,classification,0.0,0.0
TRANSFORMER_DECODER,simple_copy,large,10000,9056,0.01,3,classification,0.9492466666666667,0.9500293333333334
TRANSFORMER_DECODER,simple_copy,large,10000,9056,0.01,4,classification,0.0,0.0
TRANSFORMER_DECODER,simple_copy,large,10000,9056,0.01,5,classification,0.0,0.0
TRANSFORMER_DECODER,simple_copy,large,10000,9056,0.01,6,classification,0.0,0.0
TRANSFORMER_DECODER,simple_copy,large,10000,9056,0.01,7,classification,0.0,2.666666666706341e-06
TRANSFORMER_DECODER,simple_copy,large,10000,9056,0.01,8,classification,0.0,0.0
TRANSFORMER_DECODER,simple_copy,large,10000,9056,0.01,9,classification,0.0,0.0
TRANSFORMER_DECODER,simple_copy,large,10000,9056,0.003,0,classification,0.0,0.0
TRANSFORMER_DECODER,simple_copy,large,10000,9056,0.003,1,classification,0.0,0.0
TRANSFORMER_DECODER,simple_copy,large,10000,9056,0.003,2,classification,0.0,0.0
TRANSFORMER_DECODER,simple_copy,large,10000,9056,0.003,3,classification,0.0,0.0
TRANSFORMER_DECODER,simple_copy,large,10000,9056,0.003,4,classification,0.0,0.0
TRANSFORMER_DECODER,simple_copy,large,10000,9056,0.003,5,classification,0.0,0.0
TRANSFORMER_DECODER,simple_copy,large,10000,9056,0.003,6,classification,0.0,0.0
TRANSFORMER_DECODER,simple_copy,large,10000,9056,0.003,7,classification,0.0,0.0
TRANSFORMER_DECODER,simple_copy,large,10000,9056,0.003,8,classification,0.0,0.0
TRANSFORMER_DECODER,simple_copy,large,10000,9056,0.003,9,classification,0.0,0.0
TRANSFORMER_DECODER,simple_copy,large,10000,9056,0.001,0,classification,0.0,0.0
TRANSFORMER_DECODER,simple_copy,large,10000,9056,0.001,1,classification,0.0,0.0
TRANSFORMER_DECODER,simple_copy,large,10000,9056,0.001,2,classification,0.0,6.666666666710341e-06
TRANSFORMER_DECODER,simple_copy,large,10000,9056,0.001,3,classification,0.0,0.0
TRANSFORMER_DECODER,simple_copy,large,10000,9056,0.001,4,classification,0.0,0.0
TRANSFORMER_DECODER,simple_copy,large,10000,9056,0.001,5,classification,0.0,0.0
TRANSFORMER_DECODER,simple_copy,large,10000,9056,0.001,6,classification,0.0,0.0
TRANSFORMER_DECODER,simple_copy,large,10000,9056,0.001,7,classification,0.0,0.0
TRANSFORMER_DECODER,simple_copy,large,10000,9056,0.001,8,classification,0.0,0.0
TRANSFORMER_DECODER,simple_copy,large,10000,9056,0.001,9,classification,0.0,0.0
TRANSFORMER_DECODER,simple_copy,large,10000,9056,0.0003,0,classification,0.0,4.000000000004e-06
TRANSFORMER_DECODER,simple_copy,large,10000,9056,0.0003,1,classification,0.0,0.0
TRANSFORMER_DECODER,simple_copy,large,10000,9056,0.0003,2,classification,0.0,0.0
TRANSFORMER_DECODER,simple_copy,large,10000,9056,0.0003,3,classification,0.0,0.0
TRANSFORMER_DECODER,simple_copy,large,10000,9056,0.0003,4,classification,0.0,0.0
TRANSFORMER_DECODER,simple_copy,large,10000,9056,0.0003,5,classification,0.0,0.0
TRANSFORMER_DECODER,simple_copy,large,10000,9056,0.0003,6,classification,0.0,0.0
TRANSFORMER_DECODER,simple_copy,large,10000,9056,0.0003,7,classification,0.0,0.0
TRANSFORMER_DECODER,simple_copy,large,10000,9056,0.0003,8,classification,0.0,0.0
TRANSFORMER_DECODER,simple_copy,large,10000,9056,0.0003,9,classification,0.0,4.66666666665283e-06
TRANSFORMER_DECODER,simple_copy,large,10000,9056,0.0001,0,classification,0.0,5.33333333330166e-06
TRANSFORMER_DECODER,simple_copy,large,10000,9056,0.0001,1,classification,0.0,1.3333333332976594e-06
TRANSFORMER_DECODER,simple_copy,large,10000,9056,0.0001,2,classification,0.0,1.999999999946489e-06
TRANSFORMER_DECODER,simple_copy,large,10000,9056,0.0001,3,classification,0.0,0.0
TRANSFORMER_DECODER,simple_copy,large,10000,9056,0.0001,4,classification,0.0,0.0
TRANSFORMER_DECODER,simple_copy,large,10000,9056,0.0001,5,classification,0.0,0.0
TRANSFORMER_DECODER,simple_copy,large,10000,9056,0.0001,6,classification,0.0,1.3333333332976594e-06
TRANSFORMER_DECODER,simple_copy,large,10000,9056,0.0001,7,classification,0.0,0.0
TRANSFORMER_DECODER,simple_copy,large,10000,9056,0.0001,8,classification,0.0,5.33333333330166e-06
TRANSFORMER_DECODER,simple_copy,large,10000,9056,0.0001,9,classification,0.0,4.000000000004e-06
TRANSFORMER_DECODER,simple_copy,large,100000,96616,0.01,0,classification,0.9490766666666667,0.9501793333333334
TRANSFORMER_DECODER,simple_copy,large,100000,96616,0.01,1,classification,0.94982,0.9501493333333333
TRANSFORMER_DECODER,simple_copy,large,100000,96616,0.01,2,classification,0.9495666666666667,0.9500453333333333
TRANSFORMER_DECODER,simple_copy,large,100000,96616,0.01,3,classification,0.9493266666666667,0.9499333333333333
TRANSFORMER_DECODER,simple_copy,large,100000,96616,0.01,4,classification,0.9494366666666667,0.9499153333333333
TRANSFORMER_DECODER,simple_copy,large,100000,96616,0.01,5,classification,0.9495433333333333,0.9502633333333333
TRANSFORMER_DECODER,simple_copy,large,100000,96616,0.01,6,classification,0.9490733333333333,0.9498126666666666
TRANSFORMER_DECODER,simple_copy,large,100000,96616,0.01,7,classification,0.9497066666666667,0.9498800000000001
TRANSFORMER_DECODER,simple_copy,large,100000,96616,0.01,8,classification,0.9495666666666667,0.949902
TRANSFORMER_DECODER,simple_copy,large,100000,96616,0.01,9,classification,0.9495966666666666,0.949804
TRANSFORMER_DECODER,simple_copy,large,100000,96616,0.003,0,classification,0.0,0.0
TRANSFORMER_DECODER,simple_copy,large,100000,96616,0.003,1,classification,0.0,0.0
TRANSFORMER_DECODER,simple_copy,large,100000,96616,0.003,2,classification,0.0,0.0
TRANSFORMER_DECODER,simple_copy,large,100000,96616,0.003,3,classification,0.0,6.666666666488297e-07
TRANSFORMER_DECODER,simple_copy,large,100000,96616,0.003,4,classification,0.0,0.0
TRANSFORMER_DECODER,simple_copy,large,100000,96616,0.003,5,classification,0.0,0.0
TRANSFORMER_DECODER,simple_copy,large,100000,96616,0.003,6,classification,0.0,0.0
TRANSFORMER_DECODER,simple_copy,large,100000,96616,0.003,7,classification,0.0,0.0
TRANSFORMER_DECODER,simple_copy,large,100000,96616,0.003,8,classification,0.0,0.0
TRANSFORMER_DECODER,simple_copy,large,100000,96616,0.003,9,classification,0.0,0.0
TRANSFORMER_DECODER,simple_copy,large,100000,96616,0.001,0,classification,0.0,0.0
TRANSFORMER_DECODER,simple_copy,large,100000,96616,0.001,1,classification,0.0,0.0
TRANSFORMER_DECODER,simple_copy,large,100000,96616,0.001,2,classification,0.0,0.0
TRANSFORMER_DECODER,simple_copy,large,100000,96616,0.001,3,classification,0.0,6.666666666488297e-07
TRANSFORMER_DECODER,simple_copy,large,100000,96616,0.001,4,classification,0.0,0.0
TRANSFORMER_DECODER,simple_copy,large,100000,96616,0.001,5,classification,0.0,0.0
TRANSFORMER_DECODER,simple_copy,large,100000,96616,0.001,6,classification,0.0,0.0
TRANSFORMER_DECODER,simple_copy,large,100000,96616,0.001,7,classification,0.0,0.0
TRANSFORMER_DECODER,simple_copy,large,100000,96616,0.001,8,classification,0.0,0.0
TRANSFORMER_DECODER,simple_copy,large,100000,96616,0.001,9,classification,0.0,0.0
TRANSFORMER_DECODER,simple_copy,large,100000,96616,0.0003,0,classification,0.0,0.0
TRANSFORMER_DECODER,simple_copy,large,100000,96616,0.0003,1,classification,0.0,0.0
TRANSFORMER_DECODER,simple_copy,large,100000,96616,0.0003,2,classification,0.0,0.0
TRANSFORMER_DECODER,simple_copy,large,100000,96616,0.0003,3,classification,0.0,1.3333333332976594e-06
TRANSFORMER_DECODER,simple_copy,large,100000,96616,0.0003,4,classification,0.0,0.0
TRANSFORMER_DECODER,simple_copy,large,100000,96616,0.0003,5,classification,0.0,0.0
TRANSFORMER_DECODER,simple_copy,large,100000,96616,0.0003,6,classification,0.0,0.0
TRANSFORMER_DECODER,simple_copy,large,100000,96616,0.0003,7,classification,0.0,0.0
TRANSFORMER_DECODER,simple_copy,large,100000,96616,0.0003,8,classification,0.0,0.0
TRANSFORMER_DECODER,simple_copy,large,100000,96616,0.0003,9,classification,0.0,0.0
TRANSFORMER_DECODER,simple_copy,large,100000,96616,0.0001,0,classification,0.0,0.0
TRANSFORMER_DECODER,simple_copy,large,100000,96616,0.0001,1,classification,0.0,0.0
TRANSFORMER_DECODER,simple_copy,large,100000,96616,0.0001,2,classification,0.0,0.0
TRANSFORMER_DECODER,simple_copy,large,100000,96616,0.0001,3,classification,0.0,0.0
TRANSFORMER_DECODER,simple_copy,large,100000,96616,0.0001,4,classification,0.0,0.0
TRANSFORMER_DECODER,simple_copy,large,100000,96616,0.0001,5,classification,0.0,0.0
TRANSFORMER_DECODER,simple_copy,large,100000,96616,0.0001,6,classification,0.0,0.0
TRANSFORMER_DECODER,simple_copy,large,100000,96616,0.0001,7,classification,0.0,0.0
TRANSFORMER_DECODER,simple_copy,large,100000,96616,0.0001,8,classification,0.0,0.0
TRANSFORMER_DECODER,simple_copy,large,100000,96616,0.0001,9,classification,0.0,0.0
TRANSFORMER_DECODER,selective_copy,large,1000,688,0.01,0,classification,0.9485666666666667,0.94987
TRANSFORMER_DECODER,selective_copy,large,1000,688,0.01,1,classification,0.9488333333333333,0.9493566666666666
TRANSFORMER_DECODER,selective_copy,large,1000,688,0.01,2,classification,0.94825,0.94961
TRANSFORMER_DECODER,selective_copy,large,1000,688,0.01,3,classification,0.9488833333333333,0.9507
TRANSFORMER_DECODER,selective_copy,large,1000,688,0.01,4,classification,0.9484166666666667,0.9499533333333333
TRANSFORMER_DECODER,selective_copy,large,1000,688,0.01,5,classification,0.94885,0.94955
TRANSFORMER_DECODER,selective_copy,large,1000,688,0.01,6,classification,0.9485833333333333,0.94987
TRANSFORMER_DECODER,selective_copy,large,1000,688,0.01,7,classification,0.94825,0.9502733333333333
TRANSFORMER_DECODER,selective_copy,large,1000,688,0.01,8,classification,0.9251833333333334,0.92557
TRANSFORMER_DECODER,selective_copy,large,1000,688,0.01,9,classification,0.9488833333333333,0.9498233333333334
TRANSFORMER_DECODER,selective_copy,large,1000,688,0.003,0,classification,0.92655,0.92831
TRANSFORMER_DECODER,selective_copy,large,1000,688,0.003,1,classification,0.9324166666666667,0.9334933333333333
TRANSFORMER_DECODER,selective_copy,large,1000,688,0.003,2,classification,0.9410333333333334,0.94206
TRANSFORMER_DECODER,selective_copy,large,1000,688,0.003,3,classification,0.9115,0.9129633333333333
TRANSFORMER_DECODER,selective_copy,large,1000,688,0.003,4,classification,0.9185333333333333,0.91893
TRANSFORMER_DECODER,selective_copy,large,1000,688,0.003,5,classification,0.9240333333333334,0.9261566666666666
TRANSFORMER_DECODER,selective_copy,large,1000,688,0.003,6,classification,0.9197,0.92044
TRANSFORMER_DECODER,selective_copy,large,1000,688,0.003,7,classification,0.89305,0.89484
TRANSFORMER_DECODER,selective_copy,large,1000,688,0.003,8,classification,0.9410499999999999,0.9412633333333333
TRANSFORMER_DECODER,selective_copy,large,1000,688,0.003,9,classification,0.9283833333333333,0.92987
TRANSFORMER_DECODER,selective_copy,large,1000,688,0.001,0,classification,0.9322333333333334,0.9336466666666666
TRANSFORMER_DECODER,selective_copy,large,1000,688,0.001,1,classification,0.93245,0.93292
TRANSFORMER_DECODER,selective_copy,large,1000,688,0.001,2,classification,0.9280166666666667,0.9284733333333334
TRANSFORMER_DECODER,selective_copy,large,1000,688,0.001,3,classification,0.9076833333333333,0.91014
TRANSFORMER_DECODER,selective_copy,large,1000,688,0.001,4,classification,0.9410666666666667,0.9418066666666667
TRANSFORMER_DECODER,selective_copy,large,1000,688,0.001,5,classification,0.92855,0.9301133333333333
TRANSFORMER_DECODER,selective_copy,large,1000,688,0.001,6,classification,0.92845,0.9305866666666667
TRANSFORMER_DECODER,selective_copy,large,1000,688,0.001,7,classification,0.9258333333333333,0.92843
TRANSFORMER_DECODER,selective_copy,large,1000,688,0.001,8,classification,0.9322833333333334,0.93241
TRANSFORMER_DECODER,selective_copy,large,1000,688,0.001,9,classification,0.91695,0.9173933333333333
TRANSFORMER_DECODER,selective_copy,large,1000,688,0.0003,0,classification,0.9395,0.9406366666666667
TRANSFORMER_DECODER,selective_copy,large,1000,688,0.0003,1,classification,0.94925,0.9501633333333334
TRANSFORMER_DECODER,selective_copy,large,1000,688,0.0003,2,classification,0.9485,0.9494666666666667
TRANSFORMER_DECODER,selective_copy,large,1000,688,0.0003,3,classification,0.9487666666666666,0.9506533333333334
TRANSFORMER_DECODER,selective_copy,large,1000,688,0.0003,4,classification,0.9402333333333334,0.9423133333333333
TRANSFORMER_DECODER,selective_copy,large,1000,688,0.0003,5,classification,0.9198999999999999,0.9200366666666666
TRANSFORMER_DECODER,selective_copy,large,1000,688,0.0003,6,classification,0.9475166666666667,0.94982
TRANSFORMER_DECODER,selective_copy,large,1000,688,0.0003,7,classification,0.9261333333333334,0.92859
TRANSFORMER_DECODER,selective_copy,large,1000,688,0.0003,8,classification,0.9490833333333333,0.9495433333333333
TRANSFORMER_DECODER,selective_copy,large,1000,688,0.0003,9,classification,0.94795,0.9498
TRANSFORMER_DECODER,selective_copy,large,1000,688,0.0001,0,classification,0.9486833333333333,0.95
TRANSFORMER_DECODER,selective_copy,large,1000,688,0.0001,1,classification,0.9487166666666667,0.9502133333333334
TRANSFORMER_DECODER,selective_copy,large,1000,688,0.0001,2,classification,0.9482833333333334,0.94991
TRANSFORMER_DECODER,selective_copy,large,1000,688,0.0001,3,classification,0.9487,0.9497266666666666
TRANSFORMER_DECODER,selective_copy,large,1000,688,0.0001,4,classification,0.95005,0.9496233333333334
TRANSFORMER_DECODER,selective_copy,large,1000,688,0.0001,5,classification,0.9474833333333333,0.94964
TRANSFORMER_DECODER,selective_copy,large,1000,688,0.0001,6,classification,0.9491666666666667,0.9494633333333333
TRANSFORMER_DECODER,selective_copy,large,1000,688,0.0001,7,classification,0.9333833333333333,0.9358333333333333
TRANSFORMER_DECODER,selective_copy,large,1000,688,0.0001,8,classification,0.94825,0.9502266666666667
TRANSFORMER_DECODER,selective_copy,large,1000,688,0.0001,9,classification,0.9482333333333334,0.9494133333333333
TRANSFORMER_DECODER,selective_copy,large,10000,9074,0.01,0,classification,0.9485666666666667,0.94987
TRANSFORMER_DECODER,selective_copy,large,10000,9074,0.01,1,classification,0.9488333333333333,0.9493566666666666
TRANSFORMER_DECODER,selective_copy,large,10000,9074,0.01,2,classification,0.94825,0.94961
TRANSFORMER_DECODER,selective_copy,large,10000,9074,0.01,3,classification,0.9488833333333333,0.9507
TRANSFORMER_DECODER,selective_copy,large,10000,9074,0.01,4,classification,0.9484166666666667,0.9499533333333333
TRANSFORMER_DECODER,selective_copy,large,10000,9074,0.01,5,classification,0.9482833333333334,0.9500433333333334
TRANSFORMER_DECODER,selective_copy,large,10000,9074,0.01,6,classification,0.9477166666666667,0.94966
TRANSFORMER_DECODER,selective_copy,large,10000,9074,0.01,7,classification,0.9329,0.9317166666666666
TRANSFORMER_DECODER,selective_copy,large,10000,9074,0.01,8,classification,0.9478833333333333,0.95006
TRANSFORMER_DECODER,selective_copy,large,10000,9074,0.01,9,classification,0.9482833333333334,0.9506633333333333
TRANSFORMER_DECODER,selective_copy,large,10000,9074,0.003,0,classification,0.47809999999999997,0.4783233333333333
TRANSFORMER_DECODER,selective_copy,large,10000,9074,0.003,1,classification,0.4702833333333334,0.46919333333333335
TRANSFORMER_DECODER,selective_copy,large,10000,9074,0.003,2,classification,0.4993666666666666,0.49728666666666665
TRANSFORMER_DECODER,selective_copy,large,10000,9074,0.003,3,classification,0.47719999999999996,0.4775366666666667
TRANSFORMER_DECODER,selective_copy,large,10000,9074,0.003,4,classification,0.7080500000000001,0.7073433333333333
TRANSFORMER_DECODER,selective_copy,large,10000,9074,0.003,5,classification,0.4722333333333333,0.4718866666666667
TRANSFORMER_DECODER,selective_copy,large,10000,9074,0.003,6,classification,0.4672333333333333,0.46934333333333333
TRANSFORMER_DECODER,selective_copy,large,10000,9074,0.003,7,classification,0.47796666666666665,0.47836999999999996
TRANSFORMER_DECODER,selective_copy,large,10000,9074,0.003,8,classification,0.45938333333333337,0.4610966666666667
TRANSFORMER_DECODER,selective_copy,large,10000,9074,0.003,9,classification,0.7014,0.7044900000000001
TRANSFORMER_DECODER,selective_copy,large,10000,9074,0.001,0,classification,0.5589,0.5603400000000001
TRANSFORMER_DECODER,selective_copy,large,10000,9074,0.001,1,classification,0.46645000000000003,0.46538
TRANSFORMER_DECODER,selective_copy,large,10000,9074,0.001,2,classification,0.5086833333333334,0.5083066666666667
TRANSFORMER_DECODER,selective_copy,large,10000,9074,0.001,3,classification,0.54365,0.54524
TRANSFORMER_DECODER,selective_copy,large,10000,9074,0.001,4,classification,0.15103333333333335,0.14839000000000002
TRANSFORMER_DECODER,selective_copy,large,10000,9074,0.001,5,classification,0.5208833333333334,0.5259566666666666
TRANSFORMER_DECODER,selective_copy,large,10000,9074,0.001,6,classification,0.10601666666666665,0.10680333333333336
TRANSFORMER_DECODER,selective_copy,large,10000,9074,0.001,7,classification,0.11148333333333338,0.11285
TRANSFORMER_DECODER,selective_copy,large,10000,9074,0.001,8,classification,0.5247666666666666,0.5253233333333334
TRANSFORMER_DECODER,selective_copy,large,10000,9074,0.001,9,classification,0.17651666666666666,0.17430999999999996
TRANSFORMER_DECODER,selective_copy,large,10000,9074,0.0003,0,classification,0.4499833333333333,0.44759000000000004
TRANSFORMER_DECODER,selective_copy,large,10000,9074,0.0003,1,classification,0.4551833333333334,0.45946333333333333
TRANSFORMER_DECODER,selective_copy,large,10000,9074,0.0003,2,classification,0.19428333333333336,0.19125666666666663
TRANSFORMER_DECODER,selective_copy,large,10000,9074,0.0003,3,classification,0.24329999999999996,0.24265666666666663
TRANSFORMER_DECODER,selective_copy,large,10000,9074,0.0003,4,classification,0.09453333333333336,0.09155000000000002
TRANSFORMER_DECODER,selective_copy,large,10000,9074,0.0003,5,classification,0.12451666666666672,0.1270366666666667
TRANSFORMER_DECODER,selective_copy,large,10000,9074,0.0003,6,classification,0.11385,0.11485999999999996
TRANSFORMER_DECODER,selective_copy,large,10000,9074,0.0003,7,classification,0.0920833333333333,0.09348666666666672
TRANSFORMER_DECODER,selective_copy,large,10000,9074,0.0003,8,classification,0.6606666666666667,0.6625833333333333
TRANSFORMER_DECODER,selective_copy,large,10000,9074,0.0003,9,classification,0.19136666666666668,0.19162333333333337
TRANSFORMER_DECODER,selective_copy,large,10000,9074,0.0001,0,classification,0.50995,0.51068
TRANSFORMER_DECODER,selective_copy,large,10000,9074,0.0001,1,classification,0.35509999999999997,0.35392999999999997
TRANSFORMER_DECODER,selective_copy,large,10000,9074,0.0001,2,classification,0.16285000000000005,0.15889666666666669
TRANSFORMER_DECODER,selective_copy,large,10000,9074,0.0001,3,classification,0.9488333333333333,0.9502633333333333
TRANSFORMER_DECODER,selective_copy,large,10000,9074,0.0001,4,classification,0.12848333333333328,0.1266733333333333
TRANSFORMER_DECODER,selective_copy,large,10000,9074,0.0001,5,classification,0.12380000000000002,0.12474333333333332
TRANSFORMER_DECODER,selective_copy,large,10000,9074,0.0001,6,classification,0.10086666666666666,0.09939333333333333
TRANSFORMER_DECODER,selective_copy,large,10000,9074,0.0001,7,classification,0.12448333333333328,0.12360000000000004
TRANSFORMER_DECODER,selective_copy,large,10000,9074,0.0001,8,classification,0.3671333333333333,0.3677066666666666
TRANSFORMER_DECODER,selective_copy,large,10000,9074,0.0001,9,classification,0.14671666666666672,0.14326000000000005
TRANSFORMER_DECODER,selective_copy,large,100000,96678,0.01,0,classification,0.9486166666666667,0.9497833333333333
TRANSFORMER_DECODER,selective_copy,large,100000,96678,0.01,1,classification,0.9488333333333333,0.9493566666666666
TRANSFORMER_DECODER,selective_copy,large,100000,96678,0.01,2,classification,0.94825,0.94961
TRANSFORMER_DECODER,selective_copy,large,100000,96678,0.01,3,classification,0.9488833333333333,0.9507
TRANSFORMER_DECODER,selective_copy,large,100000,96678,0.01,4,classification,0.9484166666666667,0.9499533333333333
TRANSFORMER_DECODER,selective_copy,large,100000,96678,0.01,5,classification,0.9497333333333333,0.9505333333333333
TRANSFORMER_DECODER,selective_copy,large,100000,96678,0.01,6,classification,0.9477166666666667,0.94966
TRANSFORMER_DECODER,selective_copy,large,100000,96678,0.01,7,classification,0.94825,0.9502733333333333
TRANSFORMER_DECODER,selective_copy,large,100000,96678,0.01,8,classification,0.9478833333333333,0.95006
TRANSFORMER_DECODER,selective_copy,large,100000,96678,0.01,9,classification,0.9485,0.9504533333333334
TRANSFORMER_DECODER,selective_copy,large,100000,96678,0.003,0,classification,0.21035000000000004,0.21248999999999996
TRANSFORMER_DECODER,selective_copy,large,100000,96678,0.003,1,classification,0.2575666666666667,0.25885
TRANSFORMER_DECODER,selective_copy,large,100000,96678,0.003,2,classification,0.2113166666666667,0.20645000000000002
TRANSFORMER_DECODER,selective_copy,large,100000,96678,0.003,3,classification,0.21935000000000004,0.2195733333333333
TRANSFORMER_DECODER,selective_copy,large,100000,96678,0.003,4,classification,0.2155166666666667,0.21175999999999995
TRANSFORMER_DECODER,selective_copy,large,100000,96678,0.003,5,classification,0.21386666666666665,0.21343
TRANSFORMER_DECODER,selective_copy,large,100000,96678,0.003,6,classification,0.22716666666666663,0.22732666666666668
TRANSFORMER_DECODER,selective_copy,large,100000,96678,0.003,7,classification,0.2705833333333333,0.2723333333333333
TRANSFORMER_DECODER,selective_copy,large,100000,96678,0.003,8,classification,0.20948333333333335,0.2093233333333333
TRANSFORMER_DECODER,selective_copy,large,100000,96678,0.003,9,classification,0.25403333333333333,0.2525233333333333
TRANSFORMER_DECODER,selective_copy,large,100000,96678,0.001,0,classification,0.0400166666666667,0.039510000000000045
TRANSFORMER_DECODER,selective_copy,large,100000,96678,0.001,1,classification,0.027616666666666623,0.029730000000000034
TRANSFORMER_DECODER,selective_copy,large,100000,96678,0.001,2,classification,0.04616666666666669,0.04578666666666664
TRANSFORMER_DECODER,selective_copy,large,100000,96678,0.001,3,classification,0.018916666666666693,0.019120000000000026
TRANSFORMER_DECODER,selective_copy,large,100000,96678,0.001,4,classification,0.029483333333333306,0.029333333333333322
TRANSFORMER_DECODER,selective_copy,large,100000,96678,0.001,5,classification,0.021266666666666656,0.020399999999999974
TRANSFORMER_DECODER,selective_copy,large,100000,96678,0.001,6,classification,0.04588333333333339,0.04747666666666661
TRANSFORMER_DECODER,selective_copy,large,100000,96678,0.001,7,classification,0.03528333333333333,0.035499999999999976
TRANSFORMER_DECODER,selective_copy,large,100000,96678,0.001,8,classification,0.05259999999999998,0.05275333333333332
TRANSFORMER_DECODER,selective_copy,large,100000,96678,0.001,9,classification,0.02973333333333328,0.02890333333333328
TRANSFORMER_DECODER,selective_copy,large,100000,96678,0.0003,0,classification,0.022599999999999953,0.021649999999999947
TRANSFORMER_DECODER,selective_copy,large,100000,96678,0.0003,1,classification,0.025966666666666693,0.027129999999999987
TRANSFORMER_DECODER,selective_copy,large,100000,96678,0.0003,2,classification,0.009883333333333355,0.010639999999999983
TRANSFORMER_DECODER,selective_copy,large,100000,96678,0.0003,3,classification,0.017516666666666625,0.016730000000000023
TRANSFORMER_DECODER,selective_copy,large,100000,96678,0.0003,4,classification,0.02626666666666666,0.02800333333333338
TRANSFORMER_DECODER,selective_copy,large,100000,96678,0.0003,5,classification,0.012249999999999983,0.012449999999999961
TRANSFORMER_DECODER,selective_copy,large,100000,96678,0.0003,6,classification,0.01203333333333334,0.011056666666666715
TRANSFORMER_DECODER,selective_copy,large,100000,96678,0.0003,7,classification,0.019100000000000006,0.019506666666666672
TRANSFORMER_DECODER,selective_copy,large,100000,96678,0.0003,8,classification,0.016349999999999976,0.01739999999999997
TRANSFORMER_DECODER,selective_copy,large,100000,96678,0.0003,9,classification,0.010766666666666702,0.010769999999999946
TRANSFORMER_DECODER,selective_copy,large,100000,96678,0.0001,0,classification,0.018866666666666698,0.01880000000000004
TRANSFORMER_DECODER,selective_copy,large,100000,96678,0.0001,1,classification,0.016316666666666646,0.01814333333333329
TRANSFORMER_DECODER,selective_copy,large,100000,96678,0.0001,2,classification,0.013900000000000023,0.014270000000000005
TRANSFORMER_DECODER,selective_copy,large,100000,96678,0.0001,3,classification,0.015066666666666673,0.014499999999999957
TRANSFORMER_DECODER,selective_copy,large,100000,96678,0.0001,4,classification,0.0164333333333333,0.017483333333333295
TRANSFORMER_DECODER,selective_copy,large,100000,96678,0.0001,5,classification,0.014216666666666655,0.014490000000000003
TRANSFORMER_DECODER,selective_copy,large,100000,96678,0.0001,6,classification,0.01103333333333334,0.01039666666666672
TRANSFORMER_DECODER,selective_copy,large,100000,96678,0.0001,7,classification,0.011016666666666675,0.011566666666666614
TRANSFORMER_DECODER,selective_copy,large,100000,96678,0.0001,8,classification,0.01371666666666671,0.014223333333333366
TRANSFORMER_DECODER,selective_copy,large,100000,96678,0.0001,9,classification,0.016149999999999998,0.015713333333333357
TRANSFORMER_DECODER,sorting_problem,large,1000,884,0.01,0,classification,0.66564,0.664104
TRANSFORMER_DECODER,sorting_problem,large,1000,884,0.01,1,classification,0.72726,0.728348
TRANSFORMER_DECODER,sorting_problem,large,1000,884,0.01,2,classification,0.7873600000000001,0.786764
TRANSFORMER_DECODER,sorting_problem,large,1000,884,0.01,3,classification,0.7129300000000001,0.711452
TRANSFORMER_DECODER,sorting_problem,large,1000,884,0.01,4,classification,0.85652,0.857896
TRANSFORMER_DECODER,sorting_problem,large,1000,884,0.01,5,classification,0.90732,0.908764
TRANSFORMER_DECODER,sorting_problem,large,1000,884,0.01,6,classification,0.90688,0.907964
TRANSFORMER_DECODER,sorting_problem,large,1000,884,0.01,7,classification,0.78229,0.780466
TRANSFORMER_DECODER,sorting_problem,large,1000,884,0.01,8,classification,0.82388,0.822138
TRANSFORMER_DECODER,sorting_problem,large,1000,884,0.01,9,classification,0.90559,0.90534
TRANSFORMER_DECODER,sorting_problem,large,1000,884,0.003,0,classification,0.6301,0.6302479999999999
TRANSFORMER_DECODER,sorting_problem,large,1000,884,0.003,1,classification,0.88166,0.88175
TRANSFORMER_DECODER,sorting_problem,large,1000,884,0.003,2,classification,0.8130999999999999,0.812204
TRANSFORMER_DECODER,sorting_problem,large,1000,884,0.003,3,classification,0.64596,0.647246
TRANSFORMER_DECODER,sorting_problem,large,1000,884,0.003,4,classification,0.86633,0.865756
TRANSFORMER_DECODER,sorting_problem,large,1000,884,0.003,5,classification,0.9137500000000001,0.916318
TRANSFORMER_DECODER,sorting_problem,large,1000,884,0.003,6,classification,0.63846,0.640254
TRANSFORMER_DECODER,sorting_problem,large,1000,884,0.003,7,classification,0.68952,0.689424
TRANSFORMER_DECODER,sorting_problem,large,1000,884,0.003,8,classification,0.85377,0.855658
TRANSFORMER_DECODER,sorting_problem,large,1000,884,0.003,9,classification,0.7013400000000001,0.700944
TRANSFORMER_DECODER,sorting_problem,large,1000,884,0.001,0,classification,0.6947099999999999,0.695588
TRANSFORMER_DECODER,sorting_problem,large,1000,884,0.001,1,classification,0.6753199999999999,0.674848
TRANSFORMER_DECODER,sorting_problem,large,1000,884,0.001,2,classification,0.67841,0.677868
TRANSFORMER_DECODER,sorting_problem,large,1000,884,0.001,3,classification,0.69333,0.6923520000000001
TRANSFORMER_DECODER,sorting_problem,large,1000,884,0.001,4,classification,0.71629,0.7162839999999999
TRANSFORMER_DECODER,sorting_problem,large,1000,884,0.001,5,classification,0.70084,0.70158
TRANSFORMER_DECODER,sorting_problem,large,1000,884,0.001,6,classification,0.71046,0.709758
TRANSFORMER_DECODER,sorting_problem,large,1000,884,0.001,7,classification,0.66467,0.664594
TRANSFORMER_DECODER,sorting_problem,large,1000,884,0.001,8,classification,0.79042,0.792226
TRANSFORMER_DECODER,sorting_problem,large,1000,884,0.001,9,classification,0.9012,0.900454
TRANSFORMER_DECODER,sorting_problem,large,1000,884,0.0003,0,classification,0.7177100000000001,0.719212
TRANSFORMER_DECODER,sorting_problem,large,1000,884,0.0003,1,classification,0.85987,0.859096
TRANSFORMER_DECODER,sorting_problem,large,1000,884,0.0003,2,classification,0.93878,0.939784
TRANSFORMER_DECODER,sorting_problem,large,1000,884,0.0003,3,classification,0.77849,0.778508
TRANSFORMER_DECODER,sorting_problem,large,1000,884,0.0003,4,classification,0.94036,0.941588
TRANSFORMER_DECODER,sorting_problem,large,1000,884,0.0003,5,classification,0.9109700000000001,0.912782
TRANSFORMER_DECODER,sorting_problem,large,1000,884,0.0003,6,classification,0.74908,0.7497579999999999
TRANSFORMER_DECODER,sorting_problem,large,1000,884,0.0003,7,classification,0.91871,0.92088
TRANSFORMER_DECODER,sorting_problem,large,1000,884,0.0003,8,classification,0.75431,0.753328
TRANSFORMER_DECODER,sorting_problem,large,1000,884,0.0003,9,classification,0.89616,0.896614
TRANSFORMER_DECODER,sorting_problem,large,1000,884,0.0001,0,classification,0.93765,0.93894
TRANSFORMER_DECODER,sorting_problem,large,1000,884,0.0001,1,classification,0.94013,0.941222
TRANSFORMER_DECODER,sorting_problem,large,1000,884,0.0001,2,classification,0.93817,0.939476
TRANSFORMER_DECODER,sorting_problem,large,1000,884,0.0001,3,classification,0.88305,0.883266
TRANSFORMER_DECODER,sorting_problem,large,1000,884,0.0001,4,classification,0.94011,0.941526
TRANSFORMER_DECODER,sorting_problem,large,1000,884,0.0001,5,classification,0.93303,0.93601
TRANSFORMER_DECODER,sorting_problem,large,1000,884,0.0001,6,classification,0.86757,0.867808
TRANSFORMER_DECODER,sorting_problem,large,1000,884,0.0001,7,classification,0.93965,0.940138
TRANSFORMER_DECODER,sorting_problem,large,1000,884,0.0001,8,classification,0.94002,0.941444
TRANSFORMER_DECODER,sorting_problem,large,1000,884,0.0001,9,classification,0.949,0.9499
TRANSFORMER_DECODER,sorting_problem,large,10000,9956,0.01,0,classification,0.0,0.0
TRANSFORMER_DECODER,sorting_problem,large,10000,9956,0.01,1,classification,0.0,1.999999999946489e-06
TRANSFORMER_DECODER,sorting_problem,large,10000,9956,0.01,2,classification,0.94762,0.947662
TRANSFORMER_DECODER,sorting_problem,large,10000,9956,0.01,3,classification,0.019000000000000017,0.019055999999999962
TRANSFORMER_DECODER,sorting_problem,large,10000,9956,0.01,4,classification,0.11397000000000002,0.11397400000000002
TRANSFORMER_DECODER,sorting_problem,large,10000,9956,0.01,5,classification,0.0,0.0
TRANSFORMER_DECODER,sorting_problem,large,10000,9956,0.01,6,classification,0.018959999999999977,0.019042000000000003
TRANSFORMER_DECODER,sorting_problem,large,10000,9956,0.01,7,classification,0.018850000000000033,0.018985999999999947
TRANSFORMER_DECODER,sorting_problem,large,10000,9956,0.01,8,classification,0.0,0.0
TRANSFORMER_DECODER,sorting_problem,large,10000,9956,0.01,9,classification,0.018970000000000042,0.019074000000000035
TRANSFORMER_DECODER,sorting_problem,large,10000,9956,0.003,0,classification,0.0,0.0
TRANSFORMER_DECODER,sorting_problem,large,10000,9956,0.003,1,classification,0.0,8.000000000008e-06
TRANSFORMER_DECODER,sorting_problem,large,10000,9956,0.003,2,classification,0.0,1.999999999946489e-06
TRANSFORMER_DECODER,sorting_problem,large,10000,9956,0.003,3,classification,0.0,0.0
TRANSFORMER_DECODER,sorting_problem,large,10000,9956,0.003,4,classification,0.0,0.0
TRANSFORMER_DECODER,sorting_problem,large,10000,9956,0.003,5,classification,0.0,0.0
TRANSFORMER_DECODER,sorting_problem,large,10000,9956,0.003,6,classification,0.0,0.0
TRANSFORMER_DECODER,sorting_problem,large,10000,9956,0.003,7,classification,0.0,1.999999999946489e-06
TRANSFORMER_DECODER,sorting_problem,large,10000,9956,0.003,8,classification,0.0,0.0
TRANSFORMER_DECODER,sorting_problem,large,10000,9956,0.003,9,classification,0.0,2.0000000000020002e-05
TRANSFORMER_DECODER,sorting_problem,large,10000,9956,0.001,0,classification,0.0,0.0
TRANSFORMER_DECODER,sorting_problem,large,10000,9956,0.001,1,classification,0.0,0.0
TRANSFORMER_DECODER,sorting_problem,large,10000,9956,0.001,2,classification,0.0,0.0
TRANSFORMER_DECODER,sorting_problem,large,10000,9956,0.001,3,classification,0.0,0.0
TRANSFORMER_DECODER,sorting_problem,large,10000,9956,0.001,4,classification,0.0,0.0
TRANSFORMER_DECODER,sorting_problem,large,10000,9956,0.001,5,classification,0.0,0.0
TRANSFORMER_DECODER,sorting_problem,large,10000,9956,0.001,6,classification,0.0,0.0
TRANSFORMER_DECODER,sorting_problem,large,10000,9956,0.001,7,classification,0.0,1.999999999946489e-06
TRANSFORMER_DECODER,sorting_problem,large,10000,9956,0.001,8,classification,0.0,5.999999999950489e-06
TRANSFORMER_DECODER,sorting_problem,large,10000,9956,0.001,9,classification,0.0,0.0
TRANSFORMER_DECODER,sorting_problem,large,10000,9956,0.0003,0,classification,0.0,1.999999999946489e-06
TRANSFORMER_DECODER,sorting_problem,large,10000,9956,0.0003,1,classification,0.0,5.999999999950489e-06
TRANSFORMER_DECODER,sorting_problem,large,10000,9956,0.0003,2,classification,0.0,1.999999999946489e-06
TRANSFORMER_DECODER,sorting_problem,large,10000,9956,0.0003,3,classification,0.0,0.0
TRANSFORMER_DECODER,sorting_problem,large,10000,9956,0.0003,4,classification,0.0,1.999999999946489e-06
TRANSFORMER_DECODER,sorting_problem,large,10000,9956,0.0003,5,classification,0.0,1.999999999946489e-06
TRANSFORMER_DECODER,sorting_problem,large,10000,9956,0.0003,6,classification,0.0,0.0
TRANSFORMER_DECODER,sorting_problem,large,10000,9956,0.0003,7,classification,0.0,8.000000000008e-06
TRANSFORMER_DECODER,sorting_problem,large,10000,9956,0.0003,8,classification,0.0,4.000000000004e-06
TRANSFORMER_DECODER,sorting_problem,large,10000,9956,0.0003,9,classification,0.0,5.999999999950489e-06
TRANSFORMER_DECODER,sorting_problem,large,10000,9956,0.0001,0,classification,0.0,0.0
TRANSFORMER_DECODER,sorting_problem,large,10000,9956,0.0001,1,classification,0.0,0.0
TRANSFORMER_DECODER,sorting_problem,large,10000,9956,0.0001,2,classification,0.0,0.0
TRANSFORMER_DECODER,sorting_problem,large,10000,9956,0.0001,3,classification,0.0,1.999999999946489e-06
TRANSFORMER_DECODER,sorting_problem,large,10000,9956,0.0001,4,classification,0.0,0.0
TRANSFORMER_DECODER,sorting_problem,large,10000,9956,0.0001,5,classification,0.0,0.0
TRANSFORMER_DECODER,sorting_problem,large,10000,9956,0.0001,6,classification,0.0,1.2000000000012001e-05
TRANSFORMER_DECODER,sorting_problem,large,10000,9956,0.0001,7,classification,0.0,0.0
TRANSFORMER_DECODER,sorting_problem,large,10000,9956,0.0001,8,classification,0.0,1.999999999946489e-06
TRANSFORMER_DECODER,sorting_problem,large,10000,9956,0.0001,9,classification,0.0,1.999999999946489e-06
TRANSFORMER_DECODER,sorting_problem,large,100000,99716,0.01,0,classification,0.94898,0.95013
TRANSFORMER_DECODER,sorting_problem,large,100000,99716,0.01,1,classification,0.94916,0.950314
TRANSFORMER_DECODER,sorting_problem,large,100000,99716,0.01,2,classification,0.94901,0.949864
TRANSFORMER_DECODER,sorting_problem,large,100000,99716,0.01,3,classification,0.94931,0.950172
TRANSFORMER_DECODER,sorting_problem,large,100000,99716,0.01,4,classification,0.94886,0.949856
TRANSFORMER_DECODER,sorting_problem,large,100000,99716,0.01,5,classification,0.94914,0.950102
TRANSFORMER_DECODER,sorting_problem,large,100000,99716,0.01,6,classification,0.94888,0.949394
TRANSFORMER_DECODER,sorting_problem,large,100000,99716,0.01,7,classification,0.94891,0.949824
TRANSFORMER_DECODER,sorting_problem,large,100000,99716,0.01,8,classification,0.94904,0.949522
TRANSFORMER_DECODER,sorting_problem,large,100000,99716,0.01,9,classification,0.94964,0.950396
TRANSFORMER_DECODER,sorting_problem,large,100000,99716,0.003,0,classification,0.0,0.0
TRANSFORMER_DECODER,sorting_problem,large,100000,99716,0.003,1,classification,0.0,0.0
TRANSFORMER_DECODER,sorting_problem,large,100000,99716,0.003,2,classification,0.0,0.0
TRANSFORMER_DECODER,sorting_problem,large,100000,99716,0.003,3,classification,0.0,0.0
TRANSFORMER_DECODER,sorting_problem,large,100000,99716,0.003,4,classification,0.0,0.0
TRANSFORMER_DECODER,sorting_problem,large,100000,99716,0.003,5,classification,0.0,0.0
TRANSFORMER_DECODER,sorting_problem,large,100000,99716,0.003,6,classification,0.0,0.0
TRANSFORMER_DECODER,sorting_problem,large,100000,99716,0.003,7,classification,0.0,0.0
TRANSFORMER_DECODER,sorting_problem,large,100000,99716,0.003,8,classification,0.0,0.0
TRANSFORMER_DECODER,sorting_problem,large,100000,99716,0.003,9,classification,0.0,0.0
TRANSFORMER_DECODER,sorting_problem,large,100000,99716,0.001,0,classification,0.0,4.000000000004e-06
TRANSFORMER_DECODER,sorting_problem,large,100000,99716,0.001,1,classification,0.0,0.0
TRANSFORMER_DECODER,sorting_problem,large,100000,99716,0.001,2,classification,0.0,5.999999999950489e-06
TRANSFORMER_DECODER,sorting_problem,large,100000,99716,0.001,3,classification,0.0,0.0
TRANSFORMER_DECODER,sorting_problem,large,100000,99716,0.001,4,classification,0.0,0.0
TRANSFORMER_DECODER,sorting_problem,large,100000,99716,0.001,5,classification,0.0,0.0
TRANSFORMER_DECODER,sorting_problem,large,100000,99716,0.001,6,classification,0.0,1.999999999946489e-06
TRANSFORMER_DECODER,sorting_problem,large,100000,99716,0.001,7,classification,0.0,0.0
TRANSFORMER_DECODER,sorting_problem,large,100000,99716,0.001,8,classification,0.0,0.0
TRANSFORMER_DECODER,sorting_problem,large,100000,99716,0.001,9,classification,0.0,0.0
TRANSFORMER_DECODER,sorting_problem,large,100000,99716,0.0003,0,classification,0.0,0.0
TRANSFORMER_DECODER,sorting_problem,large,100000,99716,0.0003,1,classification,0.0,0.0
TRANSFORMER_DECODER,sorting_problem,large,100000,99716,0.0003,2,classification,0.0,0.0
TRANSFORMER_DECODER,sorting_problem,large,100000,99716,0.0003,3,classification,0.0,0.0
TRANSFORMER_DECODER,sorting_problem,large,100000,99716,0.0003,4,classification,0.0,0.0
TRANSFORMER_DECODER,sorting_problem,large,100000,99716,0.0003,5,classification,0.0,0.0
TRANSFORMER_DECODER,sorting_problem,large,100000,99716,0.0003,6,classification,0.0,0.0
TRANSFORMER_DECODER,sorting_problem,large,100000,99716,0.0003,7,classification,0.0,0.0
TRANSFORMER_DECODER,sorting_problem,large,100000,99716,0.0003,8,classification,0.0,0.0
TRANSFORMER_DECODER,sorting_problem,large,100000,99716,0.0003,9,classification,0.0,0.0
TRANSFORMER_DECODER,sorting_problem,large,100000,99716,0.0001,0,classification,0.0,0.0
TRANSFORMER_DECODER,sorting_problem,large,100000,99716,0.0001,1,classification,0.0,0.0
TRANSFORMER_DECODER,sorting_problem,large,100000,99716,0.0001,2,classification,0.0,0.0
TRANSFORMER_DECODER,sorting_problem,large,100000,99716,0.0001,3,classification,0.0,0.0
TRANSFORMER_DECODER,sorting_problem,large,100000,99716,0.0001,4,classification,0.0,0.0
TRANSFORMER_DECODER,sorting_problem,large,100000,99716,0.0001,5,classification,0.0,0.0
TRANSFORMER_DECODER,sorting_problem,large,100000,99716,0.0001,6,classification,0.0,0.0
TRANSFORMER_DECODER,sorting_problem,large,100000,99716,0.0001,7,classification,0.0,0.0
TRANSFORMER_DECODER,sorting_problem,large,100000,99716,0.0001,8,classification,0.0,0.0
TRANSFORMER_DECODER,sorting_problem,large,100000,99716,0.0001,9,classification,0.0,0.0
TRANSFORMER_DECODER,associative_recall,large,1000,788,0.01,0,classification,0.9615,0.9638
TRANSFORMER_DECODER,associative_recall,large,1000,788,0.01,1,classification,0.962,0.9694
TRANSFORMER_DECODER,associative_recall,large,1000,788,0.01,2,classification,0.9645,0.9676
TRANSFORMER_DECODER,associative_recall,large,1000,788,0.01,3,classification,0.957,0.9649
TRANSFORMER_DECODER,associative_recall,large,1000,788,0.01,4,classification,0.9635,0.9671
TRANSFORMER_DECODER,associative_recall,large,1000,788,0.01,5,classification,0.9625,0.9678
TRANSFORMER_DECODER,associative_recall,large,1000,788,0.01,6,classification,0.9545,0.9647
TRANSFORMER_DECODER,associative_recall,large,1000,788,0.01,7,classification,0.961,0.9709
TRANSFORMER_DECODER,associative_recall,large,1000,788,0.01,8,classification,0.961,0.9715
TRANSFORMER_DECODER,associative_recall,large,1000,788,0.01,9,classification,0.9625,0.966
TRANSFORMER_DECODER,associative_recall,large,1000,788,0.003,0,classification,0.956,0.9536
TRANSFORMER_DECODER,associative_recall,large,1000,788,0.003,1,classification,0.943,0.9460999999999999
TRANSFORMER_DECODER,associative_recall,large,1000,788,0.003,2,classification,0.9555,0.9663
TRANSFORMER_DECODER,associative_recall,large,1000,788,0.003,3,classification,0.9605,0.9642
TRANSFORMER_DECODER,associative_recall,large,1000,788,0.003,4,classification,0.946,0.9566
TRANSFORMER_DECODER,associative_recall,large,1000,788,0.003,5,classification,0.9545,0.9569
TRANSFORMER_DECODER,associative_recall,large,1000,788,0.003,6,classification,0.956,0.9662
TRANSFORMER_DECODER,associative_recall,large,1000,788,0.003,7,classification,0.961,0.9709
TRANSFORMER_DECODER,associative_recall,large,1000,788,0.003,8,classification,0.9525,0.9593
TRANSFORMER_DECODER,associative_recall,large,1000,788,0.003,9,classification,0.943,0.9477
TRANSFORMER_DECODER,associative_recall,large,1000,788,0.001,0,classification,0.9635,0.9673
TRANSFORMER_DECODER,associative_recall,large,1000,788,0.001,1,classification,0.9485,0.96
TRANSFORMER_DECODER,associative_recall,large,1000,788,0.001,2,classification,0.957,0.9659
TRANSFORMER_DECODER,associative_recall,large,1000,788,0.001,3,classification,0.9605,0.9648
TRANSFORMER_DECODER,associative_recall,large,1000,788,0.001,4,classification,0.952,0.958
TRANSFORMER_DECODER,associative_recall,large,1000,788,0.001,5,classification,0.9505,0.9579
TRANSFORMER_DECODER,associative_recall,large,1000,788,0.001,6,classification,0.9605,0.9712
TRANSFORMER_DECODER,associative_recall,large,1000,788,0.001,7,classification,0.9485,0.9615
TRANSFORMER_DECODER,associative_recall,large,1000,788,0.001,8,classification,0.958,0.9639
TRANSFORMER_DECODER,associative_recall,large,1000,788,0.001,9,classification,0.962,0.9676
TRANSFORMER_DECODER,associative_recall,large,1000,788,0.0003,0,classification,0.965,0.9648
TRANSFORMER_DECODER,associative_recall,large,1000,788,0.0003,1,classification,0.955,0.9658
TRANSFORMER_DECODER,associative_recall,large,1000,788,0.0003,2,classification,0.9535,0.9684
TRANSFORMER_DECODER,associative_recall,large,1000,788,0.0003,3,classification,0.959,0.9618
TRANSFORMER_DECODER,associative_recall,large,1000,788,0.0003,4,classification,0.9595,0.9662
TRANSFORMER_DECODER,associative_recall,large,1000,788,0.0003,5,classification,0.963,0.9645
TRANSFORMER_DECODER,associative_recall,large,1000,788,0.0003,6,classification,0.963,0.9696
TRANSFORMER_DECODER,associative_recall,large,1000,788,0.0003,7,classification,0.9625,0.9666
TRANSFORMER_DECODER,associative_recall,large,1000,788,0.0003,8,classification,0.955,0.97
TRANSFORMER_DECODER,associative_recall,large,1000,788,0.0003,9,classification,0.961,0.9692
TRANSFORMER_DECODER,associative_recall,large,1000,788,0.0001,0,classification,0.963,0.9667
TRANSFORMER_DECODER,associative_recall,large,1000,788,0.0001,1,classification,0.958,0.9679
TRANSFORMER_DECODER,associative_recall,large,1000,788,0.0001,2,classification,0.964,0.967
TRANSFORMER_DECODER,associative_recall,large,1000,788,0.0001,3,classification,0.959,0.9641
TRANSFORMER_DECODER,associative_recall,large,1000,788,0.0001,4,classification,0.965,0.9671
TRANSFORMER_DECODER,associative_recall,large,1000,788,0.0001,5,classification,0.9655,0.9648
TRANSFORMER_DECODER,associative_recall,large,1000,788,0.0001,6,classification,0.966,0.9687
TRANSFORMER_DECODER,associative_recall,large,1000,788,0.0001,7,classification,0.963,0.9696
TRANSFORMER_DECODER,associative_recall,large,1000,788,0.0001,8,classification,0.956,0.9712
TRANSFORMER_DECODER,associative_recall,large,1000,788,0.0001,9,classification,0.966,0.969
TRANSFORMER_DECODER,associative_recall,large,10000,9482,0.01,0,classification,0.9565,0.9704
TRANSFORMER_DECODER,associative_recall,large,10000,9482,0.01,1,classification,0.961,0.9693
TRANSFORMER_DECODER,associative_recall,large,10000,9482,0.01,2,classification,0.961,0.964
TRANSFORMER_DECODER,associative_recall,large,10000,9482,0.01,3,classification,0.962,0.9664
TRANSFORMER_DECODER,associative_recall,large,10000,9482,0.01,4,classification,0.9595,0.9662
TRANSFORMER_DECODER,associative_recall,large,10000,9482,0.01,5,classification,0.9625,0.967
TRANSFORMER_DECODER,associative_recall,large,10000,9482,0.01,6,classification,0.959,0.9659
TRANSFORMER_DECODER,associative_recall,large,10000,9482,0.01,7,classification,0.9605,0.9669
TRANSFORMER_DECODER,associative_recall,large,10000,9482,0.01,8,classification,0.962,0.9655
TRANSFORMER_DECODER,associative_recall,large,10000,9482,0.01,9,classification,0.9615,0.9675
TRANSFORMER_DECODER,associative_recall,large,10000,9482,0.003,0,classification,0.9045,0.9038
TRANSFORMER_DECODER,associative_recall,large,10000,9482,0.003,1,classification,0.9375,0.9507
TRANSFORMER_DECODER,associative_recall,large,10000,9482,0.003,2,classification,0.944,0.9566
TRANSFORMER_DECODER,associative_recall,large,10000,9482,0.003,3,classification,0.9135,0.9184
TRANSFORMER_DECODER,associative_recall,large,10000,9482,0.003,4,classification,0.8975,0.9102
TRANSFORMER_DECODER,associative_recall,large,10000,9482,0.003,5,classification,0.9475,0.9545
TRANSFORMER_DECODER,associative_recall,large,10000,9482,0.003,6,classification,0.0044999999999999485,0.0031999999999999806
TRANSFORMER_DECODER,associative_recall,large,10000,9482,0.003,7,classification,0.9175,0.9194
TRANSFORMER_DECODER,associative_recall,large,10000,9482,0.003,8,classification,0.962,0.9655
TRANSFORMER_DECODER,associative_recall,large,10000,9482,0.003,9,classification,0.9485,0.9541
TRANSFORMER_DECODER,associative_recall,large,10000,9482,0.001,0,classification,0.0004999999999999449,0.0028000000000000247
TRANSFORMER_DECODER,associative_recall,large,10000,9482,0.001,1,classification,0.0,0.0010000000000000009
TRANSFORMER_DECODER,associative_recall,large,10000,9482,0.001,2,classification,0.0,9.999999999998899e-05
TRANSFORMER_DECODER,associative_recall,large,10000,9482,0.001,3,classification,0.0,0.0010999999999999899
TRANSFORMER_DECODER,associative_recall,large,10000,9482,0.001,4,classification,0.0,0.00029999999999996696
TRANSFORMER_DECODER,associative_recall,large,10000,9482,0.001,5,classification,0.0,0.00039999999999995595
TRANSFORMER_DECODER,associative_recall,large,10000,9482,0.001,6,classification,0.0,0.0
TRANSFORMER_DECODER,associative_recall,large,10000,9482,0.001,7,classification,0.0,0.0013999999999999568
TRANSFORMER_DECODER,associative_recall,large,10000,9482,0.001,8,classification,0.9125,0.9278
TRANSFORMER_DECODER,associative_recall,large,10000,9482,0.001,9,classification,0.0,0.00019999999999997797
TRANSFORMER_DECODER,associative_recall,large,10000,9482,0.0003,0,classification,0.959,0.9651
TRANSFORMER_DECODER,associative_recall,large,10000,9482,0.0003,1,classification,0.9175,0.9164
TRANSFORMER_DECODER,associative_recall,large,10000,9482,0.0003,2,classification,0.0,0.0004999999999999449
TRANSFORMER_DECODER,associative_recall,large,10000,9482,0.0003,3,classification,0.963,0.9642
TRANSFORMER_DECODER,associative_recall,large,10000,9482,0.0003,4,classification,0.955,0.9676
TRANSFORMER_DECODER,associative_recall,large,10000,9482,0.0003,5,classification,0.907,0.9103
TRANSFORMER_DECODER,associative_recall,large,10000,9482,0.0003,6,classification,0.963,0.9665
TRANSFORMER_DECODER,associative_recall,large,10000,9482,0.0003,7,classification,0.9255,0.9261
TRANSFORMER_DECODER,associative_recall,large,10000,9482,0.0003,8,classification,0.8865,0.901
TRANSFORMER_DECODER,associative_recall,large,10000,9482,0.0003,9,classification,0.9595,0.9649
TRANSFORMER_DECODER,associative_recall,large,10000,9482,0.0001,0,classification,0.9605,0.9632000000000001
TRANSFORMER_DECODER,associative_recall,large,10000,9482,0.0001,1,classification,0.957,0.9659
TRANSFORMER_DECODER,associative_recall,large,10000,9482,0.0001,2,classification,0.961,0.9657
TRANSFORMER_DECODER,associative_recall,large,10000,9482,0.0001,3,classification,0.9625,0.9665
TRANSFORMER_DECODER,associative_recall,large,10000,9482,0.0001,4,classification,0.9575,0.9681
TRANSFORMER_DECODER,associative_recall,large,10000,9482,0.0001,5,classification,0.9585,0.9624
TRANSFORMER_DECODER,associative_recall,large,10000,9482,0.0001,6,classification,0.965,0.9658
TRANSFORMER_DECODER,associative_recall,large,10000,9482,0.0001,7,classification,0.9595,0.9675
TRANSFORMER_DECODER,associative_recall,large,10000,9482,0.0001,8,classification,0.957,0.9627
TRANSFORMER_DECODER,associative_recall,large,10000,9482,0.0001,9,classification,0.9585,0.9643
TRANSFORMER_DECODER,associative_recall,large,100000,98054,0.01,0,classification,0.96,0.9671
TRANSFORMER_DECODER,associative_recall,large,100000,98054,0.01,1,classification,0.961,0.9693
TRANSFORMER_DECODER,associative_recall,large,100000,98054,0.01,2,classification,0.961,0.964
TRANSFORMER_DECODER,associative_recall,large,100000,98054,0.01,3,classification,0.965,0.9643
TRANSFORMER_DECODER,associative_recall,large,100000,98054,0.01,4,classification,0.962,0.9663
TRANSFORMER_DECODER,associative_recall,large,100000,98054,0.01,5,classification,0.9625,0.9678
TRANSFORMER_DECODER,associative_recall,large,100000,98054,0.01,6,classification,0.958,0.9669
TRANSFORMER_DECODER,associative_recall,large,100000,98054,0.01,7,classification,0.961,0.9653
TRANSFORMER_DECODER,associative_recall,large,100000,98054,0.01,8,classification,0.9605,0.969
TRANSFORMER_DECODER,associative_recall,large,100000,98054,0.01,9,classification,0.9625,0.966
TRANSFORMER_DECODER,associative_recall,large,100000,98054,0.003,0,classification,0.9565,0.9704
TRANSFORMER_DECODER,associative_recall,large,100000,98054,0.003,1,classification,0.962,0.9694
TRANSFORMER_DECODER,associative_recall,large,100000,98054,0.003,2,classification,0.9655,0.9666
TRANSFORMER_DECODER,associative_recall,large,100000,98054,0.003,3,classification,0.964,0.965
TRANSFORMER_DECODER,associative_recall,large,100000,98054,0.003,4,classification,0.9595,0.9662
TRANSFORMER_DECODER,associative_recall,large,100000,98054,0.003,5,classification,0.963,0.9693
TRANSFORMER_DECODER,associative_recall,large,100000,98054,0.003,6,classification,0.959,0.9659
TRANSFORMER_DECODER,associative_recall,large,100000,98054,0.003,7,classification,0.961,0.9653
TRANSFORMER_DECODER,associative_recall,large,100000,98054,0.003,8,classification,0.961,0.9715
TRANSFORMER_DECODER,associative_recall,large,100000,98054,0.003,9,classification,0.9615,0.9675
TRANSFORMER_DECODER,associative_recall,large,100000,98054,0.001,0,classification,0.95,0.956
TRANSFORMER_DECODER,associative_recall,large,100000,98054,0.001,1,classification,0.949,0.9601999999999999
TRANSFORMER_DECODER,associative_recall,large,100000,98054,0.001,2,classification,0.0,0.00029999999999996696
TRANSFORMER_DECODER,associative_recall,large,100000,98054,0.001,3,classification,0.9475,0.9522
TRANSFORMER_DECODER,associative_recall,large,100000,98054,0.001,4,classification,0.9455,0.9472
TRANSFORMER_DECODER,associative_recall,large,100000,98054,0.001,5,classification,0.91,0.9176
TRANSFORMER_DECODER,associative_recall,large,100000,98054,0.001,6,classification,0.0,9.999999999998899e-05
TRANSFORMER_DECODER,associative_recall,large,100000,98054,0.001,7,classification,0.961,0.9653
TRANSFORMER_DECODER,associative_recall,large,100000,98054,0.001,8,classification,0.0,0.0007000000000000339
TRANSFORMER_DECODER,associative_recall,large,100000,98054,0.001,9,classification,0.0,0.0004999999999999449
TRANSFORMER_DECODER,associative_recall,large,100000,98054,0.0003,0,classification,0.0,0.00039999999999995595
TRANSFORMER_DECODER,associative_recall,large,100000,98054,0.0003,1,classification,0.0,0.0004999999999999449
TRANSFORMER_DECODER,associative_recall,large,100000,98054,0.0003,2,classification,0.0,0.0007000000000000339
TRANSFORMER_DECODER,associative_recall,large,100000,98054,0.0003,3,classification,0.0,0.0009000000000000119
TRANSFORMER_DECODER,associative_recall,large,100000,98054,0.0003,4,classification,0.0,9.999999999998899e-05
TRANSFORMER_DECODER,associative_recall,large,100000,98054,0.0003,5,classification,0.0,0.0007000000000000339
TRANSFORMER_DECODER,associative_recall,large,100000,98054,0.0003,6,classification,0.0,0.00019999999999997797
TRANSFORMER_DECODER,associative_recall,large,100000,98054,0.0003,7,classification,0.0,0.0004999999999999449
TRANSFORMER_DECODER,associative_recall,large,100000,98054,0.0003,8,classification,0.0,0.0
TRANSFORMER_DECODER,associative_recall,large,100000,98054,0.0003,9,classification,0.0,0.00039999999999995595
TRANSFORMER_DECODER,associative_recall,large,100000,98054,0.0001,0,classification,0.957,0.9705
TRANSFORMER_DECODER,associative_recall,large,100000,98054,0.0001,1,classification,0.0,0.00029999999999996696
TRANSFORMER_DECODER,associative_recall,large,100000,98054,0.0001,2,classification,0.0,0.0
TRANSFORMER_DECODER,associative_recall,large,100000,98054,0.0001,3,classification,0.0,0.0009000000000000119
TRANSFORMER_DECODER,associative_recall,large,100000,98054,0.0001,4,classification,0.961,0.9672
TRANSFORMER_DECODER,associative_recall,large,100000,98054,0.0001,5,classification,0.9625,0.9696
TRANSFORMER_DECODER,associative_recall,large,100000,98054,0.0001,6,classification,0.0,0.0006000000000000449
TRANSFORMER_DECODER,associative_recall,large,100000,98054,0.0001,7,classification,0.0,0.0010000000000000009
TRANSFORMER_DECODER,associative_recall,large,100000,98054,0.0001,8,classification,0.0,0.0009000000000000119
TRANSFORMER_DECODER,associative_recall,large,100000,98054,0.0001,9,classification,0.0,0.00039999999999995595
TRANSFORMER_DECODER,induction_heads,large,1000,680,0.01,0,classification,0.9492782258064516,0.950275
TRANSFORMER_DECODER,induction_heads,large,1000,680,0.01,1,classification,0.949366935483871,0.9497056451612903
TRANSFORMER_DECODER,induction_heads,large,1000,680,0.01,2,classification,0.923741935483871,0.9239637096774194
TRANSFORMER_DECODER,induction_heads,large,1000,680,0.01,3,classification,0.9496814516129032,0.9499572580645161
TRANSFORMER_DECODER,induction_heads,large,1000,680,0.01,4,classification,0.9374112903225806,0.938416935483871
TRANSFORMER_DECODER,induction_heads,large,1000,680,0.01,5,classification,0.9494717741935483,0.949833064516129
TRANSFORMER_DECODER,induction_heads,large,1000,680,0.01,6,classification,0.949116935483871,0.9500967741935484
TRANSFORMER_DECODER,induction_heads,large,1000,680,0.01,7,classification,0.9487862903225807,0.9504241935483871
TRANSFORMER_DECODER,induction_heads,large,1000,680,0.01,8,classification,0.949358870967742,0.9496806451612904
TRANSFORMER_DECODER,induction_heads,large,1000,680,0.01,9,classification,0.9248548387096774,0.9254443548387097
TRANSFORMER_DECODER,induction_heads,large,1000,680,0.003,0,classification,0.9044153225806452,0.9057427419354839
TRANSFORMER_DECODER,induction_heads,large,1000,680,0.003,1,classification,0.949366935483871,0.9497056451612903
TRANSFORMER_DECODER,induction_heads,large,1000,680,0.003,2,classification,0.9410604838709677,0.9412225806451613
TRANSFORMER_DECODER,induction_heads,large,1000,680,0.003,3,classification,0.9388427419354839,0.9388774193548387
TRANSFORMER_DECODER,induction_heads,large,1000,680,0.003,4,classification,0.9244556451612903,0.9236153225806452
TRANSFORMER_DECODER,induction_heads,large,1000,680,0.003,5,classification,0.9134717741935484,0.9145806451612903
TRANSFORMER_DECODER,induction_heads,large,1000,680,0.003,6,classification,0.939358870967742,0.940375
TRANSFORMER_DECODER,induction_heads,large,1000,680,0.003,7,classification,0.9487862903225807,0.9504241935483871
TRANSFORMER_DECODER,induction_heads,large,1000,680,0.003,8,classification,0.928625,0.9290362903225806
TRANSFORMER_DECODER,induction_heads,large,1000,680,0.003,9,classification,0.9157782258064516,0.9165483870967742
TRANSFORMER_DECODER,induction_heads,large,1000,680,0.001,0,classification,0.8994435483870968,0.8994717741935484
TRANSFORMER_DECODER,induction_heads,large,1000,680,0.001,1,classification,0.8428548387096775,0.8423854838709677
TRANSFORMER_DECODER,induction_heads,large,1000,680,0.001,2,classification,0.9415685483870968,0.9422564516129033
TRANSFORMER_DECODER,induction_heads,large,1000,680,0.001,3,classification,0.9411008064516129,0.9427137096774194
TRANSFORMER_DECODER,induction_heads,large,1000,680,0.001,4,classification,0.9385604838709678,0.9392008064516129
TRANSFORMER_DECODER,induction_heads,large,1000,680,0.001,5,classification,0.935891129032258,0.9372483870967742
TRANSFORMER_DECODER,induction_heads,large,1000,680,0.001,6,classification,0.9412177419354839,0.9417822580645161
TRANSFORMER_DECODER,induction_heads,large,1000,680,0.001,7,classification,0.9491733870967742,0.9502072580645161
TRANSFORMER_DECODER,induction_heads,large,1000,680,0.001,8,classification,0.911258064516129,0.9117887096774193
TRANSFORMER_DECODER,induction_heads,large,1000,680,0.001,9,classification,0.9410725806451613,0.9414048387096774
TRANSFORMER_DECODER,induction_heads,large,1000,680,0.0003,0,classification,0.9402137096774194,0.9406354838709677
TRANSFORMER_DECODER,induction_heads,large,1000,680,0.0003,1,classification,0.9497016129032259,0.950216129032258
TRANSFORMER_DECODER,induction_heads,large,1000,680,0.0003,2,classification,0.9431895161290322,0.9439870967741936
TRANSFORMER_DECODER,induction_heads,large,1000,680,0.0003,3,classification,0.9497096774193549,0.9498943548387097
TRANSFORMER_DECODER,induction_heads,large,1000,680,0.0003,4,classification,0.9490362903225806,0.9497354838709677
TRANSFORMER_DECODER,induction_heads,large,1000,680,0.0003,5,classification,0.9364112903225806,0.9375862903225807
TRANSFORMER_DECODER,induction_heads,large,1000,680,0.0003,6,classification,0.9406612903225806,0.9411637096774194
TRANSFORMER_DECODER,induction_heads,large,1000,680,0.0003,7,classification,0.9487701612903225,0.9504282258064516
TRANSFORMER_DECODER,induction_heads,large,1000,680,0.0003,8,classification,0.9492782258064516,0.9501572580645161
TRANSFORMER_DECODER,induction_heads,large,1000,680,0.0003,9,classification,0.949516129032258,0.9501540322580645
TRANSFORMER_DECODER,induction_heads,large,1000,680,0.0001,0,classification,0.9493911290322581,0.95
TRANSFORMER_DECODER,induction_heads,large,1000,680,0.0001,1,classification,0.949508064516129,0.9501177419354838
TRANSFORMER_DECODER,induction_heads,large,1000,680,0.0001,2,classification,0.9435846774193548,0.9440161290322581
TRANSFORMER_DECODER,induction_heads,large,1000,680,0.0001,3,classification,0.9493870967741935,0.9498096774193548
TRANSFORMER_DECODER,induction_heads,large,1000,680,0.0001,4,classification,0.9492943548387097,0.9499596774193548
TRANSFORMER_DECODER,induction_heads,large,1000,680,0.0001,5,classification,0.9368991935483871,0.9374846774193548
TRANSFORMER_DECODER,induction_heads,large,1000,680,0.0001,6,classification,0.9394435483870968,0.9402677419354839
TRANSFORMER_DECODER,induction_heads,large,1000,680,0.0001,7,classification,0.948758064516129,0.9504032258064516
TRANSFORMER_DECODER,induction_heads,large,1000,680,0.0001,8,classification,0.9491491935483871,0.9502427419354839
TRANSFORMER_DECODER,induction_heads,large,1000,680,0.0001,9,classification,0.949,0.9504040322580645
TRANSFORMER_DECODER,induction_heads,large,10000,9038,0.01,0,classification,0.0,1.6129032257561349e-06
TRANSFORMER_DECODER,induction_heads,large,10000,9038,0.01,1,classification,0.0,0.0
TRANSFORMER_DECODER,induction_heads,large,10000,9038,0.01,2,classification,0.9492217741935484,0.9502282258064516
TRANSFORMER_DECODER,induction_heads,large,10000,9038,0.01,3,classification,0.0,0.0
TRANSFORMER_DECODER,induction_heads,large,10000,9038,0.01,4,classification,0.0,0.0
TRANSFORMER_DECODER,induction_heads,large,10000,9038,0.01,5,classification,0.0,0.0
TRANSFORMER_DECODER,induction_heads,large,10000,9038,0.01,6,classification,0.0,3.225806451623292e-06
TRANSFORMER_DECODER,induction_heads,large,10000,9038,0.01,7,classification,0.0,0.0
TRANSFORMER_DECODER,induction_heads,large,10000,9038,0.01,8,classification,0.949358870967742,0.9496806451612904
TRANSFORMER_DECODER,induction_heads,large,10000,9038,0.01,9,classification,0.9482943548387097,0.9486717741935484
TRANSFORMER_DECODER,induction_heads,large,10000,9038,0.003,0,classification,0.0,2.4193548386897135e-06
TRANSFORMER_DECODER,induction_heads,large,10000,9038,0.003,1,classification,0.0,0.0
TRANSFORMER_DECODER,induction_heads,large,10000,9038,0.003,2,classification,0.0,8.064516129335786e-07
TRANSFORMER_DECODER,induction_heads,large,10000,9038,0.003,3,classification,0.0,0.0
TRANSFORMER_DECODER,induction_heads,large,10000,9038,0.003,4,classification,0.0,0.0
TRANSFORMER_DECODER,induction_heads,large,10000,9038,0.003,5,classification,0.0,2.4193548386897135e-06
TRANSFORMER_DECODER,induction_heads,large,10000,9038,0.003,6,classification,0.0,0.0
TRANSFORMER_DECODER,induction_heads,large,10000,9038,0.003,7,classification,0.0,0.0
TRANSFORMER_DECODER,induction_heads,large,10000,9038,0.003,8,classification,0.0,0.0
TRANSFORMER_DECODER,induction_heads,large,10000,9038,0.003,9,classification,0.0,8.064516129335786e-07
TRANSFORMER_DECODER,induction_heads,large,10000,9038,0.001,0,classification,0.0,1.6129032257561349e-06
TRANSFORMER_DECODER,induction_heads,large,10000,9038,0.001,1,classification,0.0,0.0
TRANSFORMER_DECODER,induction_heads,large,10000,9038,0.001,2,classification,0.0,0.0
TRANSFORMER_DECODER,induction_heads,large,10000,9038,0.001,3,classification,0.0,0.0
TRANSFORMER_DECODER,induction_heads,large,10000,9038,0.001,4,classification,0.0,2.4193548386897135e-06
TRANSFORMER_DECODER,induction_heads,large,10000,9038,0.001,5,classification,0.0,0.0
TRANSFORMER_DECODER,induction_heads,large,10000,9038,0.001,6,classification,4.032258064556871e-06,8.064516129002719e-06
TRANSFORMER_DECODER,induction_heads,large,10000,9038,0.001,7,classification,0.0,0.0
TRANSFORMER_DECODER,induction_heads,large,10000,9038,0.001,8,classification,0.0,4.032258064556871e-06
TRANSFORMER_DECODER,induction_heads,large,10000,9038,0.001,9,classification,0.0,0.0
TRANSFORMER_DECODER,induction_heads,large,10000,9038,0.0003,0,classification,0.0,0.0
TRANSFORMER_DECODER,induction_heads,large,10000,9038,0.0003,1,classification,0.0,8.064516129335786e-07
TRANSFORMER_DECODER,induction_heads,large,10000,9038,0.0003,2,classification,0.0,0.0
TRANSFORMER_DECODER,induction_heads,large,10000,9038,0.0003,3,classification,0.0,0.0
TRANSFORMER_DECODER,induction_heads,large,10000,9038,0.0003,4,classification,0.0,0.0
TRANSFORMER_DECODER,induction_heads,large,10000,9038,0.0003,5,classification,0.0,4.838709677379427e-06
TRANSFORMER_DECODER,induction_heads,large,10000,9038,0.0003,6,classification,0.0,3.225806451623292e-06
TRANSFORMER_DECODER,induction_heads,large,10000,9038,0.0003,7,classification,0.0,0.0
TRANSFORMER_DECODER,induction_heads,large,10000,9038,0.0003,8,classification,0.0,0.0
TRANSFORMER_DECODER,induction_heads,large,10000,9038,0.0003,9,classification,0.0,0.0
TRANSFORMER_DECODER,induction_heads,large,10000,9038,0.0001,0,classification,0.0,0.0
TRANSFORMER_DECODER,induction_heads,large,10000,9038,0.0001,1,classification,0.0,0.0
TRANSFORMER_DECODER,induction_heads,large,10000,9038,0.0001,2,classification,0.0,0.0
TRANSFORMER_DECODER,induction_heads,large,10000,9038,0.0001,3,classification,0.9496491935483871,0.9500258064516129
TRANSFORMER_DECODER,induction_heads,large,10000,9038,0.0001,4,classification,0.0,0.0
TRANSFORMER_DECODER,induction_heads,large,10000,9038,0.0001,5,classification,0.0,0.0
TRANSFORMER_DECODER,induction_heads,large,10000,9038,0.0001,6,classification,0.0,1.6129032257561349e-06
TRANSFORMER_DECODER,induction_heads,large,10000,9038,0.0001,7,classification,0.0,8.064516129335786e-07
TRANSFORMER_DECODER,induction_heads,large,10000,9038,0.0001,8,classification,0.0,0.0
TRANSFORMER_DECODER,induction_heads,large,10000,9038,0.0001,9,classification,0.0,4.838709677379427e-06
TRANSFORMER_DECODER,induction_heads,large,100000,96554,0.01,0,classification,0.9493104838709677,0.9501354838709677
TRANSFORMER_DECODER,induction_heads,large,100000,96554,0.01,1,classification,0.949366935483871,0.9497056451612903
TRANSFORMER_DECODER,induction_heads,large,100000,96554,0.01,2,classification,0.9492217741935484,0.9502282258064516
TRANSFORMER_DECODER,induction_heads,large,100000,96554,0.01,3,classification,0.9493951612903225,0.9502967741935484
TRANSFORMER_DECODER,induction_heads,large,100000,96554,0.01,4,classification,0.9492983870967742,0.9502072580645161
TRANSFORMER_DECODER,induction_heads,large,100000,96554,0.01,5,classification,0.9487741935483871,0.950166935483871
TRANSFORMER_DECODER,induction_heads,large,100000,96554,0.01,6,classification,0.9494556451612903,0.9500564516129032
TRANSFORMER_DECODER,induction_heads,large,100000,96554,0.01,7,classification,0.9487862903225807,0.9504241935483871
TRANSFORMER_DECODER,induction_heads,large,100000,96554,0.01,8,classification,0.949375,0.9501790322580645
TRANSFORMER_DECODER,induction_heads,large,100000,96554,0.01,9,classification,0.9486975806451613,0.9504145161290323
TRANSFORMER_DECODER,induction_heads,large,100000,96554,0.003,0,classification,0.0,0.0
TRANSFORMER_DECODER,induction_heads,large,100000,96554,0.003,1,classification,0.0,0.0
TRANSFORMER_DECODER,induction_heads,large,100000,96554,0.003,2,classification,0.0,0.0
TRANSFORMER_DECODER,induction_heads,large,100000,96554,0.003,3,classification,0.0,0.0
TRANSFORMER_DECODER,induction_heads,large,100000,96554,0.003,4,classification,0.0,8.064516129335786e-07
TRANSFORMER_DECODER,induction_heads,large,100000,96554,0.003,5,classification,0.0,0.0
TRANSFORMER_DECODER,induction_heads,large,100000,96554,0.003,6,classification,0.0,0.0
TRANSFORMER_DECODER,induction_heads,large,100000,96554,0.003,7,classification,0.0,0.0
TRANSFORMER_DECODER,induction_heads,large,100000,96554,0.003,8,classification,0.0,0.0
TRANSFORMER_DECODER,induction_heads,large,100000,96554,0.003,9,classification,0.0,0.0
TRANSFORMER_DECODER,induction_heads,large,100000,96554,0.001,0,classification,0.0,0.0
TRANSFORMER_DECODER,induction_heads,large,100000,96554,0.001,1,classification,0.0,0.0
TRANSFORMER_DECODER,induction_heads,large,100000,96554,0.001,2,classification,0.0,0.0
TRANSFORMER_DECODER,induction_heads,large,100000,96554,0.001,3,classification,0.0,0.0
TRANSFORMER_DECODER,induction_heads,large,100000,96554,0.001,4,classification,0.0,0.0
TRANSFORMER_DECODER,induction_heads,large,100000,96554,0.001,5,classification,0.0,0.0
TRANSFORMER_DECODER,induction_heads,large,100000,96554,0.001,6,classification,0.0,0.0
TRANSFORMER_DECODER,induction_heads,large,100000,96554,0.001,7,classification,0.0,0.0
TRANSFORMER_DECODER,induction_heads,large,100000,96554,0.001,8,classification,0.0,0.0
TRANSFORMER_DECODER,induction_heads,large,100000,96554,0.001,9,classification,0.0,0.0
TRANSFORMER_DECODER,induction_heads,large,100000,96554,0.0003,0,classification,0.0,0.0
TRANSFORMER_DECODER,induction_heads,large,100000,96554,0.0003,1,classification,0.0,0.0
TRANSFORMER_DECODER,induction_heads,large,100000,96554,0.0003,2,classification,0.0,1.6129032257561349e-06
TRANSFORMER_DECODER,induction_heads,large,100000,96554,0.0003,3,classification,0.0,8.064516129335786e-07
TRANSFORMER_DECODER,induction_heads,large,100000,96554,0.0003,4,classification,0.0,0.0
TRANSFORMER_DECODER,induction_heads,large,100000,96554,0.0003,5,classification,0.0,0.0
TRANSFORMER_DECODER,induction_heads,large,100000,96554,0.0003,6,classification,0.0,0.0
TRANSFORMER_DECODER,induction_heads,large,100000,96554,0.0003,7,classification,0.0,0.0
TRANSFORMER_DECODER,induction_heads,large,100000,96554,0.0003,8,classification,0.0,0.0
TRANSFORMER_DECODER,induction_heads,large,100000,96554,0.0003,9,classification,0.0,0.0
TRANSFORMER_DECODER,induction_heads,large,100000,96554,0.0001,0,classification,0.0,0.0
TRANSFORMER_DECODER,induction_heads,large,100000,96554,0.0001,1,classification,0.0,0.0
TRANSFORMER_DECODER,induction_heads,large,100000,96554,0.0001,2,classification,0.0,0.0
TRANSFORMER_DECODER,induction_heads,large,100000,96554,0.0001,3,classification,0.0,0.0
TRANSFORMER_DECODER,induction_heads,large,100000,96554,0.0001,4,classification,0.0,0.0
TRANSFORMER_DECODER,induction_heads,large,100000,96554,0.0001,5,classification,0.0,0.0
TRANSFORMER_DECODER,induction_heads,large,100000,96554,0.0001,6,classification,0.0,0.0
TRANSFORMER_DECODER,induction_heads,large,100000,96554,0.0001,7,classification,0.0,0.0
TRANSFORMER_DECODER,induction_heads,large,100000,96554,0.0001,8,classification,0.0,0.0
TRANSFORMER_DECODER,induction_heads,large,100000,96554,0.0001,9,classification,0.0,0.0
TRANSFORMER_DECODER,bracket_matching,large,1000,1070,0.01,0,classification,0.48350000000000004,0.5005
TRANSFORMER_DECODER,bracket_matching,large,1000,1070,0.01,1,classification,0.489,0.49739999999999995
TRANSFORMER_DECODER,bracket_matching,large,1000,1070,0.01,2,classification,0.49550000000000005,0.5041
TRANSFORMER_DECODER,bracket_matching,large,1000,1070,0.01,3,classification,0.484,0.494
TRANSFORMER_DECODER,bracket_matching,large,1000,1070,0.01,4,classification,0.49650000000000005,0.5018
TRANSFORMER_DECODER,bracket_matching,large,1000,1070,0.01,5,classification,0.49450000000000005,0.48929999999999996
TRANSFORMER_DECODER,bracket_matching,large,1000,1070,0.01,6,classification,0.49,0.5099
TRANSFORMER_DECODER,bracket_matching,large,1000,1070,0.01,7,classification,0.495,0.4917
TRANSFORMER_DECODER,bracket_matching,large,1000,1070,0.01,8,classification,0.49450000000000005,0.49160000000000004
TRANSFORMER_DECODER,bracket_matching,large,1000,1070,0.01,9,classification,0.48150000000000004,0.49019999999999997
TRANSFORMER_DECODER,bracket_matching,large,1000,1070,0.003,0,classification,0.48350000000000004,0.5005
TRANSFORMER_DECODER,bracket_matching,large,1000,1070,0.003,1,classification,0.24,0.2522
TRANSFORMER_DECODER,bracket_matching,large,1000,1070,0.003,2,classification,0.49550000000000005,0.5041
TRANSFORMER_DECODER,bracket_matching,large,1000,1070,0.003,3,classification,0.18899999999999995,0.18279999999999996
TRANSFORMER_DECODER,bracket_matching,large,1000,1070,0.003,4,classification,0.41500000000000004,0.40800000000000003
TRANSFORMER_DECODER,bracket_matching,large,1000,1070,0.003,5,classification,0.403,0.4083
TRANSFORMER_DECODER,bracket_matching,large,1000,1070,0.003,6,classification,0.49,0.5099
TRANSFORMER_DECODER,bracket_matching,large,1000,1070,0.003,7,classification,0.495,0.4917
TRANSFORMER_DECODER,bracket_matching,large,1000,1070,0.003,8,classification,0.49450000000000005,0.49160000000000004
TRANSFORMER_DECODER,bracket_matching,large,1000,1070,0.003,9,classification,0.394,0.4061
TRANSFORMER_DECODER,bracket_matching,large,1000,1070,0.001,0,classification,0.0665,0.07530000000000003
TRANSFORMER_DECODER,bracket_matching,large,1000,1070,0.001,1,classification,0.20199999999999996,0.2168
TRANSFORMER_DECODER,bracket_matching,large,1000,1070,0.001,2,classification,0.049000000000000044,0.05010000000000003
TRANSFORMER_DECODER,bracket_matching,large,1000,1070,0.001,3,classification,0.08250000000000002,0.0837
TRANSFORMER_DECODER,bracket_matching,large,1000,1070,0.001,4,classification,0.125,0.11770000000000003
TRANSFORMER_DECODER,bracket_matching,large,1000,1070,0.001,5,classification,0.04149999999999998,0.0383
TRANSFORMER_DECODER,bracket_matching,large,1000,1070,0.001,6,classification,0.23150000000000004,0.23140000000000005
TRANSFORMER_DECODER,bracket_matching,large,1000,1070,0.001,7,classification,0.04800000000000004,0.05159999999999998
TRANSFORMER_DECODER,bracket_matching,large,1000,1070,0.001,8,classification,0.1955,0.19169999999999998
TRANSFORMER_DECODER,bracket_matching,large,1000,1070,0.001,9,classification,0.3375,0.35760000000000003
TRANSFORMER_DECODER,bracket_matching,large,1000,1070,0.0003,0,classification,0.48350000000000004,0.5005
TRANSFORMER_DECODER,bracket_matching,large,1000,1070,0.0003,1,classification,0.21599999999999997,0.2248
TRANSFORMER_DECODER,bracket_matching,large,1000,1070,0.0003,2,classification,0.07750000000000001,0.07620000000000005
TRANSFORMER_DECODER,bracket_matching,large,1000,1070,0.0003,3,classification,0.47450000000000003,0.4847
TRANSFORMER_DECODER,bracket_matching,large,1000,1070,0.0003,4,classification,0.49650000000000005,0.5018
TRANSFORMER_DECODER,bracket_matching,large,1000,1070,0.0003,5,classification,0.05449999999999999,0.04910000000000003
TRANSFORMER_DECODER,bracket_matching,large,1000,1070,0.0003,6,classification,0.49,0.5099
TRANSFORMER_DECODER,bracket_matching,large,1000,1070,0.0003,7,classification,0.495,0.4917
TRANSFORMER_DECODER,bracket_matching,large,1000,1070,0.0003,8,classification,0.49450000000000005,0.49160000000000004
TRANSFORMER_DECODER,bracket_matching,large,1000,1070,0.0003,9,classification,0.3375,0.35760000000000003
TRANSFORMER_DECODER,bracket_matching,large,1000,1070,0.0001,0,classification,0.48350000000000004,0.5005
TRANSFORMER_DECODER,bracket_matching,large,1000,1070,0.0001,1,classification,0.23050000000000004,0.248
TRANSFORMER_DECODER,bracket_matching,large,1000,1070,0.0001,2,classification,0.49550000000000005,0.5041
TRANSFORMER_DECODER,bracket_matching,large,1000,1070,0.0001,3,classification,0.484,0.494
TRANSFORMER_DECODER,bracket_matching,large,1000,1070,0.0001,4,classification,0.49650000000000005,0.5018
TRANSFORMER_DECODER,bracket_matching,large,1000,1070,0.0001,5,classification,0.08350000000000002,0.08040000000000003
TRANSFORMER_DECODER,bracket_matching,large,1000,1070,0.0001,6,classification,0.46499999999999997,0.4527
TRANSFORMER_DECODER,bracket_matching,large,1000,1070,0.0001,7,classification,0.495,0.4917
TRANSFORMER_DECODER,bracket_matching,large,1000,1070,0.0001,8,classification,0.37649999999999995,0.351
TRANSFORMER_DECODER,bracket_matching,large,1000,1070,0.0001,9,classification,0.1875,0.2017
TRANSFORMER_DECODER,bracket_matching,large,10000,10282,0.01,0,classification,0.48350000000000004,0.5005
TRANSFORMER_DECODER,bracket_matching,large,10000,10282,0.01,1,classification,0.489,0.49739999999999995
TRANSFORMER_DECODER,bracket_matching,large,10000,10282,0.01,2,classification,0.49550000000000005,0.5041
TRANSFORMER_DECODER,bracket_matching,large,10000,10282,0.01,3,classification,0.484,0.494
TRANSFORMER_DECODER,bracket_matching,large,10000,10282,0.01,4,classification,0.49650000000000005,0.5018
TRANSFORMER_DECODER,bracket_matching,large,10000,10282,0.01,5,classification,0.49450000000000005,0.48929999999999996
TRANSFORMER_DECODER,bracket_matching,large,10000,10282,0.01,6,classification,0.49,0.5099
TRANSFORMER_DECODER,bracket_matching,large,10000,10282,0.01,7,classification,0.495,0.4917
TRANSFORMER_DECODER,bracket_matching,large,10000,10282,0.01,8,classification,0.49450000000000005,0.49160000000000004
TRANSFORMER_DECODER,bracket_matching,large,10000,10282,0.01,9,classification,0.48150000000000004,0.49019999999999997
TRANSFORMER_DECODER,bracket_matching,large,10000,10282,0.003,0,classification,0.38849999999999996,0.4173
TRANSFORMER_DECODER,bracket_matching,large,10000,10282,0.003,1,classification,0.25249999999999995,0.24480000000000002
TRANSFORMER_DECODER,bracket_matching,large,10000,10282,0.003,2,classification,0.49550000000000005,0.5041
TRANSFORMER_DECODER,bracket_matching,large,10000,10282,0.003,3,classification,0.484,0.494
TRANSFORMER_DECODER,bracket_matching,large,10000,10282,0.003,4,classification,0.49650000000000005,0.5018
TRANSFORMER_DECODER,bracket_matching,large,10000,10282,0.003,5,classification,0.18100000000000005,0.2017
TRANSFORMER_DECODER,bracket_matching,large,10000,10282,0.003,6,classification,0.49,0.5099
TRANSFORMER_DECODER,bracket_matching,large,10000,10282,0.003,7,classification,0.20550000000000002,0.2167
TRANSFORMER_DECODER,bracket_matching,large,10000,10282,0.003,8,classification,0.367,0.3617
TRANSFORMER_DECODER,bracket_matching,large,10000,10282,0.003,9,classification,0.1925,0.20379999999999998
TRANSFORMER_DECODER,bracket_matching,large,10000,10282,0.001,0,classification,0.03649999999999998,0.040000000000000036
TRANSFORMER_DECODER,bracket_matching,large,10000,10282,0.001,1,classification,0.16900000000000004,0.1845
TRANSFORMER_DECODER,bracket_matching,large,10000,10282,0.001,2,classification,0.040000000000000036,0.04720000000000002
TRANSFORMER_DECODER,bracket_matching,large,10000,10282,0.001,3,classification,0.15600000000000003,0.17200000000000004
TRANSFORMER_DECODER,bracket_matching,large,10000,10282,0.001,4,classification,0.04949999999999999,0.04349999999999998
TRANSFORMER_DECODER,bracket_matching,large,10000,10282,0.001,5,classification,0.05500000000000005,0.05410000000000004
TRANSFORMER_DECODER,bracket_matching,large,10000,10282,0.001,6,classification,0.041000000000000036,0.04420000000000002
TRANSFORMER_DECODER,bracket_matching,large,10000,10282,0.001,7,classification,0.03249999999999997,0.03169999999999995
TRANSFORMER_DECODER,bracket_matching,large,10000,10282,0.001,8,classification,0.05449999999999999,0.04849999999999999
TRANSFORMER_DECODER,bracket_matching,large,10000,10282,0.001,9,classification,0.04600000000000004,0.03859999999999997
TRANSFORMER_DECODER,bracket_matching,large,10000,10282,0.0003,0,classification,0.03200000000000003,0.04200000000000004
TRANSFORMER_DECODER,bracket_matching,large,10000,10282,0.0003,1,classification,0.05249999999999999,0.04300000000000004
TRANSFORMER_DECODER,bracket_matching,large,10000,10282,0.0003,2,classification,0.14349999999999996,0.1523
TRANSFORMER_DECODER,bracket_matching,large,10000,10282,0.0003,3,classification,0.03149999999999997,0.02739999999999998
TRANSFORMER_DECODER,bracket_matching,large,10000,10282,0.0003,4,classification,0.03949999999999998,0.03169999999999995
TRANSFORMER_DECODER,bracket_matching,large,10000,10282,0.0003,5,classification,0.034499999999999975,0.03049999999999997
TRANSFORMER_DECODER,bracket_matching,large,10000,10282,0.0003,6,classification,0.04249999999999998,0.042200000000000015
TRANSFORMER_DECODER,bracket_matching,large,10000,10282,0.0003,7,classification,0.040000000000000036,0.04149999999999998
TRANSFORMER_DECODER,bracket_matching,large,10000,10282,0.0003,8,classification,0.034499999999999975,0.02859999999999996
TRANSFORMER_DECODER,bracket_matching,large,10000,10282,0.0003,9,classification,0.03700000000000003,0.03590000000000004
TRANSFORMER_DECODER,bracket_matching,large,10000,10282,0.0001,0,classification,0.03849999999999998,0.049799999999999955
TRANSFORMER_DECODER,bracket_matching,large,10000,10282,0.0001,1,classification,0.057499999999999996,0.04920000000000002
TRANSFORMER_DECODER,bracket_matching,large,10000,10282,0.0001,2,classification,0.0665,0.07450000000000001
TRANSFORMER_DECODER,bracket_matching,large,10000,10282,0.0001,3,classification,0.052000000000000046,0.049900000000000055
TRANSFORMER_DECODER,bracket_matching,large,10000,10282,0.0001,4,classification,0.05049999999999999,0.04600000000000004
TRANSFORMER_DECODER,bracket_matching,large,10000,10282,0.0001,5,classification,0.040000000000000036,0.03380000000000005
TRANSFORMER_DECODER,bracket_matching,large,10000,10282,0.0001,6,classification,0.05700000000000005,0.05730000000000002
TRANSFORMER_DECODER,bracket_matching,large,10000,10282,0.0001,7,classification,0.055499999999999994,0.060899999999999954
TRANSFORMER_DECODER,bracket_matching,large,10000,10282,0.0001,8,classification,0.07350000000000001,0.061799999999999966
TRANSFORMER_DECODER,bracket_matching,large,10000,10282,0.0001,9,classification,0.04749999999999999,0.04239999999999999
TRANSFORMER_DECODER,bracket_matching,large,100000,100482,0.01,0,classification,0.48350000000000004,0.5005
TRANSFORMER_DECODER,bracket_matching,large,100000,100482,0.01,1,classification,0.489,0.49739999999999995
TRANSFORMER_DECODER,bracket_matching,large,100000,100482,0.01,2,classification,0.49550000000000005,0.5041
TRANSFORMER_DECODER,bracket_matching,large,100000,100482,0.01,3,classification,0.484,0.494
TRANSFORMER_DECODER,bracket_matching,large,100000,100482,0.01,4,classification,0.49650000000000005,0.5018
TRANSFORMER_DECODER,bracket_matching,large,100000,100482,0.01,5,classification,0.49450000000000005,0.48929999999999996
TRANSFORMER_DECODER,bracket_matching,large,100000,100482,0.01,6,classification,0.49,0.5099
TRANSFORMER_DECODER,bracket_matching,large,100000,100482,0.01,7,classification,0.495,0.4917
TRANSFORMER_DECODER,bracket_matching,large,100000,100482,0.01,8,classification,0.49450000000000005,0.49160000000000004
TRANSFORMER_DECODER,bracket_matching,large,100000,100482,0.01,9,classification,0.48150000000000004,0.49019999999999997
TRANSFORMER_DECODER,bracket_matching,large,100000,100482,0.003,0,classification,0.48350000000000004,0.5005
TRANSFORMER_DECODER,bracket_matching,large,100000,100482,0.003,1,classification,0.25449999999999995,0.24660000000000004
TRANSFORMER_DECODER,bracket_matching,large,100000,100482,0.003,2,classification,0.49550000000000005,0.5041
TRANSFORMER_DECODER,bracket_matching,large,100000,100482,0.003,3,classification,0.484,0.494
TRANSFORMER_DECODER,bracket_matching,large,100000,100482,0.003,4,classification,0.49650000000000005,0.5018
TRANSFORMER_DECODER,bracket_matching,large,100000,100482,0.003,5,classification,0.49450000000000005,0.48929999999999996
TRANSFORMER_DECODER,bracket_matching,large,100000,100482,0.003,6,classification,0.49,0.5099
TRANSFORMER_DECODER,bracket_matching,large,100000,100482,0.003,7,classification,0.495,0.4917
TRANSFORMER_DECODER,bracket_matching,large,100000,100482,0.003,8,classification,0.49450000000000005,0.49160000000000004
TRANSFORMER_DECODER,bracket_matching,large,100000,100482,0.003,9,classification,0.48150000000000004,0.49019999999999997
TRANSFORMER_DECODER,bracket_matching,large,100000,100482,0.001,0,classification,0.1965,0.20409999999999995
TRANSFORMER_DECODER,bracket_matching,large,100000,100482,0.001,1,classification,0.1905,0.1996
TRANSFORMER_DECODER,bracket_matching,large,100000,100482,0.001,2,classification,0.17900000000000005,0.19169999999999998
TRANSFORMER_DECODER,bracket_matching,large,100000,100482,0.001,3,classification,0.18799999999999994,0.1966
TRANSFORMER_DECODER,bracket_matching,large,100000,100482,0.001,4,classification,0.20950000000000002,0.21220000000000006
TRANSFORMER_DECODER,bracket_matching,large,100000,100482,0.001,5,classification,0.19099999999999995,0.20209999999999995
TRANSFORMER_DECODER,bracket_matching,large,100000,100482,0.001,6,classification,0.04149999999999998,0.044499999999999984
TRANSFORMER_DECODER,bracket_matching,large,100000,100482,0.001,7,classification,0.1955,0.2006
TRANSFORMER_DECODER,bracket_matching,large,100000,100482,0.001,8,classification,0.21050000000000002,0.19479999999999997
TRANSFORMER_DECODER,bracket_matching,large,100000,100482,0.001,9,classification,0.1925,0.20630000000000004
TRANSFORMER_DECODER,bracket_matching,large,100000,100482,0.0003,0,classification,0.15649999999999997,0.16300000000000003
TRANSFORMER_DECODER,bracket_matching,large,100000,100482,0.0003,1,classification,0.16649999999999998,0.1784
TRANSFORMER_DECODER,bracket_matching,large,100000,100482,0.0003,2,classification,0.03200000000000003,0.031000000000000028
TRANSFORMER_DECODER,bracket_matching,large,100000,100482,0.0003,3,classification,0.17700000000000005,0.1875
TRANSFORMER_DECODER,bracket_matching,large,100000,100482,0.0003,4,classification,0.041000000000000036,0.029299999999999993
TRANSFORMER_DECODER,bracket_matching,large,100000,100482,0.0003,5,classification,0.03749999999999998,0.03469999999999995
TRANSFORMER_DECODER,bracket_matching,large,100000,100482,0.0003,6,classification,0.030000000000000027,0.03280000000000005
TRANSFORMER_DECODER,bracket_matching,large,100000,100482,0.0003,7,classification,0.041000000000000036,0.04310000000000003
TRANSFORMER_DECODER,bracket_matching,large,100000,100482,0.0003,8,classification,0.038000000000000034,0.035599999999999965
TRANSFORMER_DECODER,bracket_matching,large,100000,100482,0.0003,9,classification,0.04400000000000004,0.035800000000000054
TRANSFORMER_DECODER,bracket_matching,large,100000,100482,0.0001,0,classification,0.033499999999999974,0.04300000000000004
TRANSFORMER_DECODER,bracket_matching,large,100000,100482,0.0001,1,classification,0.11950000000000005,0.12860000000000005
TRANSFORMER_DECODER,bracket_matching,large,100000,100482,0.0001,2,classification,0.04049999999999998,0.045599999999999974
TRANSFORMER_DECODER,bracket_matching,large,100000,100482,0.0001,3,classification,0.08450000000000002,0.10340000000000005
TRANSFORMER_DECODER,bracket_matching,large,100000,100482,0.0001,4,classification,0.06000000000000005,0.04679999999999995
TRANSFORMER_DECODER,bracket_matching,large,100000,100482,0.0001,5,classification,0.03500000000000003,0.03280000000000005
TRANSFORMER_DECODER,bracket_matching,large,100000,100482,0.0001,6,classification,0.05300000000000005,0.061000000000000054
TRANSFORMER_DECODER,bracket_matching,large,100000,100482,0.0001,7,classification,0.03049999999999997,0.03480000000000005
TRANSFORMER_DECODER,bracket_matching,large,100000,100482,0.0001,8,classification,0.03300000000000003,0.031200000000000006
TRANSFORMER_DECODER,bracket_matching,large,100000,100482,0.0001,9,classification,0.040000000000000036,0.035800000000000054
TRANSFORMER_ENCDEC,associative_recall,large,1000,592,0.01,0,classification,0.963,0.9634
TRANSFORMER_ENCDEC,associative_recall,large,1000,592,0.01,1,classification,0.961,0.9693
TRANSFORMER_ENCDEC,associative_recall,large,1000,592,0.01,2,classification,0.9585,0.967
TRANSFORMER_ENCDEC,associative_recall,large,1000,592,0.01,3,classification,0.957,0.9649
TRANSFORMER_ENCDEC,associative_recall,large,1000,592,0.01,4,classification,0.962,0.9663
TRANSFORMER_ENCDEC,associative_recall,large,1000,592,0.01,5,classification,0.962,0.9685
TRANSFORMER_ENCDEC,associative_recall,large,1000,592,0.01,6,classification,0.9545,0.9647
TRANSFORMER_ENCDEC,associative_recall,large,1000,592,0.01,7,classification,0.961,0.9653
TRANSFORMER_ENCDEC,associative_recall,large,1000,592,0.01,8,classification,0.961,0.9715
TRANSFORMER_ENCDEC,associative_recall,large,1000,592,0.01,9,classification,0.9615,0.9675
TRANSFORMER_ENCDEC,associative_recall,large,1000,592,0.003,0,classification,0.9615,0.9638
TRANSFORMER_ENCDEC,associative_recall,large,1000,592,0.003,1,classification,0.962,0.9694
TRANSFORMER_ENCDEC,associative_recall,large,1000,592,0.003,2,classification,0.964,0.9637
TRANSFORMER_ENCDEC,associative_recall,large,1000,592,0.003,3,classification,0.957,0.9649
TRANSFORMER_ENCDEC,associative_recall,large,1000,592,0.003,4,classification,0.962,0.9663
TRANSFORMER_ENCDEC,associative_recall,large,1000,592,0.003,5,classification,0.9625,0.9678
TRANSFORMER_ENCDEC,associative_recall,large,1000,592,0.003,6,classification,0.959,0.9659
TRANSFORMER_ENCDEC,associative_recall,large,1000,592,0.003,7,classification,0.961,0.9653
TRANSFORMER_ENCDEC,associative_recall,large,1000,592,0.003,8,classification,0.9605,0.969
TRANSFORMER_ENCDEC,associative_recall,large,1000,592,0.003,9,classification,0.9615,0.9675
TRANSFORMER_ENCDEC,associative_recall,large,1000,592,0.001,0,classification,0.966,0.9658
TRANSFORMER_ENCDEC,associative_recall,large,1000,592,0.001,1,classification,0.962,0.9694
TRANSFORMER_ENCDEC,associative_recall,large,1000,592,0.001,2,classification,0.9655,0.9666
TRANSFORMER_ENCDEC,associative_recall,large,1000,592,0.001,3,classification,0.958,0.9658
TRANSFORMER_ENCDEC,associative_recall,large,1000,592,0.001,4,classification,0.9635,0.9699
TRANSFORMER_ENCDEC,associative_recall,large,1000,592,0.001,5,classification,0.9635,0.9654
TRANSFORMER_ENCDEC,associative_recall,large,1000,592,0.001,6,classification,0.963,0.9664
TRANSFORMER_ENCDEC,associative_recall,large,1000,592,0.001,7,classification,0.9575,0.9667
TRANSFORMER_ENCDEC,associative_recall,large,1000,592,0.001,8,classification,0.961,0.9715
TRANSFORMER_ENCDEC,associative_recall,large,1000,592,0.001,9,classification,0.9615,0.9675
TRANSFORMER_ENCDEC,associative_recall,large,1000,592,0.0003,0,classification,0.966,0.9658
TRANSFORMER_ENCDEC,associative_recall,large,1000,592,0.0003,1,classification,0.962,0.9694
TRANSFORMER_ENCDEC,associative_recall,large,1000,592,0.0003,2,classification,0.9655,0.9666
TRANSFORMER_ENCDEC,associative_recall,large,1000,592,0.0003,3,classification,0.968,0.964
TRANSFORMER_ENCDEC,associative_recall,large,1000,592,0.0003,4,classification,0.9635,0.9699
TRANSFORMER_ENCDEC,associative_recall,large,1000,592,0.0003,5,classification,0.9665,0.967
TRANSFORMER_ENCDEC,associative_recall,large,1000,592,0.0003,6,classification,0.9695,0.9654
TRANSFORMER_ENCDEC,associative_recall,large,1000,592,0.0003,7,classification,0.961,0.9709
TRANSFORMER_ENCDEC,associative_recall,large,1000,592,0.0003,8,classification,0.961,0.9715
TRANSFORMER_ENCDEC,associative_recall,large,1000,592,0.0003,9,classification,0.95,0.9645
TRANSFORMER_ENCDEC,associative_recall,large,1000,592,0.0001,0,classification,0.966,0.9658
TRANSFORMER_ENCDEC,associative_recall,large,1000,592,0.0001,1,classification,0.966,0.9676
TRANSFORMER_ENCDEC,associative_recall,large,1000,592,0.0001,2,classification,0.973,0.9652000000000001
TRANSFORMER_ENCDEC,associative_recall,large,1000,592,0.0001,3,classification,0.9685,0.9697
TRANSFORMER_ENCDEC,associative_recall,large,1000,592,0.0001,4,classification,0.9635,0.9699
TRANSFORMER_ENCDEC,associative_recall,large,1000,592,0.0001,5,classification,0.9665,0.967
TRANSFORMER_ENCDEC,associative_recall,large,1000,592,0.0001,6,classification,0.9695,0.9654
TRANSFORMER_ENCDEC,associative_recall,large,1000,592,0.0001,7,classification,0.961,0.9709
TRANSFORMER_ENCDEC,associative_recall,large,1000,592,0.0001,8,classification,0.961,0.9715
TRANSFORMER_ENCDEC,associative_recall,large,1000,592,0.0001,9,classification,0.95,0.9645
TRANSFORMER_ENCDEC,associative_recall,large,10000,10112,0.01,0,classification,0.9565,0.9704
TRANSFORMER_ENCDEC,associative_recall,large,10000,10112,0.01,1,classification,0.961,0.9693
TRANSFORMER_ENCDEC,associative_recall,large,10000,10112,0.01,2,classification,0.964,0.9637
TRANSFORMER_ENCDEC,associative_recall,large,10000,10112,0.01,3,classification,0.962,0.9649
TRANSFORMER_ENCDEC,associative_recall,large,10000,10112,0.01,4,classification,0.9595,0.9662
TRANSFORMER_ENCDEC,associative_recall,large,10000,10112,0.01,5,classification,0.9595,0.9663
TRANSFORMER_ENCDEC,associative_recall,large,10000,10112,0.01,6,classification,0.9545,0.9647
TRANSFORMER_ENCDEC,associative_recall,large,10000,10112,0.01,7,classification,0.9585,0.9671
TRANSFORMER_ENCDEC,associative_recall,large,10000,10112,0.01,8,classification,0.9605,0.969
TRANSFORMER_ENCDEC,associative_recall,large,10000,10112,0.01,9,classification,0.9635,0.9681
TRANSFORMER_ENCDEC,associative_recall,large,10000,10112,0.003,0,classification,0.9615,0.9638
TRANSFORMER_ENCDEC,associative_recall,large,10000,10112,0.003,1,classification,0.961,0.9693
TRANSFORMER_ENCDEC,associative_recall,large,10000,10112,0.003,2,classification,0.9585,0.967
TRANSFORMER_ENCDEC,associative_recall,large,10000,10112,0.003,3,classification,0.962,0.9649
TRANSFORMER_ENCDEC,associative_recall,large,10000,10112,0.003,4,classification,0.9635,0.9671
TRANSFORMER_ENCDEC,associative_recall,large,10000,10112,0.003,5,classification,0.962,0.9685
TRANSFORMER_ENCDEC,associative_recall,large,10000,10112,0.003,6,classification,0.9605,0.9678
TRANSFORMER_ENCDEC,associative_recall,large,10000,10112,0.003,7,classification,0.961,0.9653
TRANSFORMER_ENCDEC,associative_recall,large,10000,10112,0.003,8,classification,0.961,0.9715
TRANSFORMER_ENCDEC,associative_recall,large,10000,10112,0.003,9,classification,0.9635,0.9681
TRANSFORMER_ENCDEC,associative_recall,large,10000,10112,0.001,0,classification,0.912,0.9205
TRANSFORMER_ENCDEC,associative_recall,large,10000,10112,0.001,1,classification,0.909,0.9235
TRANSFORMER_ENCDEC,associative_recall,large,10000,10112,0.001,2,classification,0.909,0.9189
TRANSFORMER_ENCDEC,associative_recall,large,10000,10112,0.001,3,classification,0.913,0.926
TRANSFORMER_ENCDEC,associative_recall,large,10000,10112,0.001,4,classification,0.916,0.9192
TRANSFORMER_ENCDEC,associative_recall,large,10000,10112,0.001,5,classification,0.9135,0.9207
TRANSFORMER_ENCDEC,associative_recall,large,10000,10112,0.001,6,classification,0.917,0.9201
TRANSFORMER_ENCDEC,associative_recall,large,10000,10112,0.001,7,classification,0.907,0.9076
TRANSFORMER_ENCDEC,associative_recall,large,10000,10112,0.001,8,classification,0.914,0.9155
TRANSFORMER_ENCDEC,associative_recall,large,10000,10112,0.001,9,classification,0.9095,0.919
TRANSFORMER_ENCDEC,associative_recall,large,10000,10112,0.0003,0,classification,0.9585,0.963
TRANSFORMER_ENCDEC,associative_recall,large,10000,10112,0.0003,1,classification,0.9225,0.9356
TRANSFORMER_ENCDEC,associative_recall,large,10000,10112,0.0003,2,classification,0.917,0.9216
TRANSFORMER_ENCDEC,associative_recall,large,10000,10112,0.0003,3,classification,0.962,0.9664
TRANSFORMER_ENCDEC,associative_recall,large,10000,10112,0.0003,4,classification,0.9325,0.9382
TRANSFORMER_ENCDEC,associative_recall,large,10000,10112,0.0003,5,classification,0.912,0.9212
TRANSFORMER_ENCDEC,associative_recall,large,10000,10112,0.0003,6,classification,0.957,0.9661
TRANSFORMER_ENCDEC,associative_recall,large,10000,10112,0.0003,7,classification,0.918,0.921
TRANSFORMER_ENCDEC,associative_recall,large,10000,10112,0.0003,8,classification,0.9625,0.9711
TRANSFORMER_ENCDEC,associative_recall,large,10000,10112,0.0003,9,classification,0.9105,0.9242
TRANSFORMER_ENCDEC,associative_recall,large,10000,10112,0.0001,0,classification,0.961,0.9659
TRANSFORMER_ENCDEC,associative_recall,large,10000,10112,0.0001,1,classification,0.956,0.9674
TRANSFORMER_ENCDEC,associative_recall,large,10000,10112,0.0001,2,classification,0.9595,0.9659
TRANSFORMER_ENCDEC,associative_recall,large,10000,10112,0.0001,3,classification,0.9615,0.9668
TRANSFORMER_ENCDEC,associative_recall,large,10000,10112,0.0001,4,classification,0.9585,0.9673
TRANSFORMER_ENCDEC,associative_recall,large,10000,10112,0.0001,5,classification,0.9665,0.9701
TRANSFORMER_ENCDEC,associative_recall,large,10000,10112,0.0001,6,classification,0.96,0.9659
TRANSFORMER_ENCDEC,associative_recall,large,10000,10112,0.0001,7,classification,0.9319999999999999,0.9381
TRANSFORMER_ENCDEC,associative_recall,large,10000,10112,0.0001,8,classification,0.961,0.9671
TRANSFORMER_ENCDEC,associative_recall,large,10000,10112,0.0001,9,classification,0.9295,0.9348
TRANSFORMER_ENCDEC,associative_recall,large,100000,96352,0.01,0,classification,0.9565,0.9704
TRANSFORMER_ENCDEC,associative_recall,large,100000,96352,0.01,1,classification,0.961,0.9693
TRANSFORMER_ENCDEC,associative_recall,large,100000,96352,0.01,2,classification,0.9635,0.9655
TRANSFORMER_ENCDEC,associative_recall,large,100000,96352,0.01,3,classification,0.962,0.9649
TRANSFORMER_ENCDEC,associative_recall,large,100000,96352,0.01,4,classification,0.9635,0.9699
TRANSFORMER_ENCDEC,associative_recall,large,100000,96352,0.01,5,classification,0.963,0.9693
TRANSFORMER_ENCDEC,associative_recall,large,100000,96352,0.01,6,classification,0.959,0.9659
TRANSFORMER_ENCDEC,associative_recall,large,100000,96352,0.01,7,classification,0.9585,0.9671
TRANSFORMER_ENCDEC,associative_recall,large,100000,96352,0.01,8,classification,0.962,0.9655
TRANSFORMER_ENCDEC,associative_recall,large,100000,96352,0.01,9,classification,0.9615,0.9675
TRANSFORMER_ENCDEC,associative_recall,large,100000,96352,0.003,0,classification,0.9615,0.9638
TRANSFORMER_ENCDEC,associative_recall,large,100000,96352,0.003,1,classification,0.961,0.9693
TRANSFORMER_ENCDEC,associative_recall,large,100000,96352,0.003,2,classification,0.9635,0.9655
TRANSFORMER_ENCDEC,associative_recall,large,100000,96352,0.003,3,classification,0.962,0.9649
TRANSFORMER_ENCDEC,associative_recall,large,100000,96352,0.003,4,classification,0.9635,0.9699
TRANSFORMER_ENCDEC,associative_recall,large,100000,96352,0.003,5,classification,0.966,0.966
TRANSFORMER_ENCDEC,associative_recall,large,100000,96352,0.003,6,classification,0.959,0.9659
TRANSFORMER_ENCDEC,associative_recall,large,100000,96352,0.003,7,classification,0.9585,0.9671
TRANSFORMER_ENCDEC,associative_recall,large,100000,96352,0.003,8,classification,0.961,0.9715
TRANSFORMER_ENCDEC,associative_recall,large,100000,96352,0.003,9,classification,0.9615,0.9675
TRANSFORMER_ENCDEC,associative_recall,large,100000,96352,0.001,0,classification,0.9615,0.9638
TRANSFORMER_ENCDEC,associative_recall,large,100000,96352,0.001,1,classification,0.962,0.9687
TRANSFORMER_ENCDEC,associative_recall,large,100000,96352,0.001,2,classification,0.9635,0.9655
TRANSFORMER_ENCDEC,associative_recall,large,100000,96352,0.001,3,classification,0.962,0.9649
TRANSFORMER_ENCDEC,associative_recall,large,100000,96352,0.001,4,classification,0.9635,0.9671
TRANSFORMER_ENCDEC,associative_recall,large,100000,96352,0.001,5,classification,0.9635,0.9654
TRANSFORMER_ENCDEC,associative_recall,large,100000,96352,0.001,6,classification,0.963,0.9665
TRANSFORMER_ENCDEC,associative_recall,large,100000,96352,0.001,7,classification,0.9585,0.9671
TRANSFORMER_ENCDEC,associative_recall,large,100000,96352,0.001,8,classification,0.961,0.9715
TRANSFORMER_ENCDEC,associative_recall,large,100000,96352,0.001,9,classification,0.9615,0.9675
TRANSFORMER_ENCDEC,associative_recall,large,100000,96352,0.0003,0,classification,0.8975,0.8936
TRANSFORMER_ENCDEC,associative_recall,large,100000,96352,0.0003,1,classification,0.8905,0.8976999999999999
TRANSFORMER_ENCDEC,associative_recall,large,100000,96352,0.0003,2,classification,0.8875,0.8879
TRANSFORMER_ENCDEC,associative_recall,large,100000,96352,0.0003,3,classification,0.896,0.9007000000000001
TRANSFORMER_ENCDEC,associative_recall,large,100000,96352,0.0003,4,classification,0.0,0.0010000000000000009
TRANSFORMER_ENCDEC,associative_recall,large,100000,96352,0.0003,5,classification,0.892,0.8943
TRANSFORMER_ENCDEC,associative_recall,large,100000,96352,0.0003,6,classification,0.8975,0.9044
TRANSFORMER_ENCDEC,associative_recall,large,100000,96352,0.0003,7,classification,0.8755,0.8881
TRANSFORMER_ENCDEC,associative_recall,large,100000,96352,0.0003,8,classification,0.8905,0.898
TRANSFORMER_ENCDEC,associative_recall,large,100000,96352,0.0003,9,classification,0.0,9.999999999998899e-05
TRANSFORMER_ENCDEC,associative_recall,large,100000,96352,0.0001,0,classification,0.9615,0.9642
TRANSFORMER_ENCDEC,associative_recall,large,100000,96352,0.0001,1,classification,0.8875,0.8899
TRANSFORMER_ENCDEC,associative_recall,large,100000,96352,0.0001,2,classification,0.891,0.8922
TRANSFORMER_ENCDEC,associative_recall,large,100000,96352,0.0001,3,classification,0.8975,0.8927
TRANSFORMER_ENCDEC,associative_recall,large,100000,96352,0.0001,4,classification,0.8845,0.8899
TRANSFORMER_ENCDEC,associative_recall,large,100000,96352,0.0001,5,classification,0.8995,0.9015
TRANSFORMER_ENCDEC,associative_recall,large,100000,96352,0.0001,6,classification,0.9615,0.9659
TRANSFORMER_ENCDEC,associative_recall,large,100000,96352,0.0001,7,classification,0.8755,0.8895
TRANSFORMER_ENCDEC,associative_recall,large,100000,96352,0.0001,8,classification,0.8865,0.8959
TRANSFORMER_ENCDEC,associative_recall,large,100000,96352,0.0001,9,classification,0.888,0.8897
TRANSFORMER_ENCDEC,induction_heads,large,1000,508,0.01,0,classification,0.9489556451612903,0.9499040322580645
TRANSFORMER_ENCDEC,induction_heads,large,1000,508,0.01,1,classification,0.9493629032258064,0.9499991935483871
TRANSFORMER_ENCDEC,induction_heads,large,1000,508,0.01,2,classification,0.9496048387096774,0.9496822580645161
TRANSFORMER_ENCDEC,induction_heads,large,1000,508,0.01,3,classification,0.9492419354838709,0.9502604838709677
TRANSFORMER_ENCDEC,induction_heads,large,1000,508,0.01,4,classification,0.9492983870967742,0.9502072580645161
TRANSFORMER_ENCDEC,induction_heads,large,1000,508,0.01,5,classification,0.949350806451613,0.9497112903225806
TRANSFORMER_ENCDEC,induction_heads,large,1000,508,0.01,6,classification,0.9491411290322581,0.9498459677419355
TRANSFORMER_ENCDEC,induction_heads,large,1000,508,0.01,7,classification,0.9487862903225807,0.9504241935483871
TRANSFORMER_ENCDEC,induction_heads,large,1000,508,0.01,8,classification,0.949375,0.9501790322580645
TRANSFORMER_ENCDEC,induction_heads,large,1000,508,0.01,9,classification,0.9486975806451613,0.9504145161290323
TRANSFORMER_ENCDEC,induction_heads,large,1000,508,0.003,0,classification,0.9492782258064516,0.950275
TRANSFORMER_ENCDEC,induction_heads,large,1000,508,0.003,1,classification,0.949366935483871,0.9497056451612903
TRANSFORMER_ENCDEC,induction_heads,large,1000,508,0.003,2,classification,0.949516129032258,0.9499774193548387
TRANSFORMER_ENCDEC,induction_heads,large,1000,508,0.003,3,classification,0.9491532258064516,0.9501370967741936
TRANSFORMER_ENCDEC,induction_heads,large,1000,508,0.003,4,classification,0.9492983870967742,0.9502072580645161
TRANSFORMER_ENCDEC,induction_heads,large,1000,508,0.003,5,classification,0.9494717741935483,0.949833064516129
TRANSFORMER_ENCDEC,induction_heads,large,1000,508,0.003,6,classification,0.949116935483871,0.9500967741935484
TRANSFORMER_ENCDEC,induction_heads,large,1000,508,0.003,7,classification,0.9487862903225807,0.9504241935483871
TRANSFORMER_ENCDEC,induction_heads,large,1000,508,0.003,8,classification,0.949375,0.9501790322580645
TRANSFORMER_ENCDEC,induction_heads,large,1000,508,0.003,9,classification,0.9486975806451613,0.9504145161290323
TRANSFORMER_ENCDEC,induction_heads,large,1000,508,0.001,0,classification,0.9492782258064516,0.950275
TRANSFORMER_ENCDEC,induction_heads,large,1000,508,0.001,1,classification,0.949258064516129,0.9501959677419355
TRANSFORMER_ENCDEC,induction_heads,large,1000,508,0.001,2,classification,0.949516129032258,0.9499774193548387
TRANSFORMER_ENCDEC,induction_heads,large,1000,508,0.001,3,classification,0.9494112903225806,0.9500483870967742
TRANSFORMER_ENCDEC,induction_heads,large,1000,508,0.001,4,classification,0.9492983870967742,0.9502072580645161
TRANSFORMER_ENCDEC,induction_heads,large,1000,508,0.001,5,classification,0.9487741935483871,0.950166935483871
TRANSFORMER_ENCDEC,induction_heads,large,1000,508,0.001,6,classification,0.9490322580645161,0.9500008064516129
TRANSFORMER_ENCDEC,induction_heads,large,1000,508,0.001,7,classification,0.9487862903225807,0.9504241935483871
TRANSFORMER_ENCDEC,induction_heads,large,1000,508,0.001,8,classification,0.949375,0.9501790322580645
TRANSFORMER_ENCDEC,induction_heads,large,1000,508,0.001,9,classification,0.9486975806451613,0.9504145161290323
TRANSFORMER_ENCDEC,induction_heads,large,1000,508,0.0003,0,classification,0.9492782258064516,0.950275
TRANSFORMER_ENCDEC,induction_heads,large,1000,508,0.0003,1,classification,0.9494475806451613,0.9499588709677419
TRANSFORMER_ENCDEC,induction_heads,large,1000,508,0.0003,2,classification,0.949116935483871,0.9499201612903225
TRANSFORMER_ENCDEC,induction_heads,large,1000,508,0.0003,3,classification,0.9488145161290322,0.9501766129032259
TRANSFORMER_ENCDEC,induction_heads,large,1000,508,0.0003,4,classification,0.949375,0.9500491935483871
TRANSFORMER_ENCDEC,induction_heads,large,1000,508,0.0003,5,classification,0.9487741935483871,0.950166935483871
TRANSFORMER_ENCDEC,induction_heads,large,1000,508,0.0003,6,classification,0.9494354838709678,0.9501919354838709
TRANSFORMER_ENCDEC,induction_heads,large,1000,508,0.0003,7,classification,0.9487862903225807,0.9504241935483871
TRANSFORMER_ENCDEC,induction_heads,large,1000,508,0.0003,8,classification,0.949375,0.9501790322580645
TRANSFORMER_ENCDEC,induction_heads,large,1000,508,0.0003,9,classification,0.9486975806451613,0.9504145161290323
TRANSFORMER_ENCDEC,induction_heads,large,1000,508,0.0001,0,classification,0.9495483870967742,0.9500104838709678
TRANSFORMER_ENCDEC,induction_heads,large,1000,508,0.0001,1,classification,0.9494475806451613,0.9499588709677419
TRANSFORMER_ENCDEC,induction_heads,large,1000,508,0.0001,2,classification,0.9491975806451612,0.9499201612903225
TRANSFORMER_ENCDEC,induction_heads,large,1000,508,0.0001,3,classification,0.9489354838709677,0.9500814516129032
TRANSFORMER_ENCDEC,induction_heads,large,1000,508,0.0001,4,classification,0.9491612903225807,0.9497774193548387
TRANSFORMER_ENCDEC,induction_heads,large,1000,508,0.0001,5,classification,0.9493991935483871,0.9496645161290322
TRANSFORMER_ENCDEC,induction_heads,large,1000,508,0.0001,6,classification,0.9486209677419355,0.9499120967741935
TRANSFORMER_ENCDEC,induction_heads,large,1000,508,0.0001,7,classification,0.9487862903225807,0.9504241935483871
TRANSFORMER_ENCDEC,induction_heads,large,1000,508,0.0001,8,classification,0.949375,0.9501790322580645
TRANSFORMER_ENCDEC,induction_heads,large,1000,508,0.0001,9,classification,0.9490685483870968,0.9500362903225806
TRANSFORMER_ENCDEC,induction_heads,large,10000,9668,0.01,0,classification,0.9492782258064516,0.950275
TRANSFORMER_ENCDEC,induction_heads,large,10000,9668,0.01,1,classification,0.9493629032258064,0.9499991935483871
TRANSFORMER_ENCDEC,induction_heads,large,10000,9668,0.01,2,classification,0.9496572580645162,0.949833870967742
TRANSFORMER_ENCDEC,induction_heads,large,10000,9668,0.01,3,classification,0.9492419354838709,0.9502604838709677
TRANSFORMER_ENCDEC,induction_heads,large,10000,9668,0.01,4,classification,0.949375,0.9500491935483871
TRANSFORMER_ENCDEC,induction_heads,large,10000,9668,0.01,5,classification,0.9395,0.9396282258064517
TRANSFORMER_ENCDEC,induction_heads,large,10000,9668,0.01,6,classification,0.9229798387096775,0.9234370967741935
TRANSFORMER_ENCDEC,induction_heads,large,10000,9668,0.01,7,classification,0.9487862903225807,0.9504241935483871
TRANSFORMER_ENCDEC,induction_heads,large,10000,9668,0.01,8,classification,0.949375,0.9501790322580645
TRANSFORMER_ENCDEC,induction_heads,large,10000,9668,0.01,9,classification,0.9486975806451613,0.9504145161290323
TRANSFORMER_ENCDEC,induction_heads,large,10000,9668,0.003,0,classification,0.0,0.0
TRANSFORMER_ENCDEC,induction_heads,large,10000,9668,0.003,1,classification,0.0,0.0
TRANSFORMER_ENCDEC,induction_heads,large,10000,9668,0.003,2,classification,0.0,0.0
TRANSFORMER_ENCDEC,induction_heads,large,10000,9668,0.003,3,classification,0.0,0.0
TRANSFORMER_ENCDEC,induction_heads,large,10000,9668,0.003,4,classification,0.0,0.0
TRANSFORMER_ENCDEC,induction_heads,large,10000,9668,0.003,5,classification,0.0,0.0
TRANSFORMER_ENCDEC,induction_heads,large,10000,9668,0.003,6,classification,0.0,0.0
TRANSFORMER_ENCDEC,induction_heads,large,10000,9668,0.003,7,classification,0.0,0.0
TRANSFORMER_ENCDEC,induction_heads,large,10000,9668,0.003,8,classification,0.0,0.0
TRANSFORMER_ENCDEC,induction_heads,large,10000,9668,0.003,9,classification,0.0,0.0
TRANSFORMER_ENCDEC,induction_heads,large,10000,9668,0.001,0,classification,0.0,0.0
TRANSFORMER_ENCDEC,induction_heads,large,10000,9668,0.001,1,classification,0.0,0.0
TRANSFORMER_ENCDEC,induction_heads,large,10000,9668,0.001,2,classification,0.0,0.0
TRANSFORMER_ENCDEC,induction_heads,large,10000,9668,0.001,3,classification,0.0,0.0
TRANSFORMER_ENCDEC,induction_heads,large,10000,9668,0.001,4,classification,0.0,0.0
TRANSFORMER_ENCDEC,induction_heads,large,10000,9668,0.001,5,classification,0.0,0.0
TRANSFORMER_ENCDEC,induction_heads,large,10000,9668,0.001,6,classification,0.0,8.064516129335786e-07
TRANSFORMER_ENCDEC,induction_heads,large,10000,9668,0.001,7,classification,0.0,0.0
TRANSFORMER_ENCDEC,induction_heads,large,10000,9668,0.001,8,classification,0.0,0.0
TRANSFORMER_ENCDEC,induction_heads,large,10000,9668,0.001,9,classification,0.0,0.0
TRANSFORMER_ENCDEC,induction_heads,large,10000,9668,0.0003,0,classification,0.0,0.0
TRANSFORMER_ENCDEC,induction_heads,large,10000,9668,0.0003,1,classification,0.0,0.0
TRANSFORMER_ENCDEC,induction_heads,large,10000,9668,0.0003,2,classification,0.0,0.0
TRANSFORMER_ENCDEC,induction_heads,large,10000,9668,0.0003,3,classification,0.0,0.0
TRANSFORMER_ENCDEC,induction_heads,large,10000,9668,0.0003,4,classification,0.0,1.6129032257561349e-06
TRANSFORMER_ENCDEC,induction_heads,large,10000,9668,0.0003,5,classification,0.0,8.064516129335786e-07
TRANSFORMER_ENCDEC,induction_heads,large,10000,9668,0.0003,6,classification,0.0,0.0
TRANSFORMER_ENCDEC,induction_heads,large,10000,9668,0.0003,7,classification,0.0,8.064516129335786e-07
TRANSFORMER_ENCDEC,induction_heads,large,10000,9668,0.0003,8,classification,0.0,0.0
TRANSFORMER_ENCDEC,induction_heads,large,10000,9668,0.0003,9,classification,0.0,0.0
TRANSFORMER_ENCDEC,induction_heads,large,10000,9668,0.0001,0,classification,0.0,0.0
TRANSFORMER_ENCDEC,induction_heads,large,10000,9668,0.0001,1,classification,0.0,0.0
TRANSFORMER_ENCDEC,induction_heads,large,10000,9668,0.0001,2,classification,0.0,0.0
TRANSFORMER_ENCDEC,induction_heads,large,10000,9668,0.0001,3,classification,0.0,0.0
TRANSFORMER_ENCDEC,induction_heads,large,10000,9668,0.0001,4,classification,0.0,8.064516129335786e-07
TRANSFORMER_ENCDEC,induction_heads,large,10000,9668,0.0001,5,classification,0.0,0.0
TRANSFORMER_ENCDEC,induction_heads,large,10000,9668,0.0001,6,classification,0.0,0.0
TRANSFORMER_ENCDEC,induction_heads,large,10000,9668,0.0001,7,classification,0.0,0.0
TRANSFORMER_ENCDEC,induction_heads,large,10000,9668,0.0001,8,classification,0.0,0.0
TRANSFORMER_ENCDEC,induction_heads,large,10000,9668,0.0001,9,classification,0.0,8.064516129335786e-07
TRANSFORMER_ENCDEC,induction_heads,large,100000,94900,0.01,0,classification,0.9492782258064516,0.950275
TRANSFORMER_ENCDEC,induction_heads,large,100000,94900,0.01,1,classification,0.9494314516129032,0.9501467741935484
TRANSFORMER_ENCDEC,induction_heads,large,100000,94900,0.01,2,classification,0.9492217741935484,0.9502282258064516
TRANSFORMER_ENCDEC,induction_heads,large,100000,94900,0.01,3,classification,0.9493951612903225,0.9502967741935484
TRANSFORMER_ENCDEC,induction_heads,large,100000,94900,0.01,4,classification,0.9494516129032258,0.9498991935483871
TRANSFORMER_ENCDEC,induction_heads,large,100000,94900,0.01,5,classification,0.9487741935483871,0.950166935483871
TRANSFORMER_ENCDEC,induction_heads,large,100000,94900,0.01,6,classification,0.949116935483871,0.9500967741935484
TRANSFORMER_ENCDEC,induction_heads,large,100000,94900,0.01,7,classification,0.9496895161290323,0.9499354838709677
TRANSFORMER_ENCDEC,induction_heads,large,100000,94900,0.01,8,classification,0.949375,0.9501790322580645
TRANSFORMER_ENCDEC,induction_heads,large,100000,94900,0.01,9,classification,0.9486975806451613,0.9504145161290323
TRANSFORMER_ENCDEC,induction_heads,large,100000,94900,0.003,0,classification,0.0,0.0
TRANSFORMER_ENCDEC,induction_heads,large,100000,94900,0.003,1,classification,0.949516129032258,0.950041129032258
TRANSFORMER_ENCDEC,induction_heads,large,100000,94900,0.003,2,classification,0.0,1.7741935483872595e-05
TRANSFORMER_ENCDEC,induction_heads,large,100000,94900,0.003,3,classification,0.9493951612903225,0.9502967741935484
TRANSFORMER_ENCDEC,induction_heads,large,100000,94900,0.003,4,classification,0.0,0.0
TRANSFORMER_ENCDEC,induction_heads,large,100000,94900,0.003,5,classification,0.0,0.0
TRANSFORMER_ENCDEC,induction_heads,large,100000,94900,0.003,6,classification,0.0,0.0
TRANSFORMER_ENCDEC,induction_heads,large,100000,94900,0.003,7,classification,0.0,0.0
TRANSFORMER_ENCDEC,induction_heads,large,100000,94900,0.003,8,classification,0.949375,0.9501790322580645
TRANSFORMER_ENCDEC,induction_heads,large,100000,94900,0.003,9,classification,0.0,8.064516129335786e-07
TRANSFORMER_ENCDEC,induction_heads,large,100000,94900,0.001,0,classification,0.0,0.0
TRANSFORMER_ENCDEC,induction_heads,large,100000,94900,0.001,1,classification,0.0,0.0
TRANSFORMER_ENCDEC,induction_heads,large,100000,94900,0.001,2,classification,0.0,0.0
TRANSFORMER_ENCDEC,induction_heads,large,100000,94900,0.001,3,classification,0.0,0.0
TRANSFORMER_ENCDEC,induction_heads,large,100000,94900,0.001,4,classification,0.0,0.0
TRANSFORMER_ENCDEC,induction_heads,large,100000,94900,0.001,5,classification,0.0,0.0
TRANSFORMER_ENCDEC,induction_heads,large,100000,94900,0.001,6,classification,0.0,0.0
TRANSFORMER_ENCDEC,induction_heads,large,100000,94900,0.001,7,classification,0.0,0.0
TRANSFORMER_ENCDEC,induction_heads,large,100000,94900,0.001,8,classification,0.0,0.0
TRANSFORMER_ENCDEC,induction_heads,large,100000,94900,0.001,9,classification,0.0,0.0
TRANSFORMER_ENCDEC,induction_heads,large,100000,94900,0.0003,0,classification,0.0,0.0
TRANSFORMER_ENCDEC,induction_heads,large,100000,94900,0.0003,1,classification,0.0,0.0
TRANSFORMER_ENCDEC,induction_heads,large,100000,94900,0.0003,2,classification,0.0,0.0
TRANSFORMER_ENCDEC,induction_heads,large,100000,94900,0.0003,3,classification,0.0,0.0
TRANSFORMER_ENCDEC,induction_heads,large,100000,94900,0.0003,4,classification,0.0,0.0
TRANSFORMER_ENCDEC,induction_heads,large,100000,94900,0.0003,5,classification,0.0,0.0
TRANSFORMER_ENCDEC,induction_heads,large,100000,94900,0.0003,6,classification,0.0,0.0
TRANSFORMER_ENCDEC,induction_heads,large,100000,94900,0.0003,7,classification,0.0,0.0
TRANSFORMER_ENCDEC,induction_heads,large,100000,94900,0.0003,8,classification,0.0,0.0
TRANSFORMER_ENCDEC,induction_heads,large,100000,94900,0.0003,9,classification,0.0,0.0
TRANSFORMER_ENCDEC,induction_heads,large,100000,94900,0.0001,0,classification,0.0,0.0
TRANSFORMER_ENCDEC,induction_heads,large,100000,94900,0.0001,1,classification,0.0,0.0
TRANSFORMER_ENCDEC,induction_heads,large,100000,94900,0.0001,2,classification,0.0,0.0
TRANSFORMER_ENCDEC,induction_heads,large,100000,94900,0.0001,3,classification,0.0,0.0
TRANSFORMER_ENCDEC,induction_heads,large,100000,94900,0.0001,4,classification,0.0,0.0
TRANSFORMER_ENCDEC,induction_heads,large,100000,94900,0.0001,5,classification,0.0,0.0
TRANSFORMER_ENCDEC,induction_heads,large,100000,94900,0.0001,6,classification,0.0,0.0
TRANSFORMER_ENCDEC,induction_heads,large,100000,94900,0.0001,7,classification,0.0,0.0
TRANSFORMER_ENCDEC,induction_heads,large,100000,94900,0.0001,8,classification,0.0,0.0
TRANSFORMER_ENCDEC,induction_heads,large,100000,94900,0.0001,9,classification,0.0,0.0
TRANSFORMER_ENCDEC,bracket_matching,large,1000,1218,0.01,0,classification,0.48350000000000004,0.5005
TRANSFORMER_ENCDEC,bracket_matching,large,1000,1218,0.01,1,classification,0.489,0.49739999999999995
TRANSFORMER_ENCDEC,bracket_matching,large,1000,1218,0.01,2,classification,0.49550000000000005,0.5041
TRANSFORMER_ENCDEC,bracket_matching,large,1000,1218,0.01,3,classification,0.484,0.494
TRANSFORMER_ENCDEC,bracket_matching,large,1000,1218,0.01,4,classification,0.49650000000000005,0.5018
TRANSFORMER_ENCDEC,bracket_matching,large,1000,1218,0.01,5,classification,0.49450000000000005,0.48929999999999996
TRANSFORMER_ENCDEC,bracket_matching,large,1000,1218,0.01,6,classification,0.49,0.5099
TRANSFORMER_ENCDEC,bracket_matching,large,1000,1218,0.01,7,classification,0.495,0.4917
TRANSFORMER_ENCDEC,bracket_matching,large,1000,1218,0.01,8,classification,0.49450000000000005,0.49160000000000004
TRANSFORMER_ENCDEC,bracket_matching,large,1000,1218,0.01,9,classification,0.48150000000000004,0.49019999999999997
TRANSFORMER_ENCDEC,bracket_matching,large,1000,1218,0.003,0,classification,0.48350000000000004,0.5005
TRANSFORMER_ENCDEC,bracket_matching,large,1000,1218,0.003,1,classification,0.489,0.49739999999999995
TRANSFORMER_ENCDEC,bracket_matching,large,1000,1218,0.003,2,classification,0.49550000000000005,0.5041
TRANSFORMER_ENCDEC,bracket_matching,large,1000,1218,0.003,3,classification,0.13849999999999996,0.1412
TRANSFORMER_ENCDEC,bracket_matching,large,1000,1218,0.003,4,classification,0.5035000000000001,0.4982
TRANSFORMER_ENCDEC,bracket_matching,large,1000,1218,0.003,5,classification,0.403,0.4083
TRANSFORMER_ENCDEC,bracket_matching,large,1000,1218,0.003,6,classification,0.49,0.5099
TRANSFORMER_ENCDEC,bracket_matching,large,1000,1218,0.003,7,classification,0.495,0.4917
TRANSFORMER_ENCDEC,bracket_matching,large,1000,1218,0.003,8,classification,0.49450000000000005,0.49160000000000004
TRANSFORMER_ENCDEC,bracket_matching,large,1000,1218,0.003,9,classification,0.48150000000000004,0.49019999999999997
TRANSFORMER_ENCDEC,bracket_matching,large,1000,1218,0.001,0,classification,0.09899999999999998,0.11970000000000003
TRANSFORMER_ENCDEC,bracket_matching,large,1000,1218,0.001,1,classification,0.489,0.49739999999999995
TRANSFORMER_ENCDEC,bracket_matching,large,1000,1218,0.001,2,classification,0.02300000000000002,0.022599999999999953
TRANSFORMER_ENCDEC,bracket_matching,large,1000,1218,0.001,3,classification,0.17800000000000005,0.1664
TRANSFORMER_ENCDEC,bracket_matching,large,1000,1218,0.001,4,classification,0.5035000000000001,0.4982
TRANSFORMER_ENCDEC,bracket_matching,large,1000,1218,0.001,5,classification,0.011499999999999955,0.011099999999999999
TRANSFORMER_ENCDEC,bracket_matching,large,1000,1218,0.001,6,classification,0.02200000000000002,0.019399999999999973
TRANSFORMER_ENCDEC,bracket_matching,large,1000,1218,0.001,7,classification,0.23250000000000004,0.2319
TRANSFORMER_ENCDEC,bracket_matching,large,1000,1218,0.001,8,classification,0.07050000000000001,0.06330000000000002
TRANSFORMER_ENCDEC,bracket_matching,large,1000,1218,0.001,9,classification,0.009499999999999953,0.010600000000000054
TRANSFORMER_ENCDEC,bracket_matching,large,1000,1218,0.0003,0,classification,0.0625,0.0685
TRANSFORMER_ENCDEC,bracket_matching,large,1000,1218,0.0003,1,classification,0.16349999999999998,0.16410000000000002
TRANSFORMER_ENCDEC,bracket_matching,large,1000,1218,0.0003,2,classification,0.04300000000000004,0.04710000000000003
TRANSFORMER_ENCDEC,bracket_matching,large,1000,1218,0.0003,3,classification,0.044499999999999984,0.0484
TRANSFORMER_ENCDEC,bracket_matching,large,1000,1218,0.0003,4,classification,0.5035000000000001,0.4982
TRANSFORMER_ENCDEC,bracket_matching,large,1000,1218,0.0003,5,classification,0.01200000000000001,0.011700000000000044
TRANSFORMER_ENCDEC,bracket_matching,large,1000,1218,0.0003,6,classification,0.2905,0.29590000000000005
TRANSFORMER_ENCDEC,bracket_matching,large,1000,1218,0.0003,7,classification,0.11050000000000004,0.12019999999999997
TRANSFORMER_ENCDEC,bracket_matching,large,1000,1218,0.0003,8,classification,0.046499999999999986,0.04569999999999996
TRANSFORMER_ENCDEC,bracket_matching,large,1000,1218,0.0003,9,classification,0.24550000000000005,0.25229999999999997
TRANSFORMER_ENCDEC,bracket_matching,large,1000,1218,0.0001,0,classification,0.48350000000000004,0.5005
TRANSFORMER_ENCDEC,bracket_matching,large,1000,1218,0.0001,1,classification,0.489,0.49739999999999995
TRANSFORMER_ENCDEC,bracket_matching,large,1000,1218,0.0001,2,classification,0.3165,0.3255
TRANSFORMER_ENCDEC,bracket_matching,large,1000,1218,0.0001,3,classification,0.36050000000000004,0.3469
TRANSFORMER_ENCDEC,bracket_matching,large,1000,1218,0.0001,4,classification,0.49650000000000005,0.5018
TRANSFORMER_ENCDEC,bracket_matching,large,1000,1218,0.0001,5,classification,0.29900000000000004,0.29390000000000005
TRANSFORMER_ENCDEC,bracket_matching,large,1000,1218,0.0001,6,classification,0.49,0.5099
TRANSFORMER_ENCDEC,bracket_matching,large,1000,1218,0.0001,7,classification,0.4235,0.40859999999999996
TRANSFORMER_ENCDEC,bracket_matching,large,1000,1218,0.0001,8,classification,0.394,0.3771
TRANSFORMER_ENCDEC,bracket_matching,large,1000,1218,0.0001,9,classification,0.45199999999999996,0.45009999999999994
TRANSFORMER_ENCDEC,bracket_matching,large,10000,9026,0.01,0,classification,0.48350000000000004,0.5005
TRANSFORMER_ENCDEC,bracket_matching,large,10000,9026,0.01,1,classification,0.489,0.49739999999999995
TRANSFORMER_ENCDEC,bracket_matching,large,10000,9026,0.01,2,classification,0.49550000000000005,0.5041
TRANSFORMER_ENCDEC,bracket_matching,large,10000,9026,0.01,3,classification,0.484,0.494
TRANSFORMER_ENCDEC,bracket_matching,large,10000,9026,0.01,4,classification,0.49650000000000005,0.5018
TRANSFORMER_ENCDEC,bracket_matching,large,10000,9026,0.01,5,classification,0.49450000000000005,0.48929999999999996
TRANSFORMER_ENCDEC,bracket_matching,large,10000,9026,0.01,6,classification,0.49,0.5099
TRANSFORMER_ENCDEC,bracket_matching,large,10000,9026,0.01,7,classification,0.495,0.4917
TRANSFORMER_ENCDEC,bracket_matching,large,10000,9026,0.01,8,classification,0.49450000000000005,0.49160000000000004
TRANSFORMER_ENCDEC,bracket_matching,large,10000,9026,0.01,9,classification,0.48150000000000004,0.49019999999999997
TRANSFORMER_ENCDEC,bracket_matching,large,10000,9026,0.003,0,classification,0.48350000000000004,0.5005
TRANSFORMER_ENCDEC,bracket_matching,large,10000,9026,0.003,1,classification,0.489,0.49739999999999995
TRANSFORMER_ENCDEC,bracket_matching,large,10000,9026,0.003,2,classification,0.49550000000000005,0.5041
TRANSFORMER_ENCDEC,bracket_matching,large,10000,9026,0.003,3,classification,0.484,0.494
TRANSFORMER_ENCDEC,bracket_matching,large,10000,9026,0.003,4,classification,0.49650000000000005,0.5018
TRANSFORMER_ENCDEC,bracket_matching,large,10000,9026,0.003,5,classification,0.49450000000000005,0.48929999999999996
TRANSFORMER_ENCDEC,bracket_matching,large,10000,9026,0.003,6,classification,0.3185,0.29569999999999996
TRANSFORMER_ENCDEC,bracket_matching,large,10000,9026,0.003,7,classification,0.495,0.4917
TRANSFORMER_ENCDEC,bracket_matching,large,10000,9026,0.003,8,classification,0.49450000000000005,0.49160000000000004
TRANSFORMER_ENCDEC,bracket_matching,large,10000,9026,0.003,9,classification,0.48150000000000004,0.49019999999999997
TRANSFORMER_ENCDEC,bracket_matching,large,10000,9026,0.001,0,classification,0.48350000000000004,0.5005
TRANSFORMER_ENCDEC,bracket_matching,large,10000,9026,0.001,1,classification,0.03849999999999998,0.03400000000000003
TRANSFORMER_ENCDEC,bracket_matching,large,10000,9026,0.001,2,classification,0.18400000000000005,0.19579999999999997
TRANSFORMER_ENCDEC,bracket_matching,large,10000,9026,0.001,3,classification,0.10799999999999998,0.127
TRANSFORMER_ENCDEC,bracket_matching,large,10000,9026,0.001,4,classification,0.15600000000000003,0.15259999999999996
TRANSFORMER_ENCDEC,bracket_matching,large,10000,9026,0.001,5,classification,0.03749999999999998,0.035499999999999976
TRANSFORMER_ENCDEC,bracket_matching,large,10000,9026,0.001,6,classification,0.06000000000000005,0.06169999999999998
TRANSFORMER_ENCDEC,bracket_matching,large,10000,9026,0.001,7,classification,0.046499999999999986,0.0494
TRANSFORMER_ENCDEC,bracket_matching,large,10000,9026,0.001,8,classification,0.010000000000000009,0.011800000000000033
TRANSFORMER_ENCDEC,bracket_matching,large,10000,9026,0.001,9,classification,0.03949999999999998,0.03700000000000003
TRANSFORMER_ENCDEC,bracket_matching,large,10000,9026,0.0003,0,classification,0.016000000000000014,0.022399999999999975
TRANSFORMER_ENCDEC,bracket_matching,large,10000,9026,0.0003,1,classification,0.009000000000000008,0.010600000000000054
TRANSFORMER_ENCDEC,bracket_matching,large,10000,9026,0.0003,2,classification,0.038000000000000034,0.037900000000000045
TRANSFORMER_ENCDEC,bracket_matching,large,10000,9026,0.0003,3,classification,0.04300000000000004,0.035499999999999976
TRANSFORMER_ENCDEC,bracket_matching,large,10000,9026,0.0003,4,classification,0.118,0.11619999999999997
TRANSFORMER_ENCDEC,bracket_matching,large,10000,9026,0.0003,5,classification,0.018000000000000016,0.01629999999999998
TRANSFORMER_ENCDEC,bracket_matching,large,10000,9026,0.0003,6,classification,0.013499999999999956,0.012299999999999978
TRANSFORMER_ENCDEC,bracket_matching,large,10000,9026,0.0003,7,classification,0.03300000000000003,0.032299999999999995
TRANSFORMER_ENCDEC,bracket_matching,large,10000,9026,0.0003,8,classification,0.033499999999999974,0.03069999999999995
TRANSFORMER_ENCDEC,bracket_matching,large,10000,9026,0.0003,9,classification,0.03300000000000003,0.03649999999999998
TRANSFORMER_ENCDEC,bracket_matching,large,10000,9026,0.0001,0,classification,0.48350000000000004,0.5005
TRANSFORMER_ENCDEC,bracket_matching,large,10000,9026,0.0001,1,classification,0.04149999999999998,0.042100000000000026
TRANSFORMER_ENCDEC,bracket_matching,large,10000,9026,0.0001,2,classification,0.18400000000000005,0.2005
TRANSFORMER_ENCDEC,bracket_matching,large,10000,9026,0.0001,3,classification,0.04949999999999999,0.047900000000000054
TRANSFORMER_ENCDEC,bracket_matching,large,10000,9026,0.0001,4,classification,0.20699999999999996,0.21750000000000003
TRANSFORMER_ENCDEC,bracket_matching,large,10000,9026,0.0001,5,classification,0.02200000000000002,0.024700000000000055
TRANSFORMER_ENCDEC,bracket_matching,large,10000,9026,0.0001,6,classification,0.03949999999999998,0.04239999999999999
TRANSFORMER_ENCDEC,bracket_matching,large,10000,9026,0.0001,7,classification,0.03649999999999998,0.03590000000000004
TRANSFORMER_ENCDEC,bracket_matching,large,10000,9026,0.0001,8,classification,0.035499999999999976,0.03380000000000005
TRANSFORMER_ENCDEC,bracket_matching,large,10000,9026,0.0001,9,classification,0.03649999999999998,0.03380000000000005
TRANSFORMER_ENCDEC,bracket_matching,large,100000,102146,0.01,0,classification,0.48350000000000004,0.5005
TRANSFORMER_ENCDEC,bracket_matching,large,100000,102146,0.01,1,classification,0.489,0.49739999999999995
TRANSFORMER_ENCDEC,bracket_matching,large,100000,102146,0.01,2,classification,0.49550000000000005,0.5041
TRANSFORMER_ENCDEC,bracket_matching,large,100000,102146,0.01,3,classification,0.484,0.494
TRANSFORMER_ENCDEC,bracket_matching,large,100000,102146,0.01,4,classification,0.49650000000000005,0.5018
TRANSFORMER_ENCDEC,bracket_matching,large,100000,102146,0.01,5,classification,0.49450000000000005,0.48929999999999996
TRANSFORMER_ENCDEC,bracket_matching,large,100000,102146,0.01,6,classification,0.49,0.5099
TRANSFORMER_ENCDEC,bracket_matching,large,100000,102146,0.01,7,classification,0.495,0.4917
TRANSFORMER_ENCDEC,bracket_matching,large,100000,102146,0.01,8,classification,0.49450000000000005,0.49160000000000004
TRANSFORMER_ENCDEC,bracket_matching,large,100000,102146,0.01,9,classification,0.48150000000000004,0.49019999999999997
TRANSFORMER_ENCDEC,bracket_matching,large,100000,102146,0.003,0,classification,0.48350000000000004,0.5005
TRANSFORMER_ENCDEC,bracket_matching,large,100000,102146,0.003,1,classification,0.489,0.49739999999999995
TRANSFORMER_ENCDEC,bracket_matching,large,100000,102146,0.003,2,classification,0.49550000000000005,0.5041
TRANSFORMER_ENCDEC,bracket_matching,large,100000,102146,0.003,3,classification,0.484,0.494
TRANSFORMER_ENCDEC,bracket_matching,large,100000,102146,0.003,4,classification,0.49650000000000005,0.5018
TRANSFORMER_ENCDEC,bracket_matching,large,100000,102146,0.003,5,classification,0.49450000000000005,0.48929999999999996
TRANSFORMER_ENCDEC,bracket_matching,large,100000,102146,0.003,6,classification,0.49,0.5099
TRANSFORMER_ENCDEC,bracket_matching,large,100000,102146,0.003,7,classification,0.495,0.4917
TRANSFORMER_ENCDEC,bracket_matching,large,100000,102146,0.003,8,classification,0.49450000000000005,0.49160000000000004
TRANSFORMER_ENCDEC,bracket_matching,large,100000,102146,0.003,9,classification,0.48150000000000004,0.49019999999999997
TRANSFORMER_ENCDEC,bracket_matching,large,100000,102146,0.001,0,classification,0.24050000000000005,0.22970000000000002
TRANSFORMER_ENCDEC,bracket_matching,large,100000,102146,0.001,1,classification,0.20599999999999996,0.21330000000000005
TRANSFORMER_ENCDEC,bracket_matching,large,100000,102146,0.001,2,classification,0.14600000000000002,0.15959999999999996
TRANSFORMER_ENCDEC,bracket_matching,large,100000,102146,0.001,3,classification,0.14400000000000002,0.15449999999999997
TRANSFORMER_ENCDEC,bracket_matching,large,100000,102146,0.001,4,classification,0.13949999999999996,0.13890000000000002
TRANSFORMER_ENCDEC,bracket_matching,large,100000,102146,0.001,5,classification,0.20850000000000002,0.2127
TRANSFORMER_ENCDEC,bracket_matching,large,100000,102146,0.001,6,classification,0.21699999999999997,0.2108
TRANSFORMER_ENCDEC,bracket_matching,large,100000,102146,0.001,7,classification,0.15400000000000003,0.15159999999999996
TRANSFORMER_ENCDEC,bracket_matching,large,100000,102146,0.001,8,classification,0.05300000000000005,0.05010000000000003
TRANSFORMER_ENCDEC,bracket_matching,large,100000,102146,0.001,9,classification,0.045499999999999985,0.046699999999999964
TRANSFORMER_ENCDEC,bracket_matching,large,100000,102146,0.0003,0,classification,0.044499999999999984,0.049900000000000055
TRANSFORMER_ENCDEC,bracket_matching,large,100000,102146,0.0003,1,classification,0.15649999999999997,0.16100000000000003
TRANSFORMER_ENCDEC,bracket_matching,large,100000,102146,0.0003,2,classification,0.04249999999999998,0.04579999999999995
TRANSFORMER_ENCDEC,bracket_matching,large,100000,102146,0.0003,3,classification,0.04400000000000004,0.041100000000000025
TRANSFORMER_ENCDEC,bracket_matching,large,100000,102146,0.0003,4,classification,0.04700000000000004,0.040000000000000036
TRANSFORMER_ENCDEC,bracket_matching,large,100000,102146,0.0003,5,classification,0.01200000000000001,0.0121
TRANSFORMER_ENCDEC,bracket_matching,large,100000,102146,0.0003,6,classification,0.03200000000000003,0.03159999999999996
TRANSFORMER_ENCDEC,bracket_matching,large,100000,102146,0.0003,7,classification,0.04149999999999998,0.04569999999999996
TRANSFORMER_ENCDEC,bracket_matching,large,100000,102146,0.0003,8,classification,0.01749999999999996,0.01649999999999996
TRANSFORMER_ENCDEC,bracket_matching,large,100000,102146,0.0003,9,classification,0.030000000000000027,0.026900000000000035
TRANSFORMER_ENCDEC,bracket_matching,large,100000,102146,0.0001,0,classification,0.020000000000000018,0.02210000000000001
TRANSFORMER_ENCDEC,bracket_matching,large,100000,102146,0.0001,1,classification,0.04249999999999998,0.03700000000000003
TRANSFORMER_ENCDEC,bracket_matching,large,100000,102146,0.0001,2,classification,0.03149999999999997,0.03049999999999997
TRANSFORMER_ENCDEC,bracket_matching,large,100000,102146,0.0001,3,classification,0.022499999999999964,0.022299999999999986
TRANSFORMER_ENCDEC,bracket_matching,large,100000,102146,0.0001,4,classification,0.04300000000000004,0.038000000000000034
TRANSFORMER_ENCDEC,bracket_matching,large,100000,102146,0.0001,5,classification,0.019000000000000017,0.01739999999999997
TRANSFORMER_ENCDEC,bracket_matching,large,100000,102146,0.0001,6,classification,0.021499999999999964,0.02190000000000003
TRANSFORMER_ENCDEC,bracket_matching,large,100000,102146,0.0001,7,classification,0.03500000000000003,0.03510000000000002
TRANSFORMER_ENCDEC,bracket_matching,large,100000,102146,0.0001,8,classification,0.029000000000000026,0.02729999999999999
TRANSFORMER_ENCDEC,bracket_matching,large,100000,102146,0.0001,9,classification,0.02400000000000002,0.02400000000000002
TRANSFORMER_ENCDEC,simple_copy,large,1000,512,0.01,0,classification,0.9490766666666667,0.9501793333333334
TRANSFORMER_ENCDEC,simple_copy,large,1000,512,0.01,1,classification,0.9493366666666667,0.9501913333333334
TRANSFORMER_ENCDEC,simple_copy,large,1000,512,0.01,2,classification,0.9495833333333333,0.9499673333333334
TRANSFORMER_ENCDEC,simple_copy,large,1000,512,0.01,3,classification,0.9492933333333333,0.9500893333333333
TRANSFORMER_ENCDEC,simple_copy,large,1000,512,0.01,4,classification,0.9493466666666667,0.9499726666666667
TRANSFORMER_ENCDEC,simple_copy,large,1000,512,0.01,5,classification,0.9494166666666667,0.9500153333333333
TRANSFORMER_ENCDEC,simple_copy,large,1000,512,0.01,6,classification,0.9490733333333333,0.9498126666666666
TRANSFORMER_ENCDEC,simple_copy,large,1000,512,0.01,7,classification,0.94956,0.950094
TRANSFORMER_ENCDEC,simple_copy,large,1000,512,0.01,8,classification,0.9495633333333333,0.9501993333333333
TRANSFORMER_ENCDEC,simple_copy,large,1000,512,0.01,9,classification,0.9495266666666666,0.9498073333333333
TRANSFORMER_ENCDEC,simple_copy,large,1000,512,0.003,0,classification,0.94966,0.950054
TRANSFORMER_ENCDEC,simple_copy,large,1000,512,0.003,1,classification,0.9493366666666667,0.9501913333333334
TRANSFORMER_ENCDEC,simple_copy,large,1000,512,0.003,2,classification,0.9495833333333333,0.9499673333333334
TRANSFORMER_ENCDEC,simple_copy,large,1000,512,0.003,3,classification,0.9493266666666667,0.9499333333333333
TRANSFORMER_ENCDEC,simple_copy,large,1000,512,0.003,4,classification,0.94908,0.9499746666666666
TRANSFORMER_ENCDEC,simple_copy,large,1000,512,0.003,5,classification,0.9495433333333333,0.9502633333333333
TRANSFORMER_ENCDEC,simple_copy,large,1000,512,0.003,6,classification,0.9493933333333333,0.9503333333333334
TRANSFORMER_ENCDEC,simple_copy,large,1000,512,0.003,7,classification,0.9494166666666667,0.9499066666666667
TRANSFORMER_ENCDEC,simple_copy,large,1000,512,0.003,8,classification,0.9495633333333333,0.9501993333333333
TRANSFORMER_ENCDEC,simple_copy,large,1000,512,0.003,9,classification,0.9495266666666666,0.9498073333333333
TRANSFORMER_ENCDEC,simple_copy,large,1000,512,0.001,0,classification,0.94966,0.950054
TRANSFORMER_ENCDEC,simple_copy,large,1000,512,0.001,1,classification,0.9493366666666667,0.9501913333333334
TRANSFORMER_ENCDEC,simple_copy,large,1000,512,0.001,2,classification,0.9495666666666667,0.9500453333333333
TRANSFORMER_ENCDEC,simple_copy,large,1000,512,0.001,3,classification,0.9493266666666667,0.9499333333333333
TRANSFORMER_ENCDEC,simple_copy,large,1000,512,0.001,4,classification,0.94935,0.9498800000000001
TRANSFORMER_ENCDEC,simple_copy,large,1000,512,0.001,5,classification,0.9496166666666667,0.950006
TRANSFORMER_ENCDEC,simple_copy,large,1000,512,0.001,6,classification,0.9493933333333333,0.9503333333333334
TRANSFORMER_ENCDEC,simple_copy,large,1000,512,0.001,7,classification,0.9494166666666667,0.9499066666666667
TRANSFORMER_ENCDEC,simple_copy,large,1000,512,0.001,8,classification,0.94947,0.9498993333333333
TRANSFORMER_ENCDEC,simple_copy,large,1000,512,0.001,9,classification,0.94936,0.95011
TRANSFORMER_ENCDEC,simple_copy,large,1000,512,0.0003,0,classification,0.9495433333333333,0.950188
TRANSFORMER_ENCDEC,simple_copy,large,1000,512,0.0003,1,classification,0.94971,0.9497226666666667
TRANSFORMER_ENCDEC,simple_copy,large,1000,512,0.0003,2,classification,0.94962,0.950024
TRANSFORMER_ENCDEC,simple_copy,large,1000,512,0.0003,3,classification,0.9493266666666667,0.9499333333333333
TRANSFORMER_ENCDEC,simple_copy,large,1000,512,0.0003,4,classification,0.94935,0.9498800000000001
TRANSFORMER_ENCDEC,simple_copy,large,1000,512,0.0003,5,classification,0.94958,0.949916
TRANSFORMER_ENCDEC,simple_copy,large,1000,512,0.0003,6,classification,0.9493933333333333,0.9503333333333334
TRANSFORMER_ENCDEC,simple_copy,large,1000,512,0.0003,7,classification,0.9497066666666667,0.9498800000000001
TRANSFORMER_ENCDEC,simple_copy,large,1000,512,0.0003,8,classification,0.9490366666666666,0.949962
TRANSFORMER_ENCDEC,simple_copy,large,1000,512,0.0003,9,classification,0.9495266666666666,0.9498073333333333
TRANSFORMER_ENCDEC,simple_copy,large,1000,512,0.0001,0,classification,0.94966,0.950054
TRANSFORMER_ENCDEC,simple_copy,large,1000,512,0.0001,1,classification,0.9490933333333333,0.9496333333333333
TRANSFORMER_ENCDEC,simple_copy,large,1000,512,0.0001,2,classification,0.94962,0.950024
TRANSFORMER_ENCDEC,simple_copy,large,1000,512,0.0001,3,classification,0.9495733333333334,0.9497226666666667
TRANSFORMER_ENCDEC,simple_copy,large,1000,512,0.0001,4,classification,0.94935,0.9498800000000001
TRANSFORMER_ENCDEC,simple_copy,large,1000,512,0.0001,5,classification,0.9495433333333333,0.9502633333333333
TRANSFORMER_ENCDEC,simple_copy,large,1000,512,0.0001,6,classification,0.9496066666666667,0.9501706666666667
TRANSFORMER_ENCDEC,simple_copy,large,1000,512,0.0001,7,classification,0.9499933333333334,0.9499133333333334
TRANSFORMER_ENCDEC,simple_copy,large,1000,512,0.0001,8,classification,0.9490366666666666,0.949962
TRANSFORMER_ENCDEC,simple_copy,large,1000,512,0.0001,9,classification,0.9495266666666666,0.9498073333333333
TRANSFORMER_ENCDEC,simple_copy,large,10000,9692,0.01,0,classification,0.9490066666666667,0.94994
TRANSFORMER_ENCDEC,simple_copy,large,10000,9692,0.01,1,classification,0.0,6.666666666488297e-07
TRANSFORMER_ENCDEC,simple_copy,large,10000,9692,0.01,2,classification,0.9496666666666667,0.9499733333333333
TRANSFORMER_ENCDEC,simple_copy,large,10000,9692,0.01,3,classification,0.9492933333333333,0.9500893333333333
TRANSFORMER_ENCDEC,simple_copy,large,10000,9692,0.01,4,classification,0.94935,0.9498800000000001
TRANSFORMER_ENCDEC,simple_copy,large,10000,9692,0.01,5,classification,0.9494166666666667,0.9500153333333333
TRANSFORMER_ENCDEC,simple_copy,large,10000,9692,0.01,6,classification,0.0,0.0
TRANSFORMER_ENCDEC,simple_copy,large,10000,9692,0.01,7,classification,0.9493199999999999,0.94916
TRANSFORMER_ENCDEC,simple_copy,large,10000,9692,0.01,8,classification,0.9489733333333333,0.9500686666666667
TRANSFORMER_ENCDEC,simple_copy,large,10000,9692,0.01,9,classification,0.9495266666666666,0.9498073333333333
TRANSFORMER_ENCDEC,simple_copy,large,10000,9692,0.003,0,classification,0.0,0.0
TRANSFORMER_ENCDEC,simple_copy,large,10000,9692,0.003,1,classification,0.0,0.0
TRANSFORMER_ENCDEC,simple_copy,large,10000,9692,0.003,2,classification,0.0,0.0
TRANSFORMER_ENCDEC,simple_copy,large,10000,9692,0.003,3,classification,0.0,6.666666666488297e-07
TRANSFORMER_ENCDEC,simple_copy,large,10000,9692,0.003,4,classification,0.0,0.0
TRANSFORMER_ENCDEC,simple_copy,large,10000,9692,0.003,5,classification,0.0,0.0
TRANSFORMER_ENCDEC,simple_copy,large,10000,9692,0.003,6,classification,0.0,1.3333333332976594e-06
TRANSFORMER_ENCDEC,simple_copy,large,10000,9692,0.003,7,classification,0.0,0.0
TRANSFORMER_ENCDEC,simple_copy,large,10000,9692,0.003,8,classification,0.0,6.666666666488297e-07
TRANSFORMER_ENCDEC,simple_copy,large,10000,9692,0.003,9,classification,0.0,0.0
TRANSFORMER_ENCDEC,simple_copy,large,10000,9692,0.001,0,classification,0.0,1.999999999946489e-06
TRANSFORMER_ENCDEC,simple_copy,large,10000,9692,0.001,1,classification,0.0,0.0
TRANSFORMER_ENCDEC,simple_copy,large,10000,9692,0.001,2,classification,0.0,0.0
TRANSFORMER_ENCDEC,simple_copy,large,10000,9692,0.001,3,classification,0.0,0.0
TRANSFORMER_ENCDEC,simple_copy,large,10000,9692,0.001,4,classification,0.0,6.666666666488297e-07
TRANSFORMER_ENCDEC,simple_copy,large,10000,9692,0.001,5,classification,0.0,1.3333333332976594e-06
TRANSFORMER_ENCDEC,simple_copy,large,10000,9692,0.001,6,classification,0.0,0.0
TRANSFORMER_ENCDEC,simple_copy,large,10000,9692,0.001,7,classification,0.0,0.0
TRANSFORMER_ENCDEC,simple_copy,large,10000,9692,0.001,8,classification,0.0,0.0
TRANSFORMER_ENCDEC,simple_copy,large,10000,9692,0.001,9,classification,0.0,0.0
TRANSFORMER_ENCDEC,simple_copy,large,10000,9692,0.0003,0,classification,0.0,0.0
TRANSFORMER_ENCDEC,simple_copy,large,10000,9692,0.0003,1,classification,0.0,0.0
TRANSFORMER_ENCDEC,simple_copy,large,10000,9692,0.0003,2,classification,0.0,0.0
TRANSFORMER_ENCDEC,simple_copy,large,10000,9692,0.0003,3,classification,0.0,0.0
TRANSFORMER_ENCDEC,simple_copy,large,10000,9692,0.0003,4,classification,0.0,1.3333333332976594e-06
TRANSFORMER_ENCDEC,simple_copy,large,10000,9692,0.0003,5,classification,0.0,0.0
TRANSFORMER_ENCDEC,simple_copy,large,10000,9692,0.0003,6,classification,1.666666666666483e-05,1.1333333333363171e-05
TRANSFORMER_ENCDEC,simple_copy,large,10000,9692,0.0003,7,classification,0.0,0.0
TRANSFORMER_ENCDEC,simple_copy,large,10000,9692,0.0003,8,classification,0.0,0.0
TRANSFORMER_ENCDEC,simple_copy,large,10000,9692,0.0003,9,classification,0.0,0.0
TRANSFORMER_ENCDEC,simple_copy,large,10000,9692,0.0001,0,classification,0.0,6.666666666488297e-07
TRANSFORMER_ENCDEC,simple_copy,large,10000,9692,0.0001,1,classification,0.0,0.0
TRANSFORMER_ENCDEC,simple_copy,large,10000,9692,0.0001,2,classification,0.0,0.0
TRANSFORMER_ENCDEC,simple_copy,large,10000,9692,0.0001,3,classification,0.0,0.0
TRANSFORMER_ENCDEC,simple_copy,large,10000,9692,0.0001,4,classification,0.0,0.0
TRANSFORMER_ENCDEC,simple_copy,large,10000,9692,0.0001,5,classification,0.0,2.666666666706341e-06
TRANSFORMER_ENCDEC,simple_copy,large,10000,9692,0.0001,6,classification,3.3333333333551707e-06,8.000000000008e-06
TRANSFORMER_ENCDEC,simple_copy,large,10000,9692,0.0001,7,classification,0.0,0.0
TRANSFORMER_ENCDEC,simple_copy,large,10000,9692,0.0001,8,classification,0.0,0.0
TRANSFORMER_ENCDEC,simple_copy,large,10000,9692,0.0001,9,classification,0.0,0.0
TRANSFORMER_ENCDEC,simple_copy,large,100000,94980,0.01,0,classification,0.9490766666666667,0.9501793333333334
TRANSFORMER_ENCDEC,simple_copy,large,100000,94980,0.01,1,classification,0.9493366666666667,0.9501913333333334
TRANSFORMER_ENCDEC,simple_copy,large,100000,94980,0.01,2,classification,0.9495833333333333,0.9499673333333334
TRANSFORMER_ENCDEC,simple_copy,large,100000,94980,0.01,3,classification,0.9492933333333333,0.9500893333333333
TRANSFORMER_ENCDEC,simple_copy,large,100000,94980,0.01,4,classification,0.9496066666666667,0.950244
TRANSFORMER_ENCDEC,simple_copy,large,100000,94980,0.01,5,classification,0.9496166666666667,0.950006
TRANSFORMER_ENCDEC,simple_copy,large,100000,94980,0.01,6,classification,0.9493933333333333,0.9503333333333334
TRANSFORMER_ENCDEC,simple_copy,large,100000,94980,0.01,7,classification,0.9494166666666667,0.9499066666666667
TRANSFORMER_ENCDEC,simple_copy,large,100000,94980,0.01,8,classification,0.9496966666666666,0.9499446666666667
TRANSFORMER_ENCDEC,simple_copy,large,100000,94980,0.01,9,classification,0.9495933333333333,0.9502806666666667
TRANSFORMER_ENCDEC,simple_copy,large,100000,94980,0.003,0,classification,0.0,0.0
TRANSFORMER_ENCDEC,simple_copy,large,100000,94980,0.003,1,classification,0.9492266666666667,0.9498613333333333
TRANSFORMER_ENCDEC,simple_copy,large,100000,94980,0.003,2,classification,0.0,0.0
TRANSFORMER_ENCDEC,simple_copy,large,100000,94980,0.003,3,classification,0.0,0.0
TRANSFORMER_ENCDEC,simple_copy,large,100000,94980,0.003,4,classification,0.9496066666666667,0.950244
TRANSFORMER_ENCDEC,simple_copy,large,100000,94980,0.003,5,classification,0.0,0.0
TRANSFORMER_ENCDEC,simple_copy,large,100000,94980,0.003,6,classification,0.0,0.0
TRANSFORMER_ENCDEC,simple_copy,large,100000,94980,0.003,7,classification,0.94956,0.950094
TRANSFORMER_ENCDEC,simple_copy,large,100000,94980,0.003,8,classification,0.0,0.0
TRANSFORMER_ENCDEC,simple_copy,large,100000,94980,0.003,9,classification,0.0,1.3333333332976594e-06
TRANSFORMER_ENCDEC,simple_copy,large,100000,94980,0.001,0,classification,0.0,2.666666666706341e-06
TRANSFORMER_ENCDEC,simple_copy,large,100000,94980,0.001,1,classification,0.0,0.0
TRANSFORMER_ENCDEC,simple_copy,large,100000,94980,0.001,2,classification,0.0,0.0
TRANSFORMER_ENCDEC,simple_copy,large,100000,94980,0.001,3,classification,0.0,0.0
TRANSFORMER_ENCDEC,simple_copy,large,100000,94980,0.001,4,classification,0.0,0.0
TRANSFORMER_ENCDEC,simple_copy,large,100000,94980,0.001,5,classification,0.0,1.999999999946489e-06
TRANSFORMER_ENCDEC,simple_copy,large,100000,94980,0.001,6,classification,0.0,0.0
TRANSFORMER_ENCDEC,simple_copy,large,100000,94980,0.001,7,classification,0.0,0.0
TRANSFORMER_ENCDEC,simple_copy,large,100000,94980,0.001,8,classification,0.0,0.0
TRANSFORMER_ENCDEC,simple_copy,large,100000,94980,0.001,9,classification,0.0,0.0
TRANSFORMER_ENCDEC,simple_copy,large,100000,94980,0.0003,0,classification,0.0,0.0
TRANSFORMER_ENCDEC,simple_copy,large,100000,94980,0.0003,1,classification,0.0,0.0
TRANSFORMER_ENCDEC,simple_copy,large,100000,94980,0.0003,2,classification,0.0,0.0
TRANSFORMER_ENCDEC,simple_copy,large,100000,94980,0.0003,3,classification,0.0,0.0
TRANSFORMER_ENCDEC,simple_copy,large,100000,94980,0.0003,4,classification,0.0,0.0
TRANSFORMER_ENCDEC,simple_copy,large,100000,94980,0.0003,5,classification,0.0,0.0
TRANSFORMER_ENCDEC,simple_copy,large,100000,94980,0.0003,6,classification,0.0,0.0
TRANSFORMER_ENCDEC,simple_copy,large,100000,94980,0.0003,7,classification,0.0,0.0
TRANSFORMER_ENCDEC,simple_copy,large,100000,94980,0.0003,8,classification,0.0,0.0
TRANSFORMER_ENCDEC,simple_copy,large,100000,94980,0.0003,9,classification,0.0,0.0
TRANSFORMER_ENCDEC,simple_copy,large,100000,94980,0.0001,0,classification,0.0,0.0
TRANSFORMER_ENCDEC,simple_copy,large,100000,94980,0.0001,1,classification,0.0,0.0
TRANSFORMER_ENCDEC,simple_copy,large,100000,94980,0.0001,2,classification,0.0,0.0
TRANSFORMER_ENCDEC,simple_copy,large,100000,94980,0.0001,3,classification,0.0,0.0
TRANSFORMER_ENCDEC,simple_copy,large,100000,94980,0.0001,4,classification,0.0,0.0
TRANSFORMER_ENCDEC,simple_copy,large,100000,94980,0.0001,5,classification,0.0,0.0
TRANSFORMER_ENCDEC,simple_copy,large,100000,94980,0.0001,6,classification,0.0,0.0
TRANSFORMER_ENCDEC,simple_copy,large,100000,94980,0.0001,7,classification,0.0,0.0
TRANSFORMER_ENCDEC,simple_copy,large,100000,94980,0.0001,8,classification,0.0,0.0
TRANSFORMER_ENCDEC,simple_copy,large,100000,94980,0.0001,9,classification,0.0,0.0
TRANSFORMER_ENCDEC,selective_copy,large,1000,516,0.01,0,classification,0.9484666666666667,0.9495833333333333
TRANSFORMER_ENCDEC,selective_copy,large,1000,516,0.01,1,classification,0.9476833333333333,0.9501866666666666
TRANSFORMER_ENCDEC,selective_copy,large,1000,516,0.01,2,classification,0.94825,0.94961
TRANSFORMER_ENCDEC,selective_copy,large,1000,516,0.01,3,classification,0.9488833333333333,0.9507
TRANSFORMER_ENCDEC,selective_copy,large,1000,516,0.01,4,classification,0.9484166666666667,0.9499533333333333
TRANSFORMER_ENCDEC,selective_copy,large,1000,516,0.01,5,classification,0.9474833333333333,0.95009
TRANSFORMER_ENCDEC,selective_copy,large,1000,516,0.01,6,classification,0.9477166666666667,0.94966
TRANSFORMER_ENCDEC,selective_copy,large,1000,516,0.01,7,classification,0.94825,0.9502733333333333
TRANSFORMER_ENCDEC,selective_copy,large,1000,516,0.01,8,classification,0.9492166666666667,0.9500466666666667
TRANSFORMER_ENCDEC,selective_copy,large,1000,516,0.01,9,classification,0.9481166666666667,0.9499666666666666
TRANSFORMER_ENCDEC,selective_copy,large,1000,516,0.003,0,classification,0.9482333333333334,0.9498033333333333
TRANSFORMER_ENCDEC,selective_copy,large,1000,516,0.003,1,classification,0.9488333333333333,0.9493566666666666
TRANSFORMER_ENCDEC,selective_copy,large,1000,516,0.003,2,classification,0.94825,0.94961
TRANSFORMER_ENCDEC,selective_copy,large,1000,516,0.003,3,classification,0.9488833333333333,0.9507
TRANSFORMER_ENCDEC,selective_copy,large,1000,516,0.003,4,classification,0.9484166666666667,0.9499533333333333
TRANSFORMER_ENCDEC,selective_copy,large,1000,516,0.003,5,classification,0.9474833333333333,0.95009
TRANSFORMER_ENCDEC,selective_copy,large,1000,516,0.003,6,classification,0.9477166666666667,0.94966
TRANSFORMER_ENCDEC,selective_copy,large,1000,516,0.003,7,classification,0.94825,0.9502733333333333
TRANSFORMER_ENCDEC,selective_copy,large,1000,516,0.003,8,classification,0.9489666666666666,0.94998
TRANSFORMER_ENCDEC,selective_copy,large,1000,516,0.003,9,classification,0.9485,0.9504533333333334
TRANSFORMER_ENCDEC,selective_copy,large,1000,516,0.001,0,classification,0.9486166666666667,0.9497833333333333
TRANSFORMER_ENCDEC,selective_copy,large,1000,516,0.001,1,classification,0.9488333333333333,0.9493566666666666
TRANSFORMER_ENCDEC,selective_copy,large,1000,516,0.001,2,classification,0.94825,0.94961
TRANSFORMER_ENCDEC,selective_copy,large,1000,516,0.001,3,classification,0.9488833333333333,0.9507
TRANSFORMER_ENCDEC,selective_copy,large,1000,516,0.001,4,classification,0.9484166666666667,0.9499533333333333
TRANSFORMER_ENCDEC,selective_copy,large,1000,516,0.001,5,classification,0.9474833333333333,0.95009
TRANSFORMER_ENCDEC,selective_copy,large,1000,516,0.001,6,classification,0.9485833333333333,0.94987
TRANSFORMER_ENCDEC,selective_copy,large,1000,516,0.001,7,classification,0.94825,0.9502733333333333
TRANSFORMER_ENCDEC,selective_copy,large,1000,516,0.001,8,classification,0.9489666666666666,0.94998
TRANSFORMER_ENCDEC,selective_copy,large,1000,516,0.001,9,classification,0.9485,0.9504533333333334
TRANSFORMER_ENCDEC,selective_copy,large,1000,516,0.0003,0,classification,0.9486166666666667,0.9497833333333333
TRANSFORMER_ENCDEC,selective_copy,large,1000,516,0.0003,1,classification,0.9489,0.9504533333333334
TRANSFORMER_ENCDEC,selective_copy,large,1000,516,0.0003,2,classification,0.9500833333333334,0.9500133333333334
TRANSFORMER_ENCDEC,selective_copy,large,1000,516,0.0003,3,classification,0.9487333333333333,0.95078
TRANSFORMER_ENCDEC,selective_copy,large,1000,516,0.0003,4,classification,0.9495333333333333,0.94981
TRANSFORMER_ENCDEC,selective_copy,large,1000,516,0.0003,5,classification,0.9488333333333333,0.94982
TRANSFORMER_ENCDEC,selective_copy,large,1000,516,0.0003,6,classification,0.9485166666666667,0.9504466666666667
TRANSFORMER_ENCDEC,selective_copy,large,1000,516,0.0003,7,classification,0.94935,0.9498833333333333
TRANSFORMER_ENCDEC,selective_copy,large,1000,516,0.0003,8,classification,0.9488,0.9501366666666666
TRANSFORMER_ENCDEC,selective_copy,large,1000,516,0.0003,9,classification,0.9491,0.9503033333333333
TRANSFORMER_ENCDEC,selective_copy,large,1000,516,0.0001,0,classification,0.9488,0.9498800000000001
TRANSFORMER_ENCDEC,selective_copy,large,1000,516,0.0001,1,classification,0.9494833333333333,0.9498833333333333
TRANSFORMER_ENCDEC,selective_copy,large,1000,516,0.0001,2,classification,0.9499166666666666,0.9501466666666667
TRANSFORMER_ENCDEC,selective_copy,large,1000,516,0.0001,3,classification,0.9488833333333333,0.9507
TRANSFORMER_ENCDEC,selective_copy,large,1000,516,0.0001,4,classification,0.95,0.9497366666666667
TRANSFORMER_ENCDEC,selective_copy,large,1000,516,0.0001,5,classification,0.9488333333333333,0.94982
TRANSFORMER_ENCDEC,selective_copy,large,1000,516,0.0001,6,classification,0.9489333333333333,0.9499
TRANSFORMER_ENCDEC,selective_copy,large,1000,516,0.0001,7,classification,0.9492,0.9509766666666667
TRANSFORMER_ENCDEC,selective_copy,large,1000,516,0.0001,8,classification,0.94905,0.9499433333333334
TRANSFORMER_ENCDEC,selective_copy,large,1000,516,0.0001,9,classification,0.94845,0.94943
TRANSFORMER_ENCDEC,selective_copy,large,10000,9716,0.01,0,classification,0.9485666666666667,0.94987
TRANSFORMER_ENCDEC,selective_copy,large,10000,9716,0.01,1,classification,0.9489,0.9504533333333334
TRANSFORMER_ENCDEC,selective_copy,large,10000,9716,0.01,2,classification,0.94825,0.94961
TRANSFORMER_ENCDEC,selective_copy,large,10000,9716,0.01,3,classification,0.9488833333333333,0.9507
TRANSFORMER_ENCDEC,selective_copy,large,10000,9716,0.01,4,classification,0.9484166666666667,0.9499533333333333
TRANSFORMER_ENCDEC,selective_copy,large,10000,9716,0.01,5,classification,0.94885,0.94955
TRANSFORMER_ENCDEC,selective_copy,large,10000,9716,0.01,6,classification,0.9477166666666667,0.94966
TRANSFORMER_ENCDEC,selective_copy,large,10000,9716,0.01,7,classification,0.94825,0.9502733333333333
TRANSFORMER_ENCDEC,selective_copy,large,10000,9716,0.01,8,classification,0.9489666666666666,0.94998
TRANSFORMER_ENCDEC,selective_copy,large,10000,9716,0.01,9,classification,0.9485,0.9504533333333334
TRANSFORMER_ENCDEC,selective_copy,large,10000,9716,0.003,0,classification,0.5878666666666666,0.5880533333333333
TRANSFORMER_ENCDEC,selective_copy,large,10000,9716,0.003,1,classification,0.6577166666666667,0.6567333333333334
TRANSFORMER_ENCDEC,selective_copy,large,10000,9716,0.003,2,classification,0.94825,0.94961
TRANSFORMER_ENCDEC,selective_copy,large,10000,9716,0.003,3,classification,0.3008833333333333,0.30257999999999996
TRANSFORMER_ENCDEC,selective_copy,large,10000,9716,0.003,4,classification,0.9173333333333333,0.91732
TRANSFORMER_ENCDEC,selective_copy,large,10000,9716,0.003,5,classification,0.5335333333333334,0.5346233333333333
TRANSFORMER_ENCDEC,selective_copy,large,10000,9716,0.003,6,classification,0.48234999999999995,0.48427333333333333
TRANSFORMER_ENCDEC,selective_copy,large,10000,9716,0.003,7,classification,0.94825,0.9502733333333333
TRANSFORMER_ENCDEC,selective_copy,large,10000,9716,0.003,8,classification,0.6275,0.6298900000000001
TRANSFORMER_ENCDEC,selective_copy,large,10000,9716,0.003,9,classification,0.93755,0.9383666666666667
TRANSFORMER_ENCDEC,selective_copy,large,10000,9716,0.001,0,classification,0.3155833333333333,0.3178133333333333
TRANSFORMER_ENCDEC,selective_copy,large,10000,9716,0.001,1,classification,0.33396666666666663,0.33216333333333337
TRANSFORMER_ENCDEC,selective_copy,large,10000,9716,0.001,2,classification,0.08781666666666665,0.08697333333333335
TRANSFORMER_ENCDEC,selective_copy,large,10000,9716,0.001,3,classification,0.2919833333333334,0.2933366666666667
TRANSFORMER_ENCDEC,selective_copy,large,10000,9716,0.001,4,classification,0.10328333333333328,0.10304000000000002
TRANSFORMER_ENCDEC,selective_copy,large,10000,9716,0.001,5,classification,0.41535,0.41885666666666665
TRANSFORMER_ENCDEC,selective_copy,large,10000,9716,0.001,6,classification,0.49934999999999996,0.4988866666666667
TRANSFORMER_ENCDEC,selective_copy,large,10000,9716,0.001,7,classification,0.10073333333333334,0.10122666666666669
TRANSFORMER_ENCDEC,selective_copy,large,10000,9716,0.001,8,classification,0.3349333333333333,0.33372
TRANSFORMER_ENCDEC,selective_copy,large,10000,9716,0.001,9,classification,0.09484999999999999,0.09155000000000002
TRANSFORMER_ENCDEC,selective_copy,large,10000,9716,0.0003,0,classification,0.5816833333333333,0.5816933333333334
TRANSFORMER_ENCDEC,selective_copy,large,10000,9716,0.0003,1,classification,0.21816666666666662,0.21921333333333337
TRANSFORMER_ENCDEC,selective_copy,large,10000,9716,0.0003,2,classification,0.24570000000000003,0.24534
TRANSFORMER_ENCDEC,selective_copy,large,10000,9716,0.0003,3,classification,0.3569333333333333,0.3570766666666667
TRANSFORMER_ENCDEC,selective_copy,large,10000,9716,0.0003,4,classification,0.1827333333333333,0.18193333333333328
TRANSFORMER_ENCDEC,selective_copy,large,10000,9716,0.0003,5,classification,0.0864166666666667,0.08869666666666665
TRANSFORMER_ENCDEC,selective_copy,large,10000,9716,0.0003,6,classification,0.20108333333333328,0.19962999999999997
TRANSFORMER_ENCDEC,selective_copy,large,10000,9716,0.0003,7,classification,0.1834,0.18206999999999995
TRANSFORMER_ENCDEC,selective_copy,large,10000,9716,0.0003,8,classification,0.30528333333333335,0.30528999999999995
TRANSFORMER_ENCDEC,selective_copy,large,10000,9716,0.0003,9,classification,0.35581666666666667,0.3538066666666667
TRANSFORMER_ENCDEC,selective_copy,large,10000,9716,0.0001,0,classification,0.5110166666666667,0.5083466666666667
TRANSFORMER_ENCDEC,selective_copy,large,10000,9716,0.0001,1,classification,0.29218333333333335,0.29327000000000003
TRANSFORMER_ENCDEC,selective_copy,large,10000,9716,0.0001,2,classification,0.29505000000000003,0.29256000000000004
TRANSFORMER_ENCDEC,selective_copy,large,10000,9716,0.0001,3,classification,0.3516,0.35292999999999997
TRANSFORMER_ENCDEC,selective_copy,large,10000,9716,0.0001,4,classification,0.2781,0.2736266666666667
TRANSFORMER_ENCDEC,selective_copy,large,10000,9716,0.0001,5,classification,0.3114166666666667,0.30987
TRANSFORMER_ENCDEC,selective_copy,large,10000,9716,0.0001,6,classification,0.9475666666666667,0.94999
TRANSFORMER_ENCDEC,selective_copy,large,10000,9716,0.0001,7,classification,0.28361666666666663,0.28349
TRANSFORMER_ENCDEC,selective_copy,large,10000,9716,0.0001,8,classification,0.5926166666666667,0.59303
TRANSFORMER_ENCDEC,selective_copy,large,10000,9716,0.0001,9,classification,0.3089666666666666,0.30683666666666665
TRANSFORMER_ENCDEC,selective_copy,large,100000,95060,0.01,0,classification,0.9488,0.9498800000000001
TRANSFORMER_ENCDEC,selective_copy,large,100000,95060,0.01,1,classification,0.9488333333333333,0.9493566666666666
TRANSFORMER_ENCDEC,selective_copy,large,100000,95060,0.01,2,classification,0.94825,0.94961
TRANSFORMER_ENCDEC,selective_copy,large,100000,95060,0.01,3,classification,0.9488833333333333,0.9507
TRANSFORMER_ENCDEC,selective_copy,large,100000,95060,0.01,4,classification,0.9484166666666667,0.9499533333333333
TRANSFORMER_ENCDEC,selective_copy,large,100000,95060,0.01,5,classification,0.9483666666666667,0.9493833333333334
TRANSFORMER_ENCDEC,selective_copy,large,100000,95060,0.01,6,classification,0.9485833333333333,0.94987
TRANSFORMER_ENCDEC,selective_copy,large,100000,95060,0.01,7,classification,0.9493666666666667,0.9499833333333333
TRANSFORMER_ENCDEC,selective_copy,large,100000,95060,0.01,8,classification,0.9489666666666666,0.94998
TRANSFORMER_ENCDEC,selective_copy,large,100000,95060,0.01,9,classification,0.9485,0.9504533333333334
TRANSFORMER_ENCDEC,selective_copy,large,100000,95060,0.003,0,classification,0.9485666666666667,0.94987
TRANSFORMER_ENCDEC,selective_copy,large,100000,95060,0.003,1,classification,0.9489,0.9504533333333334
TRANSFORMER_ENCDEC,selective_copy,large,100000,95060,0.003,2,classification,0.94825,0.94961
TRANSFORMER_ENCDEC,selective_copy,large,100000,95060,0.003,3,classification,0.9488833333333333,0.9507
TRANSFORMER_ENCDEC,selective_copy,large,100000,95060,0.003,4,classification,0.9486833333333333,0.95097
TRANSFORMER_ENCDEC,selective_copy,large,100000,95060,0.003,5,classification,0.9482833333333334,0.9500433333333334
TRANSFORMER_ENCDEC,selective_copy,large,100000,95060,0.003,6,classification,0.9491666666666667,0.94966
TRANSFORMER_ENCDEC,selective_copy,large,100000,95060,0.003,7,classification,0.9493666666666667,0.9499833333333333
TRANSFORMER_ENCDEC,selective_copy,large,100000,95060,0.003,8,classification,0.9489666666666666,0.94998
TRANSFORMER_ENCDEC,selective_copy,large,100000,95060,0.003,9,classification,0.9485,0.9504533333333334
TRANSFORMER_ENCDEC,selective_copy,large,100000,95060,0.001,0,classification,0.3575166666666667,0.3612533333333333
TRANSFORMER_ENCDEC,selective_copy,large,100000,95060,0.001,1,classification,0.025666666666666615,0.02754000000000001
TRANSFORMER_ENCDEC,selective_copy,large,100000,95060,0.001,2,classification,0.03613333333333335,0.033889999999999976
TRANSFORMER_ENCDEC,selective_copy,large,100000,95060,0.001,3,classification,0.33625000000000005,0.3316566666666667
TRANSFORMER_ENCDEC,selective_copy,large,100000,95060,0.001,4,classification,0.06223333333333336,0.062100000000000044
TRANSFORMER_ENCDEC,selective_copy,large,100000,95060,0.001,5,classification,0.03646666666666665,0.03783666666666663
TRANSFORMER_ENCDEC,selective_copy,large,100000,95060,0.001,6,classification,0.52735,0.52512
TRANSFORMER_ENCDEC,selective_copy,large,100000,95060,0.001,7,classification,0.18984999999999996,0.19052999999999998
TRANSFORMER_ENCDEC,selective_copy,large,100000,95060,0.001,8,classification,0.4678333333333333,0.4708366666666667
TRANSFORMER_ENCDEC,selective_copy,large,100000,95060,0.001,9,classification,0.04331666666666667,0.040656666666666674
TRANSFORMER_ENCDEC,selective_copy,large,100000,95060,0.0003,0,classification,0.013283333333333314,0.013283333333333314
TRANSFORMER_ENCDEC,selective_copy,large,100000,95060,0.0003,1,classification,0.010800000000000032,0.0115966666666667
TRANSFORMER_ENCDEC,selective_copy,large,100000,95060,0.0003,2,classification,0.0007166666666666988,0.0006599999999999939
TRANSFORMER_ENCDEC,selective_copy,large,100000,95060,0.0003,3,classification,0.017133333333333334,0.017696666666666694
TRANSFORMER_ENCDEC,selective_copy,large,100000,95060,0.0003,4,classification,0.010066666666666668,0.011113333333333308
TRANSFORMER_ENCDEC,selective_copy,large,100000,95060,0.0003,5,classification,0.015016666666666678,0.015190000000000037
TRANSFORMER_ENCDEC,selective_copy,large,100000,95060,0.0003,6,classification,0.018233333333333324,0.017449999999999966
TRANSFORMER_ENCDEC,selective_copy,large,100000,95060,0.0003,7,classification,0.025383333333333313,0.025839999999999974
TRANSFORMER_ENCDEC,selective_copy,large,100000,95060,0.0003,8,classification,0.01090000000000002,0.011433333333333295
TRANSFORMER_ENCDEC,selective_copy,large,100000,95060,0.0003,9,classification,0.0315833333333333,0.03016333333333332
TRANSFORMER_ENCDEC,selective_copy,large,100000,95060,0.0001,0,classification,0.027649999999999952,0.027223333333333377
TRANSFORMER_ENCDEC,selective_copy,large,100000,95060,0.0001,1,classification,0.01478333333333337,0.016203333333333347
TRANSFORMER_ENCDEC,selective_copy,large,100000,95060,0.0001,2,classification,0.005099999999999993,0.005106666666666704
TRANSFORMER_ENCDEC,selective_copy,large,100000,95060,0.0001,3,classification,0.008016666666666672,0.007893333333333308
TRANSFORMER_ENCDEC,selective_copy,large,100000,95060,0.0001,4,classification,0.025183333333333335,0.025580000000000047
TRANSFORMER_ENCDEC,selective_copy,large,100000,95060,0.0001,5,classification,0.0005833333333333801,0.0005233333333333201
TRANSFORMER_ENCDEC,selective_copy,large,100000,95060,0.0001,6,classification,0.02536666666666665,0.024016666666666686
TRANSFORMER_ENCDEC,selective_copy,large,100000,95060,0.0001,7,classification,0.0023166666666666336,0.0023999999999999577
TRANSFORMER_ENCDEC,selective_copy,large,100000,95060,0.0001,8,classification,0.050583333333333313,0.05126666666666668
TRANSFORMER_ENCDEC,selective_copy,large,100000,95060,0.0001,9,classification,0.017483333333333295,0.016683333333333383
TRANSFORMER_ENCDEC,sorting_problem,large,1000,712,0.01,0,classification,0.94955,0.950072
TRANSFORMER_ENCDEC,sorting_problem,large,1000,712,0.01,1,classification,0.94911,0.949864
TRANSFORMER_ENCDEC,sorting_problem,large,1000,712,0.01,2,classification,0.94889,0.949806
TRANSFORMER_ENCDEC,sorting_problem,large,1000,712,0.01,3,classification,0.94828,0.949808
TRANSFORMER_ENCDEC,sorting_problem,large,1000,712,0.01,4,classification,0.94949,0.950434
TRANSFORMER_ENCDEC,sorting_problem,large,1000,712,0.01,5,classification,0.94855,0.94979
TRANSFORMER_ENCDEC,sorting_problem,large,1000,712,0.01,6,classification,0.94888,0.949394
TRANSFORMER_ENCDEC,sorting_problem,large,1000,712,0.01,7,classification,0.94925,0.95022
TRANSFORMER_ENCDEC,sorting_problem,large,1000,712,0.01,8,classification,0.9493199999999999,0.950408
TRANSFORMER_ENCDEC,sorting_problem,large,1000,712,0.01,9,classification,0.94939,0.949698
TRANSFORMER_ENCDEC,sorting_problem,large,1000,712,0.003,0,classification,0.94898,0.95013
TRANSFORMER_ENCDEC,sorting_problem,large,1000,712,0.003,1,classification,0.94911,0.949864
TRANSFORMER_ENCDEC,sorting_problem,large,1000,712,0.003,2,classification,0.94889,0.949806
TRANSFORMER_ENCDEC,sorting_problem,large,1000,712,0.003,3,classification,0.94828,0.949808
TRANSFORMER_ENCDEC,sorting_problem,large,1000,712,0.003,4,classification,0.94914,0.9496560000000001
TRANSFORMER_ENCDEC,sorting_problem,large,1000,712,0.003,5,classification,0.94881,0.95022
TRANSFORMER_ENCDEC,sorting_problem,large,1000,712,0.003,6,classification,0.9492,0.949856
TRANSFORMER_ENCDEC,sorting_problem,large,1000,712,0.003,7,classification,0.94931,0.949938
TRANSFORMER_ENCDEC,sorting_problem,large,1000,712,0.003,8,classification,0.94931,0.9501
TRANSFORMER_ENCDEC,sorting_problem,large,1000,712,0.003,9,classification,0.94852,0.950388
TRANSFORMER_ENCDEC,sorting_problem,large,1000,712,0.001,0,classification,0.94933,0.949906
TRANSFORMER_ENCDEC,sorting_problem,large,1000,712,0.001,1,classification,0.94916,0.950314
TRANSFORMER_ENCDEC,sorting_problem,large,1000,712,0.001,2,classification,0.94949,0.950466
TRANSFORMER_ENCDEC,sorting_problem,large,1000,712,0.001,3,classification,0.94931,0.950172
TRANSFORMER_ENCDEC,sorting_problem,large,1000,712,0.001,4,classification,0.94912,0.949282
TRANSFORMER_ENCDEC,sorting_problem,large,1000,712,0.001,5,classification,0.94881,0.95022
TRANSFORMER_ENCDEC,sorting_problem,large,1000,712,0.001,6,classification,0.94899,0.949886
TRANSFORMER_ENCDEC,sorting_problem,large,1000,712,0.001,7,classification,0.94842,0.95001
TRANSFORMER_ENCDEC,sorting_problem,large,1000,712,0.001,8,classification,0.9493199999999999,0.950408
TRANSFORMER_ENCDEC,sorting_problem,large,1000,712,0.001,9,classification,0.949,0.950194
TRANSFORMER_ENCDEC,sorting_problem,large,1000,712,0.0003,0,classification,0.94933,0.949906
TRANSFORMER_ENCDEC,sorting_problem,large,1000,712,0.0003,1,classification,0.94994,0.949538
TRANSFORMER_ENCDEC,sorting_problem,large,1000,712,0.0003,2,classification,0.94802,0.95013
TRANSFORMER_ENCDEC,sorting_problem,large,1000,712,0.0003,3,classification,0.94828,0.949808
TRANSFORMER_ENCDEC,sorting_problem,large,1000,712,0.0003,4,classification,0.94912,0.949962
TRANSFORMER_ENCDEC,sorting_problem,large,1000,712,0.0003,5,classification,0.94892,0.95021
TRANSFORMER_ENCDEC,sorting_problem,large,1000,712,0.0003,6,classification,0.94805,0.950324
TRANSFORMER_ENCDEC,sorting_problem,large,1000,712,0.0003,7,classification,0.94842,0.95001
TRANSFORMER_ENCDEC,sorting_problem,large,1000,712,0.0003,8,classification,0.94864,0.950174
TRANSFORMER_ENCDEC,sorting_problem,large,1000,712,0.0003,9,classification,0.949,0.950194
TRANSFORMER_ENCDEC,sorting_problem,large,1000,712,0.0001,0,classification,0.94933,0.949906
TRANSFORMER_ENCDEC,sorting_problem,large,1000,712,0.0001,1,classification,0.9493,0.949278
TRANSFORMER_ENCDEC,sorting_problem,large,1000,712,0.0001,2,classification,0.94901,0.949864
TRANSFORMER_ENCDEC,sorting_problem,large,1000,712,0.0001,3,classification,0.94977,0.950264
TRANSFORMER_ENCDEC,sorting_problem,large,1000,712,0.0001,4,classification,0.94881,0.95016
TRANSFORMER_ENCDEC,sorting_problem,large,1000,712,0.0001,5,classification,0.94877,0.949586
TRANSFORMER_ENCDEC,sorting_problem,large,1000,712,0.0001,6,classification,0.94805,0.950324
TRANSFORMER_ENCDEC,sorting_problem,large,1000,712,0.0001,7,classification,0.94842,0.95001
TRANSFORMER_ENCDEC,sorting_problem,large,1000,712,0.0001,8,classification,0.95018,0.949836
TRANSFORMER_ENCDEC,sorting_problem,large,1000,712,0.0001,9,classification,0.95003,0.950012
TRANSFORMER_ENCDEC,sorting_problem,large,10000,7960,0.01,0,classification,0.94417,0.9434
TRANSFORMER_ENCDEC,sorting_problem,large,10000,7960,0.01,1,classification,0.94677,0.947282
TRANSFORMER_ENCDEC,sorting_problem,large,10000,7960,0.01,2,classification,0.94889,0.949806
TRANSFORMER_ENCDEC,sorting_problem,large,10000,7960,0.01,3,classification,0.94037,0.940942
TRANSFORMER_ENCDEC,sorting_problem,large,10000,7960,0.01,4,classification,0.94886,0.949856
TRANSFORMER_ENCDEC,sorting_problem,large,10000,7960,0.01,5,classification,0.94881,0.95022
TRANSFORMER_ENCDEC,sorting_problem,large,10000,7960,0.01,6,classification,0.9129,0.913646
TRANSFORMER_ENCDEC,sorting_problem,large,10000,7960,0.01,7,classification,9.00000000000345e-05,0.000124000000000013
TRANSFORMER_ENCDEC,sorting_problem,large,10000,7960,0.01,8,classification,0.0,0.0
TRANSFORMER_ENCDEC,sorting_problem,large,10000,7960,0.01,9,classification,0.92114,0.921006
TRANSFORMER_ENCDEC,sorting_problem,large,10000,7960,0.003,0,classification,0.0,1.999999999946489e-06
TRANSFORMER_ENCDEC,sorting_problem,large,10000,7960,0.003,1,classification,0.0,4.000000000004e-06
TRANSFORMER_ENCDEC,sorting_problem,large,10000,7960,0.003,2,classification,0.0,0.0
TRANSFORMER_ENCDEC,sorting_problem,large,10000,7960,0.003,3,classification,0.0,1.399999999995849e-05
TRANSFORMER_ENCDEC,sorting_problem,large,10000,7960,0.003,4,classification,0.0,1.999999999946489e-06
TRANSFORMER_ENCDEC,sorting_problem,large,10000,7960,0.003,5,classification,0.0,0.0
TRANSFORMER_ENCDEC,sorting_problem,large,10000,7960,0.003,6,classification,0.0,5.999999999950489e-06
TRANSFORMER_ENCDEC,sorting_problem,large,10000,7960,0.003,7,classification,0.0,1.2000000000012001e-05
TRANSFORMER_ENCDEC,sorting_problem,large,10000,7960,0.003,8,classification,0.0,2.0000000000020002e-05
TRANSFORMER_ENCDEC,sorting_problem,large,10000,7960,0.003,9,classification,0.0,5.999999999950489e-06
TRANSFORMER_ENCDEC,sorting_problem,large,10000,7960,0.001,0,classification,0.0,4.000000000004e-06
TRANSFORMER_ENCDEC,sorting_problem,large,10000,7960,0.001,1,classification,0.0,1.399999999995849e-05
TRANSFORMER_ENCDEC,sorting_problem,large,10000,7960,0.001,2,classification,0.0,2.0000000000020002e-05
TRANSFORMER_ENCDEC,sorting_problem,large,10000,7960,0.001,3,classification,0.0,1.999999999946489e-06
TRANSFORMER_ENCDEC,sorting_problem,large,10000,7960,0.001,4,classification,0.0,8.000000000008e-06
TRANSFORMER_ENCDEC,sorting_problem,large,10000,7960,0.001,5,classification,0.0,2.199999999996649e-05
TRANSFORMER_ENCDEC,sorting_problem,large,10000,7960,0.001,6,classification,0.0,1.399999999995849e-05
TRANSFORMER_ENCDEC,sorting_problem,large,10000,7960,0.001,7,classification,0.0,1.2000000000012001e-05
TRANSFORMER_ENCDEC,sorting_problem,large,10000,7960,0.001,8,classification,0.0,0.0
TRANSFORMER_ENCDEC,sorting_problem,large,10000,7960,0.001,9,classification,0.0,4.000000000004e-06
TRANSFORMER_ENCDEC,sorting_problem,large,10000,7960,0.0003,0,classification,0.0,1.999999999946489e-06
TRANSFORMER_ENCDEC,sorting_problem,large,10000,7960,0.0003,1,classification,0.0,1.399999999995849e-05
TRANSFORMER_ENCDEC,sorting_problem,large,10000,7960,0.0003,2,classification,0.0,1.799999999996249e-05
TRANSFORMER_ENCDEC,sorting_problem,large,10000,7960,0.0003,3,classification,0.0,1.6000000000016e-05
TRANSFORMER_ENCDEC,sorting_problem,large,10000,7960,0.0003,4,classification,0.0,5.999999999950489e-06
TRANSFORMER_ENCDEC,sorting_problem,large,10000,7960,0.0003,5,classification,0.0,4.000000000004e-06
TRANSFORMER_ENCDEC,sorting_problem,large,10000,7960,0.0003,6,classification,0.0,5.999999999950489e-06
TRANSFORMER_ENCDEC,sorting_problem,large,10000,7960,0.0003,7,classification,0.0,0.0
TRANSFORMER_ENCDEC,sorting_problem,large,10000,7960,0.0003,8,classification,0.0,9.99999999995449e-06
TRANSFORMER_ENCDEC,sorting_problem,large,10000,7960,0.0003,9,classification,0.0,4.4000000000044004e-05
TRANSFORMER_ENCDEC,sorting_problem,large,10000,7960,0.0001,0,classification,0.0,1.399999999995849e-05
TRANSFORMER_ENCDEC,sorting_problem,large,10000,7960,0.0001,1,classification,0.0,8.000000000008e-06
TRANSFORMER_ENCDEC,sorting_problem,large,10000,7960,0.0001,2,classification,0.0,1.2000000000012001e-05
TRANSFORMER_ENCDEC,sorting_problem,large,10000,7960,0.0001,3,classification,7.999999999996898e-05,6.799999999995698e-05
TRANSFORMER_ENCDEC,sorting_problem,large,10000,7960,0.0001,4,classification,0.0,4.000000000004e-06
TRANSFORMER_ENCDEC,sorting_problem,large,10000,7960,0.0001,5,classification,0.0,4.0000000000040004e-05
TRANSFORMER_ENCDEC,sorting_problem,large,10000,7960,0.0001,6,classification,9.99999999995449e-06,5.999999999950489e-06
TRANSFORMER_ENCDEC,sorting_problem,large,10000,7960,0.0001,7,classification,0.0,8.000000000008e-06
TRANSFORMER_ENCDEC,sorting_problem,large,10000,7960,0.0001,8,classification,0.0,1.399999999995849e-05
TRANSFORMER_ENCDEC,sorting_problem,large,10000,7960,0.0001,9,classification,0.0,1.2000000000012001e-05
TRANSFORMER_ENCDEC,sorting_problem,large,100000,98980,0.01,0,classification,0.94898,0.95013
TRANSFORMER_ENCDEC,sorting_problem,large,100000,98980,0.01,1,classification,0.94911,0.949864
TRANSFORMER_ENCDEC,sorting_problem,large,100000,98980,0.01,2,classification,0.94901,0.949864
TRANSFORMER_ENCDEC,sorting_problem,large,100000,98980,0.01,3,classification,0.94828,0.949808
TRANSFORMER_ENCDEC,sorting_problem,large,100000,98980,0.01,4,classification,0.94914,0.9496560000000001
TRANSFORMER_ENCDEC,sorting_problem,large,100000,98980,0.01,5,classification,0.94881,0.95022
TRANSFORMER_ENCDEC,sorting_problem,large,100000,98980,0.01,6,classification,0.94805,0.950324
TRANSFORMER_ENCDEC,sorting_problem,large,100000,98980,0.01,7,classification,0.94891,0.949824
TRANSFORMER_ENCDEC,sorting_problem,large,100000,98980,0.01,8,classification,0.94864,0.950174
TRANSFORMER_ENCDEC,sorting_problem,large,100000,98980,0.01,9,classification,0.94852,0.950388
TRANSFORMER_ENCDEC,sorting_problem,large,100000,98980,0.003,0,classification,0.09462000000000004,0.09508399999999995
TRANSFORMER_ENCDEC,sorting_problem,large,100000,98980,0.003,1,classification,0.0,4.000000000004e-06
TRANSFORMER_ENCDEC,sorting_problem,large,100000,98980,0.003,2,classification,0.03768000000000005,0.038017999999999996
TRANSFORMER_ENCDEC,sorting_problem,large,100000,98980,0.003,3,classification,0.018870000000000053,0.01905800000000002
TRANSFORMER_ENCDEC,sorting_problem,large,100000,98980,0.003,4,classification,0.94573,0.946176
TRANSFORMER_ENCDEC,sorting_problem,large,100000,98980,0.003,5,classification,0.92689,0.927856
TRANSFORMER_ENCDEC,sorting_problem,large,100000,98980,0.003,6,classification,0.0,1.999999999946489e-06
TRANSFORMER_ENCDEC,sorting_problem,large,100000,98980,0.003,7,classification,0.0,0.0
TRANSFORMER_ENCDEC,sorting_problem,large,100000,98980,0.003,8,classification,0.94226,0.94242
TRANSFORMER_ENCDEC,sorting_problem,large,100000,98980,0.003,9,classification,0.93813,0.939146
TRANSFORMER_ENCDEC,sorting_problem,large,100000,98980,0.001,0,classification,0.0,0.0
TRANSFORMER_ENCDEC,sorting_problem,large,100000,98980,0.001,1,classification,0.0,1.999999999946489e-06
TRANSFORMER_ENCDEC,sorting_problem,large,100000,98980,0.001,2,classification,0.0,4.000000000004e-06
TRANSFORMER_ENCDEC,sorting_problem,large,100000,98980,0.001,3,classification,0.0,1.999999999946489e-06
TRANSFORMER_ENCDEC,sorting_problem,large,100000,98980,0.001,4,classification,0.0,0.0
TRANSFORMER_ENCDEC,sorting_problem,large,100000,98980,0.001,5,classification,0.0,0.0
TRANSFORMER_ENCDEC,sorting_problem,large,100000,98980,0.001,6,classification,0.0,0.0
TRANSFORMER_ENCDEC,sorting_problem,large,100000,98980,0.001,7,classification,0.0,0.0
TRANSFORMER_ENCDEC,sorting_problem,large,100000,98980,0.001,8,classification,0.0,0.0
TRANSFORMER_ENCDEC,sorting_problem,large,100000,98980,0.001,9,classification,0.0,5.999999999950489e-06
TRANSFORMER_ENCDEC,sorting_problem,large,100000,98980,0.0003,0,classification,0.0,0.0
TRANSFORMER_ENCDEC,sorting_problem,large,100000,98980,0.0003,1,classification,0.0,0.0
TRANSFORMER_ENCDEC,sorting_problem,large,100000,98980,0.0003,2,classification,0.0,0.0
TRANSFORMER_ENCDEC,sorting_problem,large,100000,98980,0.0003,3,classification,0.0,0.0
TRANSFORMER_ENCDEC,sorting_problem,large,100000,98980,0.0003,4,classification,0.0,0.0
TRANSFORMER_ENCDEC,sorting_problem,large,100000,98980,0.0003,5,classification,0.0,0.0
TRANSFORMER_ENCDEC,sorting_problem,large,100000,98980,0.0003,6,classification,0.0,0.0
TRANSFORMER_ENCDEC,sorting_problem,large,100000,98980,0.0003,7,classification,0.0,0.0
TRANSFORMER_ENCDEC,sorting_problem,large,100000,98980,0.0003,8,classification,0.0,0.0
TRANSFORMER_ENCDEC,sorting_problem,large,100000,98980,0.0003,9,classification,0.0,0.0
TRANSFORMER_ENCDEC,sorting_problem,large,100000,98980,0.0001,0,classification,0.0,0.0
TRANSFORMER_ENCDEC,sorting_problem,large,100000,98980,0.0001,1,classification,0.0,0.0
TRANSFORMER_ENCDEC,sorting_problem,large,100000,98980,0.0001,2,classification,0.0,0.0
TRANSFORMER_ENCDEC,sorting_problem,large,100000,98980,0.0001,3,classification,0.0,0.0
TRANSFORMER_ENCDEC,sorting_problem,large,100000,98980,0.0001,4,classification,0.0,0.0
TRANSFORMER_ENCDEC,sorting_problem,large,100000,98980,0.0001,5,classification,0.0,0.0
TRANSFORMER_ENCDEC,sorting_problem,large,100000,98980,0.0001,6,classification,0.0,0.0
TRANSFORMER_ENCDEC,sorting_problem,large,100000,98980,0.0001,7,classification,0.0,0.0
TRANSFORMER_ENCDEC,sorting_problem,large,100000,98980,0.0001,8,classification,0.0,1.999999999946489e-06
TRANSFORMER_ENCDEC,sorting_problem,large,100000,98980,0.0001,9,classification,0.0,1.999999999946489e-06
MAMBA,associative_recall,large,1000,670,0.01,0,classification,0.9565,0.9704
MAMBA,associative_recall,large,1000,670,0.01,1,classification,0.9565,0.9668
MAMBA,associative_recall,large,1000,670,0.01,2,classification,0.964,0.9637
MAMBA,associative_recall,large,1000,670,0.01,3,classification,0.966,0.9656
MAMBA,associative_recall,large,1000,670,0.01,4,classification,0.9595,0.9662
MAMBA,associative_recall,large,1000,670,0.01,5,classification,0.9625,0.9683
MAMBA,associative_recall,large,1000,670,0.01,6,classification,0.9545,0.9647
MAMBA,associative_recall,large,1000,670,0.01,7,classification,0.961,0.9709
MAMBA,associative_recall,large,1000,670,0.01,8,classification,0.964,0.9656
MAMBA,associative_recall,large,1000,670,0.01,9,classification,0.9615,0.9675
MAMBA,associative_recall,large,1000,670,0.003,0,classification,0.962,0.9639
MAMBA,associative_recall,large,1000,670,0.003,1,classification,0.958,0.9666
MAMBA,associative_recall,large,1000,670,0.003,2,classification,0.963,0.9685
MAMBA,associative_recall,large,1000,670,0.003,3,classification,0.962,0.9674
MAMBA,associative_recall,large,1000,670,0.003,4,classification,0.9615,0.9682
MAMBA,associative_recall,large,1000,670,0.003,5,classification,0.9655,0.9677
MAMBA,associative_recall,large,1000,670,0.003,6,classification,0.96,0.9642
MAMBA,associative_recall,large,1000,670,0.003,7,classification,0.96,0.9683
MAMBA,associative_recall,large,1000,670,0.003,8,classification,0.9615,0.9632000000000001
MAMBA,associative_recall,large,1000,670,0.003,9,classification,0.959,0.9668
MAMBA,associative_recall,large,1000,670,0.001,0,classification,0.964,0.966
MAMBA,associative_recall,large,1000,670,0.001,1,classification,0.9595,0.9655
MAMBA,associative_recall,large,1000,670,0.001,2,classification,0.9645,0.9689
MAMBA,associative_recall,large,1000,670,0.001,3,classification,0.9605,0.968
MAMBA,associative_recall,large,1000,670,0.001,4,classification,0.9615,0.9682
MAMBA,associative_recall,large,1000,670,0.001,5,classification,0.963,0.967
MAMBA,associative_recall,large,1000,670,0.001,6,classification,0.9615,0.9651
MAMBA,associative_recall,large,1000,670,0.001,7,classification,0.9565,0.9676
MAMBA,associative_recall,large,1000,670,0.001,8,classification,0.9595,0.9657
MAMBA,associative_recall,large,1000,670,0.001,9,classification,0.9625,0.9676
MAMBA,associative_recall,large,1000,670,0.0003,0,classification,0.963,0.9655
MAMBA,associative_recall,large,1000,670,0.0003,1,classification,0.961,0.9679
MAMBA,associative_recall,large,1000,670,0.0003,2,classification,0.9625,0.9689
MAMBA,associative_recall,large,1000,670,0.0003,3,classification,0.96,0.9687
MAMBA,associative_recall,large,1000,670,0.0003,4,classification,0.963,0.9662
MAMBA,associative_recall,large,1000,670,0.0003,5,classification,0.964,0.9663
MAMBA,associative_recall,large,1000,670,0.0003,6,classification,0.964,0.9686
MAMBA,associative_recall,large,1000,670,0.0003,7,classification,0.958,0.9667
MAMBA,associative_recall,large,1000,670,0.0003,8,classification,0.9595,0.9659
MAMBA,associative_recall,large,1000,670,0.0003,9,classification,0.963,0.9683
MAMBA,associative_recall,large,1000,670,0.0001,0,classification,0.9665,0.9673
MAMBA,associative_recall,large,1000,670,0.0001,1,classification,0.9605,0.9686
MAMBA,associative_recall,large,1000,670,0.0001,2,classification,0.967,0.9664
MAMBA,associative_recall,large,1000,670,0.0001,3,classification,0.966,0.9656
MAMBA,associative_recall,large,1000,670,0.0001,4,classification,0.964,0.9662
MAMBA,associative_recall,large,1000,670,0.0001,5,classification,0.9665,0.9647
MAMBA,associative_recall,large,1000,670,0.0001,6,classification,0.96,0.9683
MAMBA,associative_recall,large,1000,670,0.0001,7,classification,0.9595,0.969
MAMBA,associative_recall,large,1000,670,0.0001,8,classification,0.959,0.9661
MAMBA,associative_recall,large,1000,670,0.0001,9,classification,0.95,0.9645
MAMBA,associative_recall,large,10000,9374,0.01,0,classification,0.9615,0.9638
MAMBA,associative_recall,large,10000,9374,0.01,1,classification,0.961,0.9689
MAMBA,associative_recall,large,10000,9374,0.01,2,classification,0.9635,0.9655
MAMBA,associative_recall,large,10000,9374,0.01,3,classification,0.962,0.9649
MAMBA,associative_recall,large,10000,9374,0.01,4,classification,0.967,0.9672
MAMBA,associative_recall,large,10000,9374,0.01,5,classification,0.965,0.9667
MAMBA,associative_recall,large,10000,9374,0.01,6,classification,0.958,0.9669
MAMBA,associative_recall,large,10000,9374,0.01,7,classification,0.961,0.9708
MAMBA,associative_recall,large,10000,9374,0.01,8,classification,0.9605,0.969
MAMBA,associative_recall,large,10000,9374,0.01,9,classification,0.9615,0.9675
MAMBA,associative_recall,large,10000,9374,0.003,0,classification,0.959,0.9639
MAMBA,associative_recall,large,10000,9374,0.003,1,classification,0.961,0.9693
MAMBA,associative_recall,large,10000,9374,0.003,2,classification,0.961,0.9619
MAMBA,associative_recall,large,10000,9374,0.003,3,classification,0.9595,0.9684
MAMBA,associative_recall,large,10000,9374,0.003,4,classification,0.956,0.9671
MAMBA,associative_recall,large,10000,9374,0.003,5,classification,0.96,0.9654
MAMBA,associative_recall,large,10000,9374,0.003,6,classification,0.9595,0.9651
MAMBA,associative_recall,large,10000,9374,0.003,7,classification,0.961,0.9709
MAMBA,associative_recall,large,10000,9374,0.003,8,classification,0.9605,0.9659
MAMBA,associative_recall,large,10000,9374,0.003,9,classification,0.961,0.9655
MAMBA,associative_recall,large,10000,9374,0.001,0,classification,0.9585,0.9653
MAMBA,associative_recall,large,10000,9374,0.001,1,classification,0.9605,0.967
MAMBA,associative_recall,large,10000,9374,0.001,2,classification,0.9625,0.9648
MAMBA,associative_recall,large,10000,9374,0.001,3,classification,0.9605,0.9651
MAMBA,associative_recall,large,10000,9374,0.001,4,classification,0.9635,0.9669
MAMBA,associative_recall,large,10000,9374,0.001,5,classification,0.961,0.9668
MAMBA,associative_recall,large,10000,9374,0.001,6,classification,0.9585,0.9659
MAMBA,associative_recall,large,10000,9374,0.001,7,classification,0.961,0.9709
MAMBA,associative_recall,large,10000,9374,0.001,8,classification,0.958,0.9666
MAMBA,associative_recall,large,10000,9374,0.001,9,classification,0.9595,0.9654
MAMBA,associative_recall,large,10000,9374,0.0003,0,classification,0.965,0.9676
MAMBA,associative_recall,large,10000,9374,0.0003,1,classification,0.9605,0.9702
MAMBA,associative_recall,large,10000,9374,0.0003,2,classification,0.957,0.9661
MAMBA,associative_recall,large,10000,9374,0.0003,3,classification,0.963,0.9689
MAMBA,associative_recall,large,10000,9374,0.0003,4,classification,0.965,0.9685
MAMBA,associative_recall,large,10000,9374,0.0003,5,classification,0.9665,0.9686
MAMBA,associative_recall,large,10000,9374,0.0003,6,classification,0.963,0.9662
MAMBA,associative_recall,large,10000,9374,0.0003,7,classification,0.964,0.967
MAMBA,associative_recall,large,10000,9374,0.0003,8,classification,0.9605,0.9662
MAMBA,associative_recall,large,10000,9374,0.0003,9,classification,0.9615,0.9676
MAMBA,associative_recall,large,10000,9374,0.0001,0,classification,0.9605,0.9665
MAMBA,associative_recall,large,10000,9374,0.0001,1,classification,0.9595,0.9668
MAMBA,associative_recall,large,10000,9374,0.0001,2,classification,0.9525,0.9654
MAMBA,associative_recall,large,10000,9374,0.0001,3,classification,0.964,0.9642
MAMBA,associative_recall,large,10000,9374,0.0001,4,classification,0.9645,0.9664
MAMBA,associative_recall,large,10000,9374,0.0001,5,classification,0.9645,0.9666
MAMBA,associative_recall,large,10000,9374,0.0001,6,classification,0.9605,0.966
MAMBA,associative_recall,large,10000,9374,0.0001,7,classification,0.966,0.9693
MAMBA,associative_recall,large,10000,9374,0.0001,8,classification,0.963,0.9664
MAMBA,associative_recall,large,10000,9374,0.0001,9,classification,0.959,0.9655
MAMBA,associative_recall,large,100000,98546,0.01,0,classification,0.9615,0.9638
MAMBA,associative_recall,large,100000,98546,0.01,1,classification,0.962,0.9687
MAMBA,associative_recall,large,100000,98546,0.01,2,classification,0.9585,0.967
MAMBA,associative_recall,large,100000,98546,0.01,3,classification,0.958,0.9658
MAMBA,associative_recall,large,100000,98546,0.01,4,classification,0.961,0.9664
MAMBA,associative_recall,large,100000,98546,0.01,5,classification,0.9675,0.9657
MAMBA,associative_recall,large,100000,98546,0.01,6,classification,0.958,0.9669
MAMBA,associative_recall,large,100000,98546,0.01,7,classification,0.97,0.9651
MAMBA,associative_recall,large,100000,98546,0.01,8,classification,0.96,0.9679
MAMBA,associative_recall,large,100000,98546,0.01,9,classification,0.9615,0.9675
MAMBA,associative_recall,large,100000,98546,0.003,0,classification,0.9615,0.9682
MAMBA,associative_recall,large,100000,98546,0.003,1,classification,0.96,0.9691
MAMBA,associative_recall,large,100000,98546,0.003,2,classification,0.966,0.9635
MAMBA,associative_recall,large,100000,98546,0.003,3,classification,0.9655,0.967
MAMBA,associative_recall,large,100000,98546,0.003,4,classification,0.963,0.9671
MAMBA,associative_recall,large,100000,98546,0.003,5,classification,0.962,0.9683
MAMBA,associative_recall,large,100000,98546,0.003,6,classification,0.959,0.9659
MAMBA,associative_recall,large,100000,98546,0.003,7,classification,0.961,0.9653
MAMBA,associative_recall,large,100000,98546,0.003,8,classification,0.9605,0.9717
MAMBA,associative_recall,large,100000,98546,0.003,9,classification,0.9615,0.9675
MAMBA,associative_recall,large,100000,98546,0.001,0,classification,0.958,0.9649
MAMBA,associative_recall,large,100000,98546,0.001,1,classification,0.959,0.9709
MAMBA,associative_recall,large,100000,98546,0.001,2,classification,0.9585,0.9684
MAMBA,associative_recall,large,100000,98546,0.001,3,classification,0.957,0.9638
MAMBA,associative_recall,large,100000,98546,0.001,4,classification,0.963,0.9676
MAMBA,associative_recall,large,100000,98546,0.001,5,classification,0.9525,0.9664
MAMBA,associative_recall,large,100000,98546,0.001,6,classification,0.955,0.9645
MAMBA,associative_recall,large,100000,98546,0.001,7,classification,0.961,0.9661
MAMBA,associative_recall,large,100000,98546,0.001,8,classification,0.961,0.9714
MAMBA,associative_recall,large,100000,98546,0.001,9,classification,0.9545,0.9678
MAMBA,associative_recall,large,100000,98546,0.0003,0,classification,0.96,0.9674
MAMBA,associative_recall,large,100000,98546,0.0003,1,classification,0.961,0.9661
MAMBA,associative_recall,large,100000,98546,0.0003,2,classification,0.959,0.9654
MAMBA,associative_recall,large,100000,98546,0.0003,3,classification,0.9655,0.9646
MAMBA,associative_recall,large,100000,98546,0.0003,4,classification,0.957,0.9688
MAMBA,associative_recall,large,100000,98546,0.0003,5,classification,0.9615,0.9668
MAMBA,associative_recall,large,100000,98546,0.0003,6,classification,0.9565,0.9635
MAMBA,associative_recall,large,100000,98546,0.0003,7,classification,0.961,0.9656
MAMBA,associative_recall,large,100000,98546,0.0003,8,classification,0.957,0.9673
MAMBA,associative_recall,large,100000,98546,0.0003,9,classification,0.9585,0.9691
MAMBA,associative_recall,large,100000,98546,0.0001,0,classification,0.9565,0.9624
MAMBA,associative_recall,large,100000,98546,0.0001,1,classification,0.96,0.9653
MAMBA,associative_recall,large,100000,98546,0.0001,2,classification,0.9575,0.9652000000000001
MAMBA,associative_recall,large,100000,98546,0.0001,3,classification,0.9645,0.9682
MAMBA,associative_recall,large,100000,98546,0.0001,4,classification,0.962,0.9675
MAMBA,associative_recall,large,100000,98546,0.0001,5,classification,0.962,0.9685
MAMBA,associative_recall,large,100000,98546,0.0001,6,classification,0.96,0.9692
MAMBA,associative_recall,large,100000,98546,0.0001,7,classification,0.9595,0.965
MAMBA,associative_recall,large,100000,98546,0.0001,8,classification,0.9595,0.9697
MAMBA,associative_recall,large,100000,98546,0.0001,9,classification,0.961,0.9671
MAMBA,bracket_matching,large,1000,1138,0.01,0,classification,0.21950000000000003,0.2138
MAMBA,bracket_matching,large,1000,1138,0.01,1,classification,0.20850000000000002,0.21640000000000004
MAMBA,bracket_matching,large,1000,1138,0.01,2,classification,0.22050000000000003,0.2257
MAMBA,bracket_matching,large,1000,1138,0.01,3,classification,0.17200000000000004,0.1805
MAMBA,bracket_matching,large,1000,1138,0.01,4,classification,0.1895,0.18989999999999996
MAMBA,bracket_matching,large,1000,1138,0.01,5,classification,0.15900000000000003,0.15910000000000002
MAMBA,bracket_matching,large,1000,1138,0.01,6,classification,0.030000000000000027,0.03069999999999995
MAMBA,bracket_matching,large,1000,1138,0.01,7,classification,0.026499999999999968,0.02839999999999998
MAMBA,bracket_matching,large,1000,1138,0.01,8,classification,0.23150000000000004,0.20730000000000004
MAMBA,bracket_matching,large,1000,1138,0.01,9,classification,0.1745,0.19079999999999997
MAMBA,bracket_matching,large,1000,1138,0.003,0,classification,0.01749999999999996,0.021700000000000053
MAMBA,bracket_matching,large,1000,1138,0.003,1,classification,0.01200000000000001,0.011099999999999999
MAMBA,bracket_matching,large,1000,1138,0.003,2,classification,0.014000000000000012,0.021399999999999975
MAMBA,bracket_matching,large,1000,1138,0.003,3,classification,0.031000000000000028,0.036900000000000044
MAMBA,bracket_matching,large,1000,1138,0.003,4,classification,0.01749999999999996,0.01419999999999999
MAMBA,bracket_matching,large,1000,1138,0.003,5,classification,0.0030000000000000027,0.0049000000000000155
MAMBA,bracket_matching,large,1000,1138,0.003,6,classification,0.01100000000000001,0.011399999999999966
MAMBA,bracket_matching,large,1000,1138,0.003,7,classification,0.014499999999999957,0.012299999999999978
MAMBA,bracket_matching,large,1000,1138,0.003,8,classification,0.009499999999999953,0.008600000000000052
MAMBA,bracket_matching,large,1000,1138,0.003,9,classification,0.007499999999999951,0.006900000000000017
MAMBA,bracket_matching,large,1000,1138,0.001,0,classification,0.006000000000000005,0.008000000000000007
MAMBA,bracket_matching,large,1000,1138,0.001,1,classification,0.015499999999999958,0.016800000000000037
MAMBA,bracket_matching,large,1000,1138,0.001,2,classification,0.013000000000000012,0.020199999999999996
MAMBA,bracket_matching,large,1000,1138,0.001,3,classification,0.009499999999999953,0.010299999999999976
MAMBA,bracket_matching,large,1000,1138,0.001,4,classification,0.013499999999999956,0.010099999999999998
MAMBA,bracket_matching,large,1000,1138,0.001,5,classification,0.009000000000000008,0.01200000000000001
MAMBA,bracket_matching,large,1000,1138,0.001,6,classification,0.02849999999999997,0.03069999999999995
MAMBA,bracket_matching,large,1000,1138,0.001,7,classification,0.01849999999999996,0.017900000000000027
MAMBA,bracket_matching,large,1000,1138,0.001,8,classification,0.011499999999999955,0.012599999999999945
MAMBA,bracket_matching,large,1000,1138,0.001,9,classification,0.05249999999999999,0.05489999999999995
MAMBA,bracket_matching,large,1000,1138,0.0003,0,classification,0.19099999999999995,0.18920000000000003
MAMBA,bracket_matching,large,1000,1138,0.0003,1,classification,0.010000000000000009,0.007600000000000051
MAMBA,bracket_matching,large,1000,1138,0.0003,2,classification,0.007000000000000006,0.012399999999999967
MAMBA,bracket_matching,large,1000,1138,0.0003,3,classification,0.011499999999999955,0.012199999999999989
MAMBA,bracket_matching,large,1000,1138,0.0003,4,classification,0.03749999999999998,0.031299999999999994
MAMBA,bracket_matching,large,1000,1138,0.0003,5,classification,0.16049999999999998,0.16920000000000002
MAMBA,bracket_matching,large,1000,1138,0.0003,6,classification,0.19999999999999996,0.19720000000000004
MAMBA,bracket_matching,large,1000,1138,0.0003,7,classification,0.15349999999999997,0.14459999999999995
MAMBA,bracket_matching,large,1000,1138,0.0003,8,classification,0.01200000000000001,0.009099999999999997
MAMBA,bracket_matching,large,1000,1138,0.0003,9,classification,0.020000000000000018,0.01859999999999995
MAMBA,bracket_matching,large,1000,1138,0.0001,0,classification,0.22099999999999997,0.21740000000000004
MAMBA,bracket_matching,large,1000,1138,0.0001,1,classification,0.20699999999999996,0.21440000000000003
MAMBA,bracket_matching,large,1000,1138,0.0001,2,classification,0.17000000000000004,0.17759999999999998
MAMBA,bracket_matching,large,1000,1138,0.0001,3,classification,0.14700000000000002,0.1583
MAMBA,bracket_matching,large,1000,1138,0.0001,4,classification,0.22799999999999998,0.22719999999999996
MAMBA,bracket_matching,large,1000,1138,0.0001,5,classification,0.1805,0.19579999999999997
MAMBA,bracket_matching,large,1000,1138,0.0001,6,classification,0.17149999999999999,0.17310000000000003
MAMBA,bracket_matching,large,1000,1138,0.0001,7,classification,0.20650000000000002,0.2228
MAMBA,bracket_matching,large,1000,1138,0.0001,8,classification,0.20899999999999996,0.18589999999999995
MAMBA,bracket_matching,large,1000,1138,0.0001,9,classification,0.16300000000000003,0.1904
MAMBA,bracket_matching,large,10000,9682,0.01,0,classification,0.23950000000000005,0.2378
MAMBA,bracket_matching,large,10000,9682,0.01,1,classification,0.22350000000000003,0.22650000000000003
MAMBA,bracket_matching,large,10000,9682,0.01,2,classification,0.49550000000000005,0.5041
MAMBA,bracket_matching,large,10000,9682,0.01,3,classification,0.516,0.506
MAMBA,bracket_matching,large,10000,9682,0.01,4,classification,0.369,0.36150000000000004
MAMBA,bracket_matching,large,10000,9682,0.01,5,classification,0.5055000000000001,0.5106999999999999
MAMBA,bracket_matching,large,10000,9682,0.01,6,classification,0.49,0.5099
MAMBA,bracket_matching,large,10000,9682,0.01,7,classification,0.28800000000000003,0.2823
MAMBA,bracket_matching,large,10000,9682,0.01,8,classification,0.5055000000000001,0.5084
MAMBA,bracket_matching,large,10000,9682,0.01,9,classification,0.5185,0.5098
MAMBA,bracket_matching,large,10000,9682,0.003,0,classification,0.0010000000000000009,0.0036000000000000476
MAMBA,bracket_matching,large,10000,9682,0.003,1,classification,0.012499999999999956,0.012399999999999967
MAMBA,bracket_matching,large,10000,9682,0.003,2,classification,0.009499999999999953,0.013900000000000023
MAMBA,bracket_matching,large,10000,9682,0.003,3,classification,0.007000000000000006,0.00660000000000005
MAMBA,bracket_matching,large,10000,9682,0.003,4,classification,0.007499999999999951,0.005600000000000049
MAMBA,bracket_matching,large,10000,9682,0.003,5,classification,0.009000000000000008,0.009499999999999953
MAMBA,bracket_matching,large,10000,9682,0.003,6,classification,0.007499999999999951,0.008099999999999996
MAMBA,bracket_matching,large,10000,9682,0.003,7,classification,0.014000000000000012,0.013700000000000045
MAMBA,bracket_matching,large,10000,9682,0.003,8,classification,0.016000000000000014,0.012499999999999956
MAMBA,bracket_matching,large,10000,9682,0.003,9,classification,0.007499999999999951,0.00990000000000002
MAMBA,bracket_matching,large,10000,9682,0.001,0,classification,0.013499999999999956,0.013700000000000045
MAMBA,bracket_matching,large,10000,9682,0.001,1,classification,0.007000000000000006,0.006099999999999994
MAMBA,bracket_matching,large,10000,9682,0.001,2,classification,0.008499999999999952,0.012800000000000034
MAMBA,bracket_matching,large,10000,9682,0.001,3,classification,0.00649999999999995,0.007900000000000018
MAMBA,bracket_matching,large,10000,9682,0.001,4,classification,0.01849999999999996,0.01319999999999999
MAMBA,bracket_matching,large,10000,9682,0.001,5,classification,0.015499999999999958,0.014499999999999957
MAMBA,bracket_matching,large,10000,9682,0.001,6,classification,0.015000000000000013,0.01539999999999997
MAMBA,bracket_matching,large,10000,9682,0.001,7,classification,0.009000000000000008,0.008700000000000041
MAMBA,bracket_matching,large,10000,9682,0.001,8,classification,0.012499999999999956,0.010399999999999965
MAMBA,bracket_matching,large,10000,9682,0.001,9,classification,0.007499999999999951,0.010499999999999954
MAMBA,bracket_matching,large,10000,9682,0.0003,0,classification,0.0040000000000000036,0.008700000000000041
MAMBA,bracket_matching,large,10000,9682,0.0003,1,classification,0.015499999999999958,0.012499999999999956
MAMBA,bracket_matching,large,10000,9682,0.0003,2,classification,0.008499999999999952,0.01539999999999997
MAMBA,bracket_matching,large,10000,9682,0.0003,3,classification,0.01649999999999996,0.01749999999999996
MAMBA,bracket_matching,large,10000,9682,0.0003,4,classification,0.025499999999999967,0.022599999999999953
MAMBA,bracket_matching,large,10000,9682,0.0003,5,classification,0.007000000000000006,0.009199999999999986
MAMBA,bracket_matching,large,10000,9682,0.0003,6,classification,0.013000000000000012,0.01429999999999998
MAMBA,bracket_matching,large,10000,9682,0.0003,7,classification,0.012499999999999956,0.015700000000000047
MAMBA,bracket_matching,large,10000,9682,0.0003,8,classification,0.014499999999999957,0.012800000000000034
MAMBA,bracket_matching,large,10000,9682,0.0003,9,classification,0.010499999999999954,0.014399999999999968
MAMBA,bracket_matching,large,10000,9682,0.0001,0,classification,0.15549999999999997,0.16310000000000002
MAMBA,bracket_matching,large,10000,9682,0.0001,1,classification,0.019000000000000017,0.022599999999999953
MAMBA,bracket_matching,large,10000,9682,0.0001,2,classification,0.01649999999999996,0.019100000000000006
MAMBA,bracket_matching,large,10000,9682,0.0001,3,classification,0.014000000000000012,0.014900000000000024
MAMBA,bracket_matching,large,10000,9682,0.0001,4,classification,0.010000000000000009,0.009399999999999964
MAMBA,bracket_matching,large,10000,9682,0.0001,5,classification,0.014000000000000012,0.014499999999999957
MAMBA,bracket_matching,large,10000,9682,0.0001,6,classification,0.03049999999999997,0.034399999999999986
MAMBA,bracket_matching,large,10000,9682,0.0001,7,classification,0.1745,0.17220000000000002
MAMBA,bracket_matching,large,10000,9682,0.0001,8,classification,0.1785,0.1622
MAMBA,bracket_matching,large,10000,9682,0.0001,9,classification,0.019499999999999962,0.01749999999999996
MAMBA,bracket_matching,large,100000,98242,0.01,0,classification,0.5165,0.49950000000000006
MAMBA,bracket_matching,large,100000,98242,0.01,1,classification,0.511,0.5025999999999999
MAMBA,bracket_matching,large,100000,98242,0.01,2,classification,0.49550000000000005,0.5041
MAMBA,bracket_matching,large,100000,98242,0.01,3,classification,0.516,0.506
MAMBA,bracket_matching,large,100000,98242,0.01,4,classification,0.49650000000000005,0.5018
MAMBA,bracket_matching,large,100000,98242,0.01,5,classification,0.5055000000000001,0.5106999999999999
MAMBA,bracket_matching,large,100000,98242,0.01,6,classification,0.49,0.5099
MAMBA,bracket_matching,large,100000,98242,0.01,7,classification,0.505,0.5083
MAMBA,bracket_matching,large,100000,98242,0.01,8,classification,0.5055000000000001,0.5084
MAMBA,bracket_matching,large,100000,98242,0.01,9,classification,0.5185,0.5098
MAMBA,bracket_matching,large,100000,98242,0.003,0,classification,0.261,0.24980000000000002
MAMBA,bracket_matching,large,100000,98242,0.003,1,classification,0.009499999999999953,0.007399999999999962
MAMBA,bracket_matching,large,100000,98242,0.003,2,classification,0.0034999999999999476,0.007399999999999962
MAMBA,bracket_matching,large,100000,98242,0.003,3,classification,0.516,0.506
MAMBA,bracket_matching,large,100000,98242,0.003,4,classification,0.26849999999999996,0.25229999999999997
MAMBA,bracket_matching,large,100000,98242,0.003,5,classification,0.023499999999999965,0.024599999999999955
MAMBA,bracket_matching,large,100000,98242,0.003,6,classification,0.248,0.25470000000000004
MAMBA,bracket_matching,large,100000,98242,0.003,7,classification,0.007499999999999951,0.00880000000000003
MAMBA,bracket_matching,large,100000,98242,0.003,8,classification,0.22550000000000003,0.2106
MAMBA,bracket_matching,large,100000,98242,0.003,9,classification,0.5185,0.5098
MAMBA,bracket_matching,large,100000,98242,0.001,0,classification,0.008499999999999952,0.010299999999999976
MAMBA,bracket_matching,large,100000,98242,0.001,1,classification,0.009499999999999953,0.008900000000000019
MAMBA,bracket_matching,large,100000,98242,0.001,2,classification,0.019499999999999962,0.024700000000000055
MAMBA,bracket_matching,large,100000,98242,0.001,3,classification,0.012499999999999956,0.012299999999999978
MAMBA,bracket_matching,large,100000,98242,0.001,4,classification,0.022499999999999964,0.018100000000000005
MAMBA,bracket_matching,large,100000,98242,0.001,5,classification,0.008000000000000007,0.008000000000000007
MAMBA,bracket_matching,large,100000,98242,0.001,6,classification,0.010000000000000009,0.014499999999999957
MAMBA,bracket_matching,large,100000,98242,0.001,7,classification,0.012499999999999956,0.009800000000000031
MAMBA,bracket_matching,large,100000,98242,0.001,8,classification,0.011499999999999955,0.010700000000000043
MAMBA,bracket_matching,large,100000,98242,0.001,9,classification,0.009000000000000008,0.013399999999999967
MAMBA,bracket_matching,large,100000,98242,0.0003,0,classification,0.011499999999999955,0.014100000000000001
MAMBA,bracket_matching,large,100000,98242,0.0003,1,classification,0.017000000000000015,0.01959999999999995
MAMBA,bracket_matching,large,100000,98242,0.0003,2,classification,0.01849999999999996,0.0232
MAMBA,bracket_matching,large,100000,98242,0.0003,3,classification,0.012499999999999956,0.013499999999999956
MAMBA,bracket_matching,large,100000,98242,0.0003,4,classification,0.03300000000000003,0.028100000000000014
MAMBA,bracket_matching,large,100000,98242,0.0003,5,classification,0.01100000000000001,0.010399999999999965
MAMBA,bracket_matching,large,100000,98242,0.0003,6,classification,0.01849999999999996,0.01980000000000004
MAMBA,bracket_matching,large,100000,98242,0.0003,7,classification,0.018000000000000016,0.018900000000000028
MAMBA,bracket_matching,large,100000,98242,0.0003,8,classification,0.022499999999999964,0.023599999999999954
MAMBA,bracket_matching,large,100000,98242,0.0003,9,classification,0.015499999999999958,0.017900000000000027
MAMBA,bracket_matching,large,100000,98242,0.0001,0,classification,0.023499999999999965,0.0232
MAMBA,bracket_matching,large,100000,98242,0.0001,1,classification,0.01749999999999996,0.015900000000000025
MAMBA,bracket_matching,large,100000,98242,0.0001,2,classification,0.013499999999999956,0.01649999999999996
MAMBA,bracket_matching,large,100000,98242,0.0001,3,classification,0.010499999999999954,0.010299999999999976
MAMBA,bracket_matching,large,100000,98242,0.0001,4,classification,0.014000000000000012,0.012900000000000023
MAMBA,bracket_matching,large,100000,98242,0.0001,5,classification,0.008000000000000007,0.010800000000000032
MAMBA,bracket_matching,large,100000,98242,0.0001,6,classification,0.01649999999999996,0.017900000000000027
MAMBA,bracket_matching,large,100000,98242,0.0001,7,classification,0.01200000000000001,0.013000000000000012
MAMBA,bracket_matching,large,100000,98242,0.0001,8,classification,0.01649999999999996,0.01629999999999998
MAMBA,bracket_matching,large,100000,98242,0.0001,9,classification,0.012499999999999956,0.01319999999999999
MAMBA,induction_heads,large,1000,1296,0.01,0,classification,0.9492782258064516,0.950275
MAMBA,induction_heads,large,1000,1296,0.01,1,classification,0.949366935483871,0.9497056451612903
MAMBA,induction_heads,large,1000,1296,0.01,2,classification,0.9492217741935484,0.9502282258064516
MAMBA,induction_heads,large,1000,1296,0.01,3,classification,0.9492419354838709,0.9502604838709677
MAMBA,induction_heads,large,1000,1296,0.01,4,classification,0.9492983870967742,0.9502072580645161
MAMBA,induction_heads,large,1000,1296,0.01,5,classification,0.9495,0.9503201612903226
MAMBA,induction_heads,large,1000,1296,0.01,6,classification,0.949116935483871,0.9500967741935484
MAMBA,induction_heads,large,1000,1296,0.01,7,classification,0.9487862903225807,0.9504241935483871
MAMBA,induction_heads,large,1000,1296,0.01,8,classification,0.949375,0.9501790322580645
MAMBA,induction_heads,large,1000,1296,0.01,9,classification,0.9486975806451613,0.9504145161290323
MAMBA,induction_heads,large,1000,1296,0.003,0,classification,0.9163709677419355,0.9172733870967742
MAMBA,induction_heads,large,1000,1296,0.003,1,classification,0.9359354838709677,0.9365451612903226
MAMBA,induction_heads,large,1000,1296,0.003,2,classification,0.9280645161290323,0.9291887096774194
MAMBA,induction_heads,large,1000,1296,0.003,3,classification,0.9104072580645162,0.910575806451613
MAMBA,induction_heads,large,1000,1296,0.003,4,classification,0.9341129032258064,0.9344048387096774
MAMBA,induction_heads,large,1000,1296,0.003,5,classification,0.9130846774193548,0.9137524193548388
MAMBA,induction_heads,large,1000,1296,0.003,6,classification,0.9259193548387097,0.9264112903225806
MAMBA,induction_heads,large,1000,1296,0.003,7,classification,0.9311491935483871,0.9323629032258065
MAMBA,induction_heads,large,1000,1296,0.003,8,classification,0.9488588709677419,0.9499048387096775
MAMBA,induction_heads,large,1000,1296,0.003,9,classification,0.9312016129032258,0.9316774193548387
MAMBA,induction_heads,large,1000,1296,0.001,0,classification,0.9492096774193548,0.9503443548387097
MAMBA,induction_heads,large,1000,1296,0.001,1,classification,0.9494435483870968,0.94975
MAMBA,induction_heads,large,1000,1296,0.001,2,classification,0.9493185483870967,0.9502403225806452
MAMBA,induction_heads,large,1000,1296,0.001,3,classification,0.9492056451612904,0.9502564516129032
MAMBA,induction_heads,large,1000,1296,0.001,4,classification,0.9488709677419355,0.9502137096774194
MAMBA,induction_heads,large,1000,1296,0.001,5,classification,0.948733870967742,0.950125
MAMBA,induction_heads,large,1000,1296,0.001,6,classification,0.936258064516129,0.9358064516129032
MAMBA,induction_heads,large,1000,1296,0.001,7,classification,0.9487782258064517,0.9504225806451613
MAMBA,induction_heads,large,1000,1296,0.001,8,classification,0.9486774193548387,0.9498467741935483
MAMBA,induction_heads,large,1000,1296,0.001,9,classification,0.9486129032258065,0.9502991935483871
MAMBA,induction_heads,large,1000,1296,0.0003,0,classification,0.9492983870967742,0.950275
MAMBA,induction_heads,large,1000,1296,0.0003,1,classification,0.9489274193548387,0.9499806451612903
MAMBA,induction_heads,large,1000,1296,0.0003,2,classification,0.9496693548387096,0.950266129032258
MAMBA,induction_heads,large,1000,1296,0.0003,3,classification,0.9493185483870967,0.9500290322580646
MAMBA,induction_heads,large,1000,1296,0.0003,4,classification,0.9492217741935484,0.9499895161290323
MAMBA,induction_heads,large,1000,1296,0.0003,5,classification,0.9487741935483871,0.950166935483871
MAMBA,induction_heads,large,1000,1296,0.0003,6,classification,0.948983870967742,0.9500233870967743
MAMBA,induction_heads,large,1000,1296,0.0003,7,classification,0.9488266129032258,0.9504645161290323
MAMBA,induction_heads,large,1000,1296,0.0003,8,classification,0.9491532258064516,0.9500645161290322
MAMBA,induction_heads,large,1000,1296,0.0003,9,classification,0.9492338709677419,0.9499975806451613
MAMBA,induction_heads,large,1000,1296,0.0001,0,classification,0.949125,0.950416935483871
MAMBA,induction_heads,large,1000,1296,0.0001,1,classification,0.9490967741935484,0.9498645161290322
MAMBA,induction_heads,large,1000,1296,0.0001,2,classification,0.9495806451612904,0.9500604838709678
MAMBA,induction_heads,large,1000,1296,0.0001,3,classification,0.949733870967742,0.9498258064516129
MAMBA,induction_heads,large,1000,1296,0.0001,4,classification,0.9488790322580645,0.9501145161290323
MAMBA,induction_heads,large,1000,1296,0.0001,5,classification,0.9487741935483871,0.950166935483871
MAMBA,induction_heads,large,1000,1296,0.0001,6,classification,0.9493911290322581,0.950333064516129
MAMBA,induction_heads,large,1000,1296,0.0001,7,classification,0.9494153225806452,0.9500233870967743
MAMBA,induction_heads,large,1000,1296,0.0001,8,classification,0.9489959677419355,0.9501806451612903
MAMBA,induction_heads,large,1000,1296,0.0001,9,classification,0.9490443548387096,0.9502854838709678
MAMBA,induction_heads,large,10000,10400,0.01,0,classification,0.9493387096774194,0.9500024193548388
MAMBA,induction_heads,large,10000,10400,0.01,1,classification,0.9492620967741936,0.9501564516129032
MAMBA,induction_heads,large,10000,10400,0.01,2,classification,0.9492217741935484,0.9502282258064516
MAMBA,induction_heads,large,10000,10400,0.01,3,classification,0.9492419354838709,0.9502604838709677
MAMBA,induction_heads,large,10000,10400,0.01,4,classification,0.9500685483870968,0.949875
MAMBA,induction_heads,large,10000,10400,0.01,5,classification,0.950116935483871,0.9497443548387097
MAMBA,induction_heads,large,10000,10400,0.01,6,classification,0.949258064516129,0.9500096774193548
MAMBA,induction_heads,large,10000,10400,0.01,7,classification,0.9492983870967742,0.9501943548387097
MAMBA,induction_heads,large,10000,10400,0.01,8,classification,0.9494556451612903,0.9498701612903225
MAMBA,induction_heads,large,10000,10400,0.01,9,classification,0.9486975806451613,0.9504145161290323
MAMBA,induction_heads,large,10000,10400,0.003,0,classification,0.451733870967742,0.452075
MAMBA,induction_heads,large,10000,10400,0.003,1,classification,0.9094516129032258,0.9098556451612904
MAMBA,induction_heads,large,10000,10400,0.003,2,classification,0.9144435483870967,0.9152854838709678
MAMBA,induction_heads,large,10000,10400,0.003,3,classification,0.9115443548387097,0.9123935483870967
MAMBA,induction_heads,large,10000,10400,0.003,4,classification,0.9053427419354839,0.9065475806451613
MAMBA,induction_heads,large,10000,10400,0.003,5,classification,0.9040645161290323,0.9046145161290322
MAMBA,induction_heads,large,10000,10400,0.003,6,classification,0.901491935483871,0.9027564516129032
MAMBA,induction_heads,large,10000,10400,0.003,7,classification,0.9079193548387097,0.9089870967741935
MAMBA,induction_heads,large,10000,10400,0.003,8,classification,0.9052459677419354,0.9061782258064516
MAMBA,induction_heads,large,10000,10400,0.003,9,classification,0.9137298387096774,0.9149806451612903
MAMBA,induction_heads,large,10000,10400,0.001,0,classification,0.6665483870967742,0.6663717741935484
MAMBA,induction_heads,large,10000,10400,0.001,1,classification,0.5868870967741935,0.5867241935483871
MAMBA,induction_heads,large,10000,10400,0.001,2,classification,0.6990403225806452,0.6996120967741936
MAMBA,induction_heads,large,10000,10400,0.001,3,classification,0.6531612903225806,0.652225
MAMBA,induction_heads,large,10000,10400,0.001,4,classification,0.6983024193548387,0.6989451612903226
MAMBA,induction_heads,large,10000,10400,0.001,5,classification,0.6847741935483871,0.6841709677419354
MAMBA,induction_heads,large,10000,10400,0.001,6,classification,0.7262903225806452,0.724833870967742
MAMBA,induction_heads,large,10000,10400,0.001,7,classification,0.5427500000000001,0.5411959677419355
MAMBA,induction_heads,large,10000,10400,0.001,8,classification,0.8234354838709678,0.8246201612903226
MAMBA,induction_heads,large,10000,10400,0.001,9,classification,0.6897540322580645,0.6909629032258064
MAMBA,induction_heads,large,10000,10400,0.0003,0,classification,0.9491814516129032,0.9500814516129032
MAMBA,induction_heads,large,10000,10400,0.0003,1,classification,0.9494032258064516,0.9499790322580646
MAMBA,induction_heads,large,10000,10400,0.0003,2,classification,0.949108870967742,0.9499064516129032
MAMBA,induction_heads,large,10000,10400,0.0003,3,classification,0.9490645161290323,0.9503467741935484
MAMBA,induction_heads,large,10000,10400,0.0003,4,classification,0.9493709677419355,0.95005
MAMBA,induction_heads,large,10000,10400,0.0003,5,classification,0.9490604838709678,0.9495830645161291
MAMBA,induction_heads,large,10000,10400,0.0003,6,classification,0.9495524193548387,0.9498201612903225
MAMBA,induction_heads,large,10000,10400,0.0003,7,classification,0.9494233870967742,0.9497701612903225
MAMBA,induction_heads,large,10000,10400,0.0003,8,classification,0.9496411290322581,0.9501854838709678
MAMBA,induction_heads,large,10000,10400,0.0003,9,classification,0.9492379032258065,0.9505137096774193
MAMBA,induction_heads,large,10000,10400,0.0001,0,classification,0.9493104838709677,0.9498887096774193
MAMBA,induction_heads,large,10000,10400,0.0001,1,classification,0.9494637096774193,0.9500451612903226
MAMBA,induction_heads,large,10000,10400,0.0001,2,classification,0.949116935483871,0.9503782258064516
MAMBA,induction_heads,large,10000,10400,0.0001,3,classification,0.949491935483871,0.9497629032258065
MAMBA,induction_heads,large,10000,10400,0.0001,4,classification,0.94925,0.9498524193548387
MAMBA,induction_heads,large,10000,10400,0.0001,5,classification,0.9492943548387097,0.9496782258064516
MAMBA,induction_heads,large,10000,10400,0.0001,6,classification,0.9497661290322581,0.9498766129032258
MAMBA,induction_heads,large,10000,10400,0.0001,7,classification,0.9490685483870968,0.9502693548387097
MAMBA,induction_heads,large,10000,10400,0.0001,8,classification,0.9494314516129032,0.9501241935483871
MAMBA,induction_heads,large,10000,10400,0.0001,9,classification,0.9489717741935484,0.9505290322580645
MAMBA,induction_heads,large,100000,101060,0.01,0,classification,0.9494395161290322,0.9499887096774193
MAMBA,induction_heads,large,100000,101060,0.01,1,classification,0.949366935483871,0.9497056451612903
MAMBA,induction_heads,large,100000,101060,0.01,2,classification,0.9500806451612903,0.9503298387096775
MAMBA,induction_heads,large,100000,101060,0.01,3,classification,0.9492419354838709,0.9502604838709677
MAMBA,induction_heads,large,100000,101060,0.01,4,classification,0.9496935483870967,0.9500887096774193
MAMBA,induction_heads,large,100000,101060,0.01,5,classification,0.9495120967741936,0.9500427419354839
MAMBA,induction_heads,large,100000,101060,0.01,6,classification,0.949258064516129,0.9500096774193548
MAMBA,induction_heads,large,100000,101060,0.01,7,classification,0.9504395161290322,0.950208064516129
MAMBA,induction_heads,large,100000,101060,0.01,8,classification,0.949274193548387,0.949775
MAMBA,induction_heads,large,100000,101060,0.01,9,classification,0.9496612903225806,0.9500596774193548
MAMBA,induction_heads,large,100000,101060,0.003,0,classification,0.9496572580645162,0.9500032258064516
MAMBA,induction_heads,large,100000,101060,0.003,1,classification,0.9492983870967742,0.9499532258064516
MAMBA,induction_heads,large,100000,101060,0.003,2,classification,0.9496048387096774,0.9496822580645161
MAMBA,induction_heads,large,100000,101060,0.003,3,classification,0.9492419354838709,0.9502604838709677
MAMBA,induction_heads,large,100000,101060,0.003,4,classification,0.949366935483871,0.9500733870967741
MAMBA,induction_heads,large,100000,101060,0.003,5,classification,0.9494717741935483,0.949833064516129
MAMBA,induction_heads,large,100000,101060,0.003,6,classification,0.949258064516129,0.9500096774193548
MAMBA,induction_heads,large,100000,101060,0.003,7,classification,0.9495725806451613,0.9498725806451613
MAMBA,induction_heads,large,100000,101060,0.003,8,classification,0.9493709677419355,0.9501822580645162
MAMBA,induction_heads,large,100000,101060,0.003,9,classification,0.9486975806451613,0.9504145161290323
MAMBA,induction_heads,large,100000,101060,0.001,0,classification,0.40422983870967744,0.4062943548387097
MAMBA,induction_heads,large,100000,101060,0.001,1,classification,0.1444193548387097,0.14425967741935486
MAMBA,induction_heads,large,100000,101060,0.001,2,classification,0.28191935483870967,0.28156290322580646
MAMBA,induction_heads,large,100000,101060,0.001,3,classification,0.18266532258064516,0.18363064516129035
MAMBA,induction_heads,large,100000,101060,0.001,4,classification,0.10457661290322584,0.10487419354838712
MAMBA,induction_heads,large,100000,101060,0.001,5,classification,0.9006451612903226,0.9006137096774194
MAMBA,induction_heads,large,100000,101060,0.001,6,classification,0.22425806451612906,0.22455241935483872
MAMBA,induction_heads,large,100000,101060,0.001,7,classification,0.2111854838709677,0.21088145161290328
MAMBA,induction_heads,large,100000,101060,0.001,8,classification,0.15958870967741934,0.1606008064516129
MAMBA,induction_heads,large,100000,101060,0.001,9,classification,0.16057661290322578,0.16058306451612903
MAMBA,induction_heads,large,100000,101060,0.0003,0,classification,0.44666935483870973,0.4479346774193549
MAMBA,induction_heads,large,100000,101060,0.0003,1,classification,0.459133064516129,0.45842177419354835
MAMBA,induction_heads,large,100000,101060,0.0003,2,classification,0.42094758064516125,0.42079758064516126
MAMBA,induction_heads,large,100000,101060,0.0003,3,classification,0.48054838709677417,0.4814491935483871
MAMBA,induction_heads,large,100000,101060,0.0003,4,classification,0.37530241935483866,0.37533629032258065
MAMBA,induction_heads,large,100000,101060,0.0003,5,classification,0.44116935483870967,0.4415370967741935
MAMBA,induction_heads,large,100000,101060,0.0003,6,classification,0.2792137096774193,0.2796080645161291
MAMBA,induction_heads,large,100000,101060,0.0003,7,classification,0.46172983870967743,0.4622508064516129
MAMBA,induction_heads,large,100000,101060,0.0003,8,classification,0.3434838709677419,0.3429661290322581
MAMBA,induction_heads,large,100000,101060,0.0003,9,classification,0.35531854838709676,0.35531048387096775
MAMBA,induction_heads,large,100000,101060,0.0001,0,classification,0.6059838709677419,0.6068524193548387
MAMBA,induction_heads,large,100000,101060,0.0001,1,classification,0.6083951612903226,0.6077161290322581
MAMBA,induction_heads,large,100000,101060,0.0001,2,classification,0.6406653225806451,0.6416733870967741
MAMBA,induction_heads,large,100000,101060,0.0001,3,classification,0.6449153225806452,0.6456983870967742
MAMBA,induction_heads,large,100000,101060,0.0001,4,classification,0.6086814516129032,0.6088806451612903
MAMBA,induction_heads,large,100000,101060,0.0001,5,classification,0.6447258064516129,0.6446104838709678
MAMBA,induction_heads,large,100000,101060,0.0001,6,classification,0.6023588709677419,0.6019806451612904
MAMBA,induction_heads,large,100000,101060,0.0001,7,classification,0.6221774193548387,0.6219145161290323
MAMBA,induction_heads,large,100000,101060,0.0001,8,classification,0.6223548387096773,0.6229790322580645
MAMBA,induction_heads,large,100000,101060,0.0001,9,classification,0.9494677419354839,0.9501645161290323
MAMBA,selective_copy,large,1000,1304,0.01,0,classification,0.9486166666666667,0.9497833333333333
MAMBA,selective_copy,large,1000,1304,0.01,1,classification,0.9488333333333333,0.9493566666666666
MAMBA,selective_copy,large,1000,1304,0.01,2,classification,0.9487333333333333,0.94931
MAMBA,selective_copy,large,1000,1304,0.01,3,classification,0.9489333333333333,0.9512366666666666
MAMBA,selective_copy,large,1000,1304,0.01,4,classification,0.9488833333333333,0.9497
MAMBA,selective_copy,large,1000,1304,0.01,5,classification,0.9483666666666667,0.9493833333333334
MAMBA,selective_copy,large,1000,1304,0.01,6,classification,0.9489333333333333,0.9499
MAMBA,selective_copy,large,1000,1304,0.01,7,classification,0.9492,0.9506266666666666
MAMBA,selective_copy,large,1000,1304,0.01,8,classification,0.9489666666666666,0.94998
MAMBA,selective_copy,large,1000,1304,0.01,9,classification,0.9488833333333333,0.9498233333333334
MAMBA,selective_copy,large,1000,1304,0.003,0,classification,0.8946666666666667,0.8940933333333333
MAMBA,selective_copy,large,1000,1304,0.003,1,classification,0.9079,0.90913
MAMBA,selective_copy,large,1000,1304,0.003,2,classification,0.9152333333333333,0.9174566666666667
MAMBA,selective_copy,large,1000,1304,0.003,3,classification,0.9482,0.9506
MAMBA,selective_copy,large,1000,1304,0.003,4,classification,0.87025,0.8732666666666666
MAMBA,selective_copy,large,1000,1304,0.003,5,classification,0.88495,0.8861433333333333
MAMBA,selective_copy,large,1000,1304,0.003,6,classification,0.9477166666666667,0.94966
MAMBA,selective_copy,large,1000,1304,0.003,7,classification,0.8754666666666666,0.87636
MAMBA,selective_copy,large,1000,1304,0.003,8,classification,0.8824333333333333,0.8817566666666666
MAMBA,selective_copy,large,1000,1304,0.003,9,classification,0.8869333333333334,0.8890633333333333
MAMBA,selective_copy,large,1000,1304,0.001,0,classification,0.9093,0.9108166666666666
MAMBA,selective_copy,large,1000,1304,0.001,1,classification,0.89865,0.8995433333333334
MAMBA,selective_copy,large,1000,1304,0.001,2,classification,0.8551833333333333,0.8546566666666666
MAMBA,selective_copy,large,1000,1304,0.001,3,classification,0.9192833333333333,0.9213433333333333
MAMBA,selective_copy,large,1000,1304,0.001,4,classification,0.8580666666666666,0.8601233333333334
MAMBA,selective_copy,large,1000,1304,0.001,5,classification,0.9354333333333333,0.9381533333333333
MAMBA,selective_copy,large,1000,1304,0.001,6,classification,0.9073166666666667,0.90911
MAMBA,selective_copy,large,1000,1304,0.001,7,classification,0.8807,0.8816333333333334
MAMBA,selective_copy,large,1000,1304,0.001,8,classification,0.88135,0.8819866666666667
MAMBA,selective_copy,large,1000,1304,0.001,9,classification,0.9485,0.9504533333333334
MAMBA,selective_copy,large,1000,1304,0.0003,0,classification,0.9488,0.9498800000000001
MAMBA,selective_copy,large,1000,1304,0.0003,1,classification,0.9365833333333333,0.9387166666666666
MAMBA,selective_copy,large,1000,1304,0.0003,2,classification,0.94785,0.9496566666666667
MAMBA,selective_copy,large,1000,1304,0.0003,3,classification,0.93685,0.9388333333333333
MAMBA,selective_copy,large,1000,1304,0.0003,4,classification,0.9488833333333333,0.9497
MAMBA,selective_copy,large,1000,1304,0.0003,5,classification,0.93665,0.9393866666666667
MAMBA,selective_copy,large,1000,1304,0.0003,6,classification,0.9491666666666667,0.94966
MAMBA,selective_copy,large,1000,1304,0.0003,7,classification,0.9493666666666667,0.95075
MAMBA,selective_copy,large,1000,1304,0.0003,8,classification,0.8834833333333333,0.8842466666666666
MAMBA,selective_copy,large,1000,1304,0.0003,9,classification,0.9483833333333334,0.9503733333333333
MAMBA,selective_copy,large,1000,1304,0.0001,0,classification,0.9488,0.9498800000000001
MAMBA,selective_copy,large,1000,1304,0.0001,1,classification,0.9471166666666667,0.9481866666666666
MAMBA,selective_copy,large,1000,1304,0.0001,2,classification,0.9476333333333333,0.94951
MAMBA,selective_copy,large,1000,1304,0.0001,3,classification,0.9488833333333333,0.9507
MAMBA,selective_copy,large,1000,1304,0.0001,4,classification,0.9488833333333333,0.9497
MAMBA,selective_copy,large,1000,1304,0.0001,5,classification,0.9462333333333334,0.9471066666666667
MAMBA,selective_copy,large,1000,1304,0.0001,6,classification,0.9477166666666667,0.94966
MAMBA,selective_copy,large,1000,1304,0.0001,7,classification,0.9492,0.9506266666666666
MAMBA,selective_copy,large,1000,1304,0.0001,8,classification,0.9478833333333333,0.95006
MAMBA,selective_copy,large,1000,1304,0.0001,9,classification,0.94905,0.94928
MAMBA,selective_copy,large,10000,10440,0.01,0,classification,0.9490166666666666,0.94977
MAMBA,selective_copy,large,10000,10440,0.01,1,classification,0.9495166666666667,0.94921
MAMBA,selective_copy,large,10000,10440,0.01,2,classification,0.94825,0.94961
MAMBA,selective_copy,large,10000,10440,0.01,3,classification,0.9488833333333333,0.9507
MAMBA,selective_copy,large,10000,10440,0.01,4,classification,0.9485166666666667,0.95033
MAMBA,selective_copy,large,10000,10440,0.01,5,classification,0.9483666666666667,0.9493833333333334
MAMBA,selective_copy,large,10000,10440,0.01,6,classification,0.9485833333333333,0.94987
MAMBA,selective_copy,large,10000,10440,0.01,7,classification,0.94825,0.9502733333333333
MAMBA,selective_copy,large,10000,10440,0.01,8,classification,0.9492166666666667,0.9500466666666667
MAMBA,selective_copy,large,10000,10440,0.01,9,classification,0.9482833333333334,0.9506633333333333
MAMBA,selective_copy,large,10000,10440,0.003,0,classification,0.4333166666666667,0.43267999999999995
MAMBA,selective_copy,large,10000,10440,0.003,1,classification,0.9488333333333333,0.9493566666666666
MAMBA,selective_copy,large,10000,10440,0.003,2,classification,0.9489333333333333,0.9494933333333333
MAMBA,selective_copy,large,10000,10440,0.003,3,classification,0.9488833333333333,0.9507
MAMBA,selective_copy,large,10000,10440,0.003,4,classification,0.90455,0.9060733333333333
MAMBA,selective_copy,large,10000,10440,0.003,5,classification,0.17526666666666668,0.17703000000000002
MAMBA,selective_copy,large,10000,10440,0.003,6,classification,0.90765,0.9057
MAMBA,selective_copy,large,10000,10440,0.003,7,classification,0.9072,0.90703
MAMBA,selective_copy,large,10000,10440,0.003,8,classification,0.9478833333333333,0.95006
MAMBA,selective_copy,large,10000,10440,0.003,9,classification,0.9041333333333333,0.9054133333333333
MAMBA,selective_copy,large,10000,10440,0.001,0,classification,0.4063333333333333,0.4065033333333333
MAMBA,selective_copy,large,10000,10440,0.001,1,classification,0.22004999999999997,0.21992333333333336
MAMBA,selective_copy,large,10000,10440,0.001,2,classification,0.2114666666666667,0.21183333333333332
MAMBA,selective_copy,large,10000,10440,0.001,3,classification,0.25473333333333337,0.25548666666666664
MAMBA,selective_copy,large,10000,10440,0.001,4,classification,0.3863,0.3849566666666666
MAMBA,selective_copy,large,10000,10440,0.001,5,classification,0.050516666666666654,0.049740000000000006
MAMBA,selective_copy,large,10000,10440,0.001,6,classification,0.3688166666666667,0.37048666666666663
MAMBA,selective_copy,large,10000,10440,0.001,7,classification,0.70665,0.7076933333333333
MAMBA,selective_copy,large,10000,10440,0.001,8,classification,0.38170000000000004,0.3812
MAMBA,selective_copy,large,10000,10440,0.001,9,classification,0.68605,0.6902566666666667
MAMBA,selective_copy,large,10000,10440,0.0003,0,classification,0.41431666666666667,0.41346666666666665
MAMBA,selective_copy,large,10000,10440,0.0003,1,classification,0.9489,0.9504533333333334
MAMBA,selective_copy,large,10000,10440,0.0003,2,classification,0.45714999999999995,0.45760999999999996
MAMBA,selective_copy,large,10000,10440,0.0003,3,classification,0.45220000000000005,0.4520333333333333
MAMBA,selective_copy,large,10000,10440,0.0003,4,classification,0.7128166666666667,0.7113133333333334
MAMBA,selective_copy,large,10000,10440,0.0003,5,classification,0.41255,0.41290000000000004
MAMBA,selective_copy,large,10000,10440,0.0003,6,classification,0.6082833333333333,0.6088466666666666
MAMBA,selective_copy,large,10000,10440,0.0003,7,classification,0.45891666666666664,0.4606933333333333
MAMBA,selective_copy,large,10000,10440,0.0003,8,classification,0.9492166666666667,0.9500466666666667
MAMBA,selective_copy,large,10000,10440,0.0003,9,classification,0.772,0.77576
MAMBA,selective_copy,large,10000,10440,0.0001,0,classification,0.9485166666666667,0.9491566666666666
MAMBA,selective_copy,large,10000,10440,0.0001,1,classification,0.9488,0.9504900000000001
MAMBA,selective_copy,large,10000,10440,0.0001,2,classification,0.9483,0.94903
MAMBA,selective_copy,large,10000,10440,0.0001,3,classification,0.9488833333333333,0.9507
MAMBA,selective_copy,large,10000,10440,0.0001,4,classification,0.9486333333333333,0.95131
MAMBA,selective_copy,large,10000,10440,0.0001,5,classification,0.9486666666666667,0.95
MAMBA,selective_copy,large,10000,10440,0.0001,6,classification,0.79855,0.79773
MAMBA,selective_copy,large,10000,10440,0.0001,7,classification,0.9493666666666667,0.9499833333333333
MAMBA,selective_copy,large,10000,10440,0.0001,8,classification,0.9492166666666667,0.9500466666666667
MAMBA,selective_copy,large,10000,10440,0.0001,9,classification,0.9493166666666667,0.94999
MAMBA,selective_copy,large,100000,101220,0.01,0,classification,0.9488,0.9498800000000001
MAMBA,selective_copy,large,100000,101220,0.01,1,classification,0.9495166666666667,0.94921
MAMBA,selective_copy,large,100000,101220,0.01,2,classification,0.94825,0.94961
MAMBA,selective_copy,large,100000,101220,0.01,3,classification,0.9489333333333333,0.9512366666666666
MAMBA,selective_copy,large,100000,101220,0.01,4,classification,0.9488833333333333,0.9497
MAMBA,selective_copy,large,100000,101220,0.01,5,classification,0.9505166666666667,0.94989
MAMBA,selective_copy,large,100000,101220,0.01,6,classification,0.9495166666666667,0.9502966666666667
MAMBA,selective_copy,large,100000,101220,0.01,7,classification,0.94875,0.9498233333333334
MAMBA,selective_copy,large,100000,101220,0.01,8,classification,0.9489666666666666,0.94998
MAMBA,selective_copy,large,100000,101220,0.01,9,classification,0.9485,0.9504533333333334
MAMBA,selective_copy,large,100000,101220,0.003,0,classification,0.9486166666666667,0.9497833333333333
MAMBA,selective_copy,large,100000,101220,0.003,1,classification,0.9488333333333333,0.9493566666666666
MAMBA,selective_copy,large,100000,101220,0.003,2,classification,0.94825,0.94961
MAMBA,selective_copy,large,100000,101220,0.003,3,classification,0.9488833333333333,0.9507
MAMBA,selective_copy,large,100000,101220,0.003,4,classification,0.9486833333333333,0.95097
MAMBA,selective_copy,large,100000,101220,0.003,5,classification,0.9026166666666666,0.9021833333333333
MAMBA,selective_copy,large,100000,101220,0.003,6,classification,0.9489333333333333,0.9499
MAMBA,selective_copy,large,100000,101220,0.003,7,classification,0.94875,0.9498233333333334
MAMBA,selective_copy,large,100000,101220,0.003,8,classification,0.9456,0.9460533333333333
MAMBA,selective_copy,large,100000,101220,0.003,9,classification,0.9488833333333333,0.9498233333333334
MAMBA,selective_copy,large,100000,101220,0.001,0,classification,0.014800000000000035,0.014566666666666617
MAMBA,selective_copy,large,100000,101220,0.001,1,classification,0.009983333333333344,0.010120000000000018
MAMBA,selective_copy,large,100000,101220,0.001,2,classification,0.015650000000000053,0.015683333333333382
MAMBA,selective_copy,large,100000,101220,0.001,3,classification,0.26280000000000003,0.26236666666666664
MAMBA,selective_copy,large,100000,101220,0.001,4,classification,0.021533333333333293,0.02098
MAMBA,selective_copy,large,100000,101220,0.001,5,classification,0.0038166666666666904,0.003906666666666614
MAMBA,selective_copy,large,100000,101220,0.001,6,classification,0.007183333333333319,0.0077266666666666595
MAMBA,selective_copy,large,100000,101220,0.001,7,classification,0.09006666666666663,0.09033000000000002
MAMBA,selective_copy,large,100000,101220,0.001,8,classification,0.01585000000000003,0.015900000000000025
MAMBA,selective_copy,large,100000,101220,0.001,9,classification,0.010299999999999976,0.009560000000000013
MAMBA,selective_copy,large,100000,101220,0.0003,0,classification,0.024933333333333363,0.025486666666666657
MAMBA,selective_copy,large,100000,101220,0.0003,1,classification,0.009666666666666712,0.00994666666666666
MAMBA,selective_copy,large,100000,101220,0.0003,2,classification,0.011166666666666658,0.011286666666666667
MAMBA,selective_copy,large,100000,101220,0.0003,3,classification,0.006983333333333341,0.007523333333333326
MAMBA,selective_copy,large,100000,101220,0.0003,4,classification,0.01846666666666663,0.017256666666666698
MAMBA,selective_copy,large,100000,101220,0.0003,5,classification,0.02368333333333328,0.02416666666666667
MAMBA,selective_copy,large,100000,101220,0.0003,6,classification,0.03859999999999997,0.037819999999999965
MAMBA,selective_copy,large,100000,101220,0.0003,7,classification,0.006166666666666654,0.006066666666666665
MAMBA,selective_copy,large,100000,101220,0.0003,8,classification,0.02564999999999995,0.025349999999999984
MAMBA,selective_copy,large,100000,101220,0.0003,9,classification,0.007249999999999979,0.007329999999999948
MAMBA,selective_copy,large,100000,101220,0.0001,0,classification,0.9490833333333333,0.9494233333333333
MAMBA,selective_copy,large,100000,101220,0.0001,1,classification,0.1630666666666667,0.1611933333333333
MAMBA,selective_copy,large,100000,101220,0.0001,2,classification,0.12670000000000003,0.12475333333333338
MAMBA,selective_copy,large,100000,101220,0.0001,3,classification,0.11975000000000002,0.11939999999999995
MAMBA,selective_copy,large,100000,101220,0.0001,4,classification,0.25534999999999997,0.2550266666666666
MAMBA,selective_copy,large,100000,101220,0.0001,5,classification,0.9474833333333333,0.95009
MAMBA,selective_copy,large,100000,101220,0.0001,6,classification,0.03606666666666669,0.03449666666666662
MAMBA,selective_copy,large,100000,101220,0.0001,7,classification,0.94825,0.9502733333333333
MAMBA,selective_copy,large,100000,101220,0.0001,8,classification,0.13756666666666661,0.13885000000000003
MAMBA,selective_copy,large,100000,101220,0.0001,9,classification,0.94905,0.94928
MAMBA,simple_copy,large,1000,1300,0.01,0,classification,0.9492,0.950062
MAMBA,simple_copy,large,1000,1300,0.01,1,classification,0.9492266666666667,0.9498613333333333
MAMBA,simple_copy,large,1000,1300,0.01,2,classification,0.9496833333333333,0.949882
MAMBA,simple_copy,large,1000,1300,0.01,3,classification,0.9493266666666667,0.9499333333333333
MAMBA,simple_copy,large,1000,1300,0.01,4,classification,0.9494366666666667,0.9499153333333333
MAMBA,simple_copy,large,1000,1300,0.01,5,classification,0.9494166666666667,0.9500153333333333
MAMBA,simple_copy,large,1000,1300,0.01,6,classification,0.9490733333333333,0.9498126666666666
MAMBA,simple_copy,large,1000,1300,0.01,7,classification,0.9494166666666667,0.9499066666666667
MAMBA,simple_copy,large,1000,1300,0.01,8,classification,0.9495633333333333,0.9501993333333333
MAMBA,simple_copy,large,1000,1300,0.01,9,classification,0.9343166666666667,0.9351513333333333
MAMBA,simple_copy,large,1000,1300,0.003,0,classification,0.92006,0.9208093333333334
MAMBA,simple_copy,large,1000,1300,0.003,1,classification,0.9241333333333334,0.92468
MAMBA,simple_copy,large,1000,1300,0.003,2,classification,0.929,0.9299413333333333
MAMBA,simple_copy,large,1000,1300,0.003,3,classification,0.9318833333333333,0.9323953333333334
MAMBA,simple_copy,large,1000,1300,0.003,4,classification,0.9283766666666666,0.9288813333333333
MAMBA,simple_copy,large,1000,1300,0.003,5,classification,0.9023866666666667,0.9025566666666667
MAMBA,simple_copy,large,1000,1300,0.003,6,classification,0.9208866666666666,0.9215266666666666
MAMBA,simple_copy,large,1000,1300,0.003,7,classification,0.9073033333333334,0.907666
MAMBA,simple_copy,large,1000,1300,0.003,8,classification,0.9497233333333334,0.9500333333333333
MAMBA,simple_copy,large,1000,1300,0.003,9,classification,0.9007733333333333,0.9005213333333333
MAMBA,simple_copy,large,1000,1300,0.001,0,classification,0.9268766666666667,0.927592
MAMBA,simple_copy,large,1000,1300,0.001,1,classification,0.9295933333333333,0.9298213333333334
MAMBA,simple_copy,large,1000,1300,0.001,2,classification,0.9314233333333334,0.9317846666666667
MAMBA,simple_copy,large,1000,1300,0.001,3,classification,0.9433233333333333,0.9437393333333334
MAMBA,simple_copy,large,1000,1300,0.001,4,classification,0.9410733333333333,0.941716
MAMBA,simple_copy,large,1000,1300,0.001,5,classification,0.9287233333333333,0.9287493333333333
MAMBA,simple_copy,large,1000,1300,0.001,6,classification,0.93105,0.9323086666666667
MAMBA,simple_copy,large,1000,1300,0.001,7,classification,0.92473,0.9251266666666667
MAMBA,simple_copy,large,1000,1300,0.001,8,classification,0.9307466666666666,0.9307686666666667
MAMBA,simple_copy,large,1000,1300,0.001,9,classification,0.9248133333333334,0.9261693333333333
MAMBA,simple_copy,large,1000,1300,0.0003,0,classification,0.9390000000000001,0.938838
MAMBA,simple_copy,large,1000,1300,0.0003,1,classification,0.93859,0.93879
MAMBA,simple_copy,large,1000,1300,0.0003,2,classification,0.9327033333333333,0.9336026666666667
MAMBA,simple_copy,large,1000,1300,0.0003,3,classification,0.94313,0.9437613333333333
MAMBA,simple_copy,large,1000,1300,0.0003,4,classification,0.93641,0.9369913333333333
MAMBA,simple_copy,large,1000,1300,0.0003,5,classification,0.9365866666666667,0.9365046666666667
MAMBA,simple_copy,large,1000,1300,0.0003,6,classification,0.9305666666666667,0.9313753333333333
MAMBA,simple_copy,large,1000,1300,0.0003,7,classification,0.9439366666666666,0.9442533333333334
MAMBA,simple_copy,large,1000,1300,0.0003,8,classification,0.9439233333333333,0.944124
MAMBA,simple_copy,large,1000,1300,0.0003,9,classification,0.9390266666666667,0.939336
MAMBA,simple_copy,large,1000,1300,0.0001,0,classification,0.9444233333333333,0.944538
MAMBA,simple_copy,large,1000,1300,0.0001,1,classification,0.93804,0.9385126666666667
MAMBA,simple_copy,large,1000,1300,0.0001,2,classification,0.9379766666666667,0.9383046666666667
MAMBA,simple_copy,large,1000,1300,0.0001,3,classification,0.9435866666666667,0.943432
MAMBA,simple_copy,large,1000,1300,0.0001,4,classification,0.9423033333333334,0.9431566666666666
MAMBA,simple_copy,large,1000,1300,0.0001,5,classification,0.9428,0.942988
MAMBA,simple_copy,large,1000,1300,0.0001,6,classification,0.9429066666666667,0.943336
MAMBA,simple_copy,large,1000,1300,0.0001,7,classification,0.9441366666666666,0.944534
MAMBA,simple_copy,large,1000,1300,0.0001,8,classification,0.9495666666666667,0.949902
MAMBA,simple_copy,large,1000,1300,0.0001,9,classification,0.9495066666666667,0.9498973333333334
MAMBA,simple_copy,large,10000,10420,0.01,0,classification,0.9492,0.950062
MAMBA,simple_copy,large,10000,10420,0.01,1,classification,0.9497166666666667,0.9500073333333333
MAMBA,simple_copy,large,10000,10420,0.01,2,classification,0.9496666666666667,0.9499733333333333
MAMBA,simple_copy,large,10000,10420,0.01,3,classification,0.9495733333333334,0.9497226666666667
MAMBA,simple_copy,large,10000,10420,0.01,4,classification,0.94935,0.9498800000000001
MAMBA,simple_copy,large,10000,10420,0.01,5,classification,0.9494166666666667,0.9500153333333333
MAMBA,simple_copy,large,10000,10420,0.01,6,classification,0.9499066666666667,0.950122
MAMBA,simple_copy,large,10000,10420,0.01,7,classification,0.9496066666666667,0.9499566666666667
MAMBA,simple_copy,large,10000,10420,0.01,8,classification,0.9489733333333333,0.9500686666666667
MAMBA,simple_copy,large,10000,10420,0.01,9,classification,0.9498533333333333,0.9499233333333333
MAMBA,simple_copy,large,10000,10420,0.003,0,classification,0.9490766666666667,0.9501793333333334
MAMBA,simple_copy,large,10000,10420,0.003,1,classification,0.77584,0.7757333333333334
MAMBA,simple_copy,large,10000,10420,0.003,2,classification,0.8393566666666666,0.8389493333333333
MAMBA,simple_copy,large,10000,10420,0.003,3,classification,0.8376533333333334,0.8381546666666666
MAMBA,simple_copy,large,10000,10420,0.003,4,classification,0.8388266666666666,0.8393226666666667
MAMBA,simple_copy,large,10000,10420,0.003,5,classification,0.8035266666666667,0.8032
MAMBA,simple_copy,large,10000,10420,0.003,6,classification,0.7629833333333333,0.7632173333333333
MAMBA,simple_copy,large,10000,10420,0.003,7,classification,0.85043,0.850624
MAMBA,simple_copy,large,10000,10420,0.003,8,classification,0.8002400000000001,0.7990246666666667
MAMBA,simple_copy,large,10000,10420,0.003,9,classification,0.8370633333333333,0.836144
MAMBA,simple_copy,large,10000,10420,0.001,0,classification,0.78175,0.7813266666666667
MAMBA,simple_copy,large,10000,10420,0.001,1,classification,0.7562333333333333,0.7558593333333333
MAMBA,simple_copy,large,10000,10420,0.001,2,classification,0.78424,0.7850666666666667
MAMBA,simple_copy,large,10000,10420,0.001,3,classification,0.7779266666666667,0.7779026666666666
MAMBA,simple_copy,large,10000,10420,0.001,4,classification,0.7905466666666667,0.790736
MAMBA,simple_copy,large,10000,10420,0.001,5,classification,0.6988099999999999,0.6990066666666667
MAMBA,simple_copy,large,10000,10420,0.001,6,classification,0.76959,0.769714
MAMBA,simple_copy,large,10000,10420,0.001,7,classification,0.7760166666666667,0.7757873333333334
MAMBA,simple_copy,large,10000,10420,0.001,8,classification,0.73733,0.738418
MAMBA,simple_copy,large,10000,10420,0.001,9,classification,0.7413166666666666,0.7412853333333334
MAMBA,simple_copy,large,10000,10420,0.0003,0,classification,0.8471066666666667,0.8467346666666666
MAMBA,simple_copy,large,10000,10420,0.0003,1,classification,0.83614,0.8366566666666666
MAMBA,simple_copy,large,10000,10420,0.0003,2,classification,0.8173966666666667,0.8169793333333333
MAMBA,simple_copy,large,10000,10420,0.0003,3,classification,0.84886,0.8488433333333334
MAMBA,simple_copy,large,10000,10420,0.0003,4,classification,0.8598566666666667,0.860314
MAMBA,simple_copy,large,10000,10420,0.0003,5,classification,0.8760766666666666,0.8758346666666667
MAMBA,simple_copy,large,10000,10420,0.0003,6,classification,0.86243,0.8632493333333333
MAMBA,simple_copy,large,10000,10420,0.0003,7,classification,0.83187,0.8318213333333333
MAMBA,simple_copy,large,10000,10420,0.0003,8,classification,0.8247033333333333,0.824878
MAMBA,simple_copy,large,10000,10420,0.0003,9,classification,0.8462833333333333,0.8460053333333333
MAMBA,simple_copy,large,10000,10420,0.0001,0,classification,0.8944366666666667,0.8941586666666667
MAMBA,simple_copy,large,10000,10420,0.0001,1,classification,0.8911433333333333,0.8911766666666667
MAMBA,simple_copy,large,10000,10420,0.0001,2,classification,0.94952,0.949856
MAMBA,simple_copy,large,10000,10420,0.0001,3,classification,0.8989933333333333,0.899438
MAMBA,simple_copy,large,10000,10420,0.0001,4,classification,0.89483,0.8953913333333333
MAMBA,simple_copy,large,10000,10420,0.0001,5,classification,0.9045933333333334,0.9046353333333333
MAMBA,simple_copy,large,10000,10420,0.0001,6,classification,0.8995166666666666,0.9000646666666666
MAMBA,simple_copy,large,10000,10420,0.0001,7,classification,0.8986466666666667,0.89871
MAMBA,simple_copy,large,10000,10420,0.0001,8,classification,0.8910833333333333,0.890666
MAMBA,simple_copy,large,10000,10420,0.0001,9,classification,0.8958633333333333,0.895382
MAMBA,simple_copy,large,100000,101140,0.01,0,classification,0.9492,0.950062
MAMBA,simple_copy,large,100000,101140,0.01,1,classification,0.9493366666666667,0.9501913333333334
MAMBA,simple_copy,large,100000,101140,0.01,2,classification,0.9505533333333334,0.949812
MAMBA,simple_copy,large,100000,101140,0.01,3,classification,0.95075,0.950216
MAMBA,simple_copy,large,100000,101140,0.01,4,classification,0.9496433333333333,0.9496786666666667
MAMBA,simple_copy,large,100000,101140,0.01,5,classification,0.9502266666666667,0.9501013333333334
MAMBA,simple_copy,large,100000,101140,0.01,6,classification,0.95005,0.95031
MAMBA,simple_copy,large,100000,101140,0.01,7,classification,0.9499333333333333,0.9501586666666667
MAMBA,simple_copy,large,100000,101140,0.01,8,classification,0.9490833333333333,0.950016
MAMBA,simple_copy,large,100000,101140,0.01,9,classification,0.9499933333333334,0.9500373333333333
MAMBA,simple_copy,large,100000,101140,0.003,0,classification,0.65305,0.6528906666666667
MAMBA,simple_copy,large,100000,101140,0.003,1,classification,0.8103133333333333,0.8106426666666666
MAMBA,simple_copy,large,100000,101140,0.003,2,classification,0.7235199999999999,0.723876
MAMBA,simple_copy,large,100000,101140,0.003,3,classification,0.7757533333333333,0.7758573333333334
MAMBA,simple_copy,large,100000,101140,0.003,4,classification,0.6419766666666666,0.641146
MAMBA,simple_copy,large,100000,101140,0.003,5,classification,0.6303533333333333,0.6308793333333333
MAMBA,simple_copy,large,100000,101140,0.003,6,classification,0.6725300000000001,0.6724273333333333
MAMBA,simple_copy,large,100000,101140,0.003,7,classification,0.73307,0.733376
MAMBA,simple_copy,large,100000,101140,0.003,8,classification,0.7504500000000001,0.7503306666666667
MAMBA,simple_copy,large,100000,101140,0.003,9,classification,0.7385366666666666,0.7374793333333334
MAMBA,simple_copy,large,100000,101140,0.001,0,classification,0.52725,0.5275906666666667
MAMBA,simple_copy,large,100000,101140,0.001,1,classification,0.57995,0.5792713333333334
MAMBA,simple_copy,large,100000,101140,0.001,2,classification,0.7039266666666666,0.7032053333333333
MAMBA,simple_copy,large,100000,101140,0.001,3,classification,0.5783066666666667,0.5790426666666666
MAMBA,simple_copy,large,100000,101140,0.001,4,classification,0.6234299999999999,0.6226133333333334
MAMBA,simple_copy,large,100000,101140,0.001,5,classification,0.59956,0.5991526666666667
MAMBA,simple_copy,large,100000,101140,0.001,6,classification,0.6332566666666667,0.6344473333333334
MAMBA,simple_copy,large,100000,101140,0.001,7,classification,0.6205033333333334,0.6202333333333334
MAMBA,simple_copy,large,100000,101140,0.001,8,classification,0.7221133333333334,0.7226746666666667
MAMBA,simple_copy,large,100000,101140,0.001,9,classification,0.59699,0.59657
MAMBA,simple_copy,large,100000,101140,0.0003,0,classification,0.5968866666666667,0.597898
MAMBA,simple_copy,large,100000,101140,0.0003,1,classification,0.6230866666666667,0.6238446666666666
MAMBA,simple_copy,large,100000,101140,0.0003,2,classification,0.5719733333333333,0.572192
MAMBA,simple_copy,large,100000,101140,0.0003,3,classification,0.6037066666666666,0.603748
MAMBA,simple_copy,large,100000,101140,0.0003,4,classification,0.5951633333333333,0.5952193333333333
MAMBA,simple_copy,large,100000,101140,0.0003,5,classification,0.6291733333333334,0.62843
MAMBA,simple_copy,large,100000,101140,0.0003,6,classification,0.6594966666666666,0.6601893333333333
MAMBA,simple_copy,large,100000,101140,0.0003,7,classification,0.5240666666666667,0.524432
MAMBA,simple_copy,large,100000,101140,0.0003,8,classification,0.6599933333333333,0.6609386666666667
MAMBA,simple_copy,large,100000,101140,0.0003,9,classification,0.57901,0.5781406666666666
MAMBA,simple_copy,large,100000,101140,0.0001,0,classification,0.7940066666666666,0.7935613333333333
MAMBA,simple_copy,large,100000,101140,0.0001,1,classification,0.7296066666666667,0.7296193333333334
MAMBA,simple_copy,large,100000,101140,0.0001,2,classification,0.7804566666666667,0.779768
MAMBA,simple_copy,large,100000,101140,0.0001,3,classification,0.78705,0.786698
MAMBA,simple_copy,large,100000,101140,0.0001,4,classification,0.7528900000000001,0.7532993333333333
MAMBA,simple_copy,large,100000,101140,0.0001,5,classification,0.77403,0.7733953333333333
MAMBA,simple_copy,large,100000,101140,0.0001,6,classification,0.8077799999999999,0.8083480000000001
MAMBA,simple_copy,large,100000,101140,0.0001,7,classification,0.7993766666666666,0.799578
MAMBA,simple_copy,large,100000,101140,0.0001,8,classification,0.7443733333333333,0.7455386666666667
MAMBA,simple_copy,large,100000,101140,0.0001,9,classification,0.7387866666666667,0.7394233333333333
MAMBA,sorting_problem,large,1000,712,0.01,0,classification,0.94934,0.950072
MAMBA,sorting_problem,large,1000,712,0.01,1,classification,0.93832,0.9396
MAMBA,sorting_problem,large,1000,712,0.01,2,classification,0.9396,0.940634
MAMBA,sorting_problem,large,1000,712,0.01,3,classification,0.93906,0.9401120000000001
MAMBA,sorting_problem,large,1000,712,0.01,4,classification,0.94886,0.949856
MAMBA,sorting_problem,large,1000,712,0.01,5,classification,0.94881,0.950218
MAMBA,sorting_problem,large,1000,712,0.01,6,classification,0.94805,0.950324
MAMBA,sorting_problem,large,1000,712,0.01,7,classification,0.94842,0.95001
MAMBA,sorting_problem,large,1000,712,0.01,8,classification,0.9493199999999999,0.950464
MAMBA,sorting_problem,large,1000,712,0.01,9,classification,0.91961,0.920344
MAMBA,sorting_problem,large,1000,712,0.003,0,classification,0.93911,0.94004
MAMBA,sorting_problem,large,1000,712,0.003,1,classification,0.93896,0.94084
MAMBA,sorting_problem,large,1000,712,0.003,2,classification,0.93719,0.938284
MAMBA,sorting_problem,large,1000,712,0.003,3,classification,0.94052,0.941424
MAMBA,sorting_problem,large,1000,712,0.003,4,classification,0.93888,0.940132
MAMBA,sorting_problem,large,1000,712,0.003,5,classification,0.93876,0.9401
MAMBA,sorting_problem,large,1000,712,0.003,6,classification,0.93789,0.940364
MAMBA,sorting_problem,large,1000,712,0.003,7,classification,0.94122,0.942622
MAMBA,sorting_problem,large,1000,712,0.003,8,classification,0.93819,0.939142
MAMBA,sorting_problem,large,1000,712,0.003,9,classification,0.94041,0.940324
MAMBA,sorting_problem,large,1000,712,0.001,0,classification,0.94039,0.94165
MAMBA,sorting_problem,large,1000,712,0.001,1,classification,0.93856,0.940182
MAMBA,sorting_problem,large,1000,712,0.001,2,classification,0.93726,0.938008
MAMBA,sorting_problem,large,1000,712,0.001,3,classification,0.93914,0.940464
MAMBA,sorting_problem,large,1000,712,0.001,4,classification,0.93902,0.940478
MAMBA,sorting_problem,large,1000,712,0.001,5,classification,0.93865,0.940378
MAMBA,sorting_problem,large,1000,712,0.001,6,classification,0.93883,0.940914
MAMBA,sorting_problem,large,1000,712,0.001,7,classification,0.93939,0.94021
MAMBA,sorting_problem,large,1000,712,0.001,8,classification,0.9396100000000001,0.940944
MAMBA,sorting_problem,large,1000,712,0.001,9,classification,0.93887,0.939458
MAMBA,sorting_problem,large,1000,712,0.0003,0,classification,0.94063,0.941842
MAMBA,sorting_problem,large,1000,712,0.0003,1,classification,0.93874,0.939958
MAMBA,sorting_problem,large,1000,712,0.0003,2,classification,0.9376,0.938962
MAMBA,sorting_problem,large,1000,712,0.0003,3,classification,0.93925,0.941428
MAMBA,sorting_problem,large,1000,712,0.0003,4,classification,0.93899,0.94121
MAMBA,sorting_problem,large,1000,712,0.0003,5,classification,0.93838,0.940334
MAMBA,sorting_problem,large,1000,712,0.0003,6,classification,0.93845,0.940074
MAMBA,sorting_problem,large,1000,712,0.0003,7,classification,0.93798,0.93843
MAMBA,sorting_problem,large,1000,712,0.0003,8,classification,0.94016,0.940618
MAMBA,sorting_problem,large,1000,712,0.0003,9,classification,0.949,0.950178
MAMBA,sorting_problem,large,1000,712,0.0001,0,classification,0.94143,0.942466
MAMBA,sorting_problem,large,1000,712,0.0001,1,classification,0.9498,0.949774
MAMBA,sorting_problem,large,1000,712,0.0001,2,classification,0.94864,0.9498800000000001
MAMBA,sorting_problem,large,1000,712,0.0001,3,classification,0.93923,0.94097
MAMBA,sorting_problem,large,1000,712,0.0001,4,classification,0.94876,0.949956
MAMBA,sorting_problem,large,1000,712,0.0001,5,classification,0.94865,0.950326
MAMBA,sorting_problem,large,1000,712,0.0001,6,classification,0.93852,0.940906
MAMBA,sorting_problem,large,1000,712,0.0001,7,classification,0.9492700000000001,0.95008
MAMBA,sorting_problem,large,1000,712,0.0001,8,classification,0.94929,0.950406
MAMBA,sorting_problem,large,1000,712,0.0001,9,classification,0.94897,0.950186
MAMBA,sorting_problem,large,10000,9848,0.01,0,classification,0.94898,0.95013
MAMBA,sorting_problem,large,10000,9848,0.01,1,classification,0.94911,0.949864
MAMBA,sorting_problem,large,10000,9848,0.01,2,classification,0.94962,0.950292
MAMBA,sorting_problem,large,10000,9848,0.01,3,classification,0.94976,0.949396
MAMBA,sorting_problem,large,10000,9848,0.01,4,classification,0.94947,0.950718
MAMBA,sorting_problem,large,10000,9848,0.01,5,classification,0.94892,0.95021
MAMBA,sorting_problem,large,10000,9848,0.01,6,classification,0.94879,0.949422
MAMBA,sorting_problem,large,10000,9848,0.01,7,classification,0.80301,0.802522
MAMBA,sorting_problem,large,10000,9848,0.01,8,classification,0.9496,0.950342
MAMBA,sorting_problem,large,10000,9848,0.01,9,classification,0.94964,0.950396
MAMBA,sorting_problem,large,10000,9848,0.003,0,classification,0.39412,0.39552600000000004
MAMBA,sorting_problem,large,10000,9848,0.003,1,classification,0.33791000000000004,0.33811
MAMBA,sorting_problem,large,10000,9848,0.003,2,classification,0.56549,0.563798
MAMBA,sorting_problem,large,10000,9848,0.003,3,classification,0.60545,0.60558
MAMBA,sorting_problem,large,10000,9848,0.003,4,classification,0.47306000000000004,0.47208399999999995
MAMBA,sorting_problem,large,10000,9848,0.003,5,classification,0.45694999999999997,0.458944
MAMBA,sorting_problem,large,10000,9848,0.003,6,classification,0.62927,0.6299060000000001
MAMBA,sorting_problem,large,10000,9848,0.003,7,classification,0.61114,0.6126240000000001
MAMBA,sorting_problem,large,10000,9848,0.003,8,classification,0.67999,0.681054
MAMBA,sorting_problem,large,10000,9848,0.003,9,classification,0.39197000000000004,0.391362
MAMBA,sorting_problem,large,10000,9848,0.001,0,classification,0.62077,0.6217820000000001
MAMBA,sorting_problem,large,10000,9848,0.001,1,classification,0.60989,0.61016
MAMBA,sorting_problem,large,10000,9848,0.001,2,classification,0.62619,0.6276379999999999
MAMBA,sorting_problem,large,10000,9848,0.001,3,classification,0.25873,0.259606
MAMBA,sorting_problem,large,10000,9848,0.001,4,classification,0.30859000000000003,0.30837400000000004
MAMBA,sorting_problem,large,10000,9848,0.001,5,classification,0.65078,0.651328
MAMBA,sorting_problem,large,10000,9848,0.001,6,classification,0.59697,0.5963339999999999
MAMBA,sorting_problem,large,10000,9848,0.001,7,classification,0.41989,0.41983400000000004
MAMBA,sorting_problem,large,10000,9848,0.001,8,classification,0.64561,0.6459539999999999
MAMBA,sorting_problem,large,10000,9848,0.001,9,classification,0.26781,0.26739599999999997
MAMBA,sorting_problem,large,10000,9848,0.0003,0,classification,0.60849,0.6086320000000001
MAMBA,sorting_problem,large,10000,9848,0.0003,1,classification,0.57959,0.577428
MAMBA,sorting_problem,large,10000,9848,0.0003,2,classification,0.56843,0.5670580000000001
MAMBA,sorting_problem,large,10000,9848,0.0003,3,classification,0.6395,0.638986
MAMBA,sorting_problem,large,10000,9848,0.0003,4,classification,0.64487,0.6455040000000001
MAMBA,sorting_problem,large,10000,9848,0.0003,5,classification,0.59649,0.596082
MAMBA,sorting_problem,large,10000,9848,0.0003,6,classification,0.71321,0.711198
MAMBA,sorting_problem,large,10000,9848,0.0003,7,classification,0.60704,0.6070880000000001
MAMBA,sorting_problem,large,10000,9848,0.0003,8,classification,0.89103,0.892226
MAMBA,sorting_problem,large,10000,9848,0.0003,9,classification,0.58126,0.581782
MAMBA,sorting_problem,large,10000,9848,0.0001,0,classification,0.85267,0.852348
MAMBA,sorting_problem,large,10000,9848,0.0001,1,classification,0.83892,0.8387020000000001
MAMBA,sorting_problem,large,10000,9848,0.0001,2,classification,0.86033,0.860942
MAMBA,sorting_problem,large,10000,9848,0.0001,3,classification,0.81046,0.8102
MAMBA,sorting_problem,large,10000,9848,0.0001,4,classification,0.81583,0.814464
MAMBA,sorting_problem,large,10000,9848,0.0001,5,classification,0.83982,0.84014
MAMBA,sorting_problem,large,10000,9848,0.0001,6,classification,0.9479,0.950144
MAMBA,sorting_problem,large,10000,9848,0.0001,7,classification,0.85625,0.855726
MAMBA,sorting_problem,large,10000,9848,0.0001,8,classification,0.81724,0.817182
MAMBA,sorting_problem,large,10000,9848,0.0001,9,classification,0.80925,0.8098460000000001
MAMBA,sorting_problem,large,100000,100640,0.01,0,classification,0.94959,0.950018
MAMBA,sorting_problem,large,100000,100640,0.01,1,classification,0.94994,0.949538
MAMBA,sorting_problem,large,100000,100640,0.01,2,classification,0.95035,0.950604
MAMBA,sorting_problem,large,100000,100640,0.01,3,classification,0.9496,0.950268
MAMBA,sorting_problem,large,100000,100640,0.01,4,classification,0.9518,0.9495979999999999
MAMBA,sorting_problem,large,100000,100640,0.01,5,classification,0.94892,0.95021
MAMBA,sorting_problem,large,100000,100640,0.01,6,classification,0.94888,0.949394
MAMBA,sorting_problem,large,100000,100640,0.01,7,classification,0.95199,0.949844
MAMBA,sorting_problem,large,100000,100640,0.01,8,classification,0.95033,0.949572
MAMBA,sorting_problem,large,100000,100640,0.01,9,classification,0.95048,0.949932
MAMBA,sorting_problem,large,100000,100640,0.003,0,classification,0.02912999999999999,0.02917599999999998
MAMBA,sorting_problem,large,100000,100640,0.003,1,classification,0.5403899999999999,0.5378780000000001
MAMBA,sorting_problem,large,100000,100640,0.003,2,classification,0.25271999999999994,0.25449200000000005
MAMBA,sorting_problem,large,100000,100640,0.003,3,classification,0.6678200000000001,0.668882
MAMBA,sorting_problem,large,100000,100640,0.003,4,classification,0.67591,0.676228
MAMBA,sorting_problem,large,100000,100640,0.003,5,classification,0.03320999999999996,0.03252200000000005
MAMBA,sorting_problem,large,100000,100640,0.003,6,classification,0.60504,0.606518
MAMBA,sorting_problem,large,100000,100640,0.003,7,classification,0.58919,0.5896239999999999
MAMBA,sorting_problem,large,100000,100640,0.003,8,classification,0.5710299999999999,0.5706100000000001
MAMBA,sorting_problem,large,100000,100640,0.003,9,classification,0.56843,0.5670200000000001
MAMBA,sorting_problem,large,100000,100640,0.001,0,classification,0.09484999999999999,0.09562800000000005
MAMBA,sorting_problem,large,100000,100640,0.001,1,classification,0.09069000000000005,0.09057000000000004
MAMBA,sorting_problem,large,100000,100640,0.001,2,classification,0.011750000000000038,0.011971999999999983
MAMBA,sorting_problem,large,100000,100640,0.001,3,classification,0.014549999999999952,0.014639999999999986
MAMBA,sorting_problem,large,100000,100640,0.001,4,classification,0.17020000000000002,0.17125999999999997
MAMBA,sorting_problem,large,100000,100640,0.001,5,classification,0.22582000000000002,0.22379400000000005
MAMBA,sorting_problem,large,100000,100640,0.001,6,classification,0.047860000000000014,0.048336000000000046
MAMBA,sorting_problem,large,100000,100640,0.001,7,classification,0.23616000000000004,0.23614999999999997
MAMBA,sorting_problem,large,100000,100640,0.001,8,classification,0.33726999999999996,0.33669400000000005
MAMBA,sorting_problem,large,100000,100640,0.001,9,classification,0.011399999999999966,0.011094000000000048
MAMBA,sorting_problem,large,100000,100640,0.0003,0,classification,0.12163000000000002,0.11996799999999996
MAMBA,sorting_problem,large,100000,100640,0.0003,1,classification,0.022379999999999955,0.023270000000000013
MAMBA,sorting_problem,large,100000,100640,0.0003,2,classification,0.10916000000000003,0.10998399999999997
MAMBA,sorting_problem,large,100000,100640,0.0003,3,classification,0.14136000000000004,0.14095199999999997
MAMBA,sorting_problem,large,100000,100640,0.0003,4,classification,0.24488,0.24475999999999998
MAMBA,sorting_problem,large,100000,100640,0.0003,5,classification,0.10736999999999997,0.10694400000000004
MAMBA,sorting_problem,large,100000,100640,0.0003,6,classification,0.33592,0.334742
MAMBA,sorting_problem,large,100000,100640,0.0003,7,classification,0.6066,0.606958
MAMBA,sorting_problem,large,100000,100640,0.0003,8,classification,0.14503,0.14464600000000005
MAMBA,sorting_problem,large,100000,100640,0.0003,9,classification,0.2855,0.28574200000000005
MAMBA,sorting_problem,large,100000,100640,0.0001,0,classification,0.41542,0.41720599999999997
MAMBA,sorting_problem,large,100000,100640,0.0001,1,classification,0.88407,0.884532
MAMBA,sorting_problem,large,100000,100640,0.0001,2,classification,0.28366,0.283922
MAMBA,sorting_problem,large,100000,100640,0.0001,3,classification,0.88406,0.884022
MAMBA,sorting_problem,large,100000,100640,0.0001,4,classification,0.39454,0.39542999999999995
MAMBA,sorting_problem,large,100000,100640,0.0001,5,classification,0.47718000000000005,0.47841599999999995
MAMBA,sorting_problem,large,100000,100640,0.0001,6,classification,0.34538,0.343526
MAMBA,sorting_problem,large,100000,100640,0.0001,7,classification,0.46677,0.46924
MAMBA,sorting_problem,large,100000,100640,0.0001,8,classification,0.22641,0.22617200000000004
MAMBA,sorting_problem,large,100000,100640,0.0001,9,classification,0.8831100000000001,0.884206
XLSTM,associative_recall,large,1000,4684,0.01,0,classification,0.963,0.9647
XLSTM,associative_recall,large,1000,4684,0.01,1,classification,0.962,0.9656
XLSTM,associative_recall,large,1000,4684,0.01,2,classification,0.9635,0.9635
XLSTM,associative_recall,large,1000,4684,0.01,3,classification,0.957,0.9649
XLSTM,associative_recall,large,1000,4684,0.01,4,classification,0.96,0.9671
XLSTM,associative_recall,large,1000,4684,0.01,5,classification,0.9625,0.9678
XLSTM,associative_recall,large,1000,4684,0.01,6,classification,0.959,0.9673
XLSTM,associative_recall,large,1000,4684,0.01,7,classification,0.9575,0.969
XLSTM,associative_recall,large,1000,4684,0.01,8,classification,0.9645,0.9686
XLSTM,associative_recall,large,1000,4684,0.01,9,classification,0.9615,0.9696
XLSTM,associative_recall,large,1000,4684,0.003,0,classification,0.9595,0.9647
XLSTM,associative_recall,large,1000,4684,0.003,1,classification,0.9595,0.9676
XLSTM,associative_recall,large,1000,4684,0.003,2,classification,0.956,0.9652000000000001
XLSTM,associative_recall,large,1000,4684,0.003,3,classification,0.9615,0.9643
XLSTM,associative_recall,large,1000,4684,0.003,4,classification,0.959,0.9676
XLSTM,associative_recall,large,1000,4684,0.003,5,classification,0.9625,0.9693
XLSTM,associative_recall,large,1000,4684,0.003,6,classification,0.9595,0.9655
XLSTM,associative_recall,large,1000,4684,0.003,7,classification,0.9585,0.9671
XLSTM,associative_recall,large,1000,4684,0.003,8,classification,0.9605,0.9686
XLSTM,associative_recall,large,1000,4684,0.003,9,classification,0.961,0.9673
XLSTM,associative_recall,large,1000,4684,0.001,0,classification,0.957,0.9667
XLSTM,associative_recall,large,1000,4684,0.001,1,classification,0.9515,0.9673
XLSTM,associative_recall,large,1000,4684,0.001,2,classification,0.9355,0.9398
XLSTM,associative_recall,large,1000,4684,0.001,3,classification,0.916,0.9203
XLSTM,associative_recall,large,1000,4684,0.001,4,classification,0.9195,0.922
XLSTM,associative_recall,large,1000,4684,0.001,5,classification,0.961,0.9664
XLSTM,associative_recall,large,1000,4684,0.001,6,classification,0.9275,0.942
XLSTM,associative_recall,large,1000,4684,0.001,7,classification,0.959,0.9639
XLSTM,associative_recall,large,1000,4684,0.001,8,classification,0.938,0.9425
XLSTM,associative_recall,large,1000,4684,0.001,9,classification,0.9385,0.9359999999999999
XLSTM,associative_recall,large,1000,4684,0.0003,0,classification,0.9595,0.9676
XLSTM,associative_recall,large,1000,4684,0.0003,1,classification,0.958,0.9663
XLSTM,associative_recall,large,1000,4684,0.0003,2,classification,0.9625,0.9699
XLSTM,associative_recall,large,1000,4684,0.0003,3,classification,0.95,0.9584
XLSTM,associative_recall,large,1000,4684,0.0003,4,classification,0.965,0.9689
XLSTM,associative_recall,large,1000,4684,0.0003,5,classification,0.9595,0.9675
XLSTM,associative_recall,large,1000,4684,0.0003,6,classification,0.9575,0.9669
XLSTM,associative_recall,large,1000,4684,0.0003,7,classification,0.9605,0.9643
XLSTM,associative_recall,large,1000,4684,0.0003,8,classification,0.9545,0.9662
XLSTM,associative_recall,large,1000,4684,0.0003,9,classification,0.952,0.9547
XLSTM,associative_recall,large,1000,4684,0.0001,0,classification,0.9595,0.9693
XLSTM,associative_recall,large,1000,4684,0.0001,1,classification,0.956,0.969
XLSTM,associative_recall,large,1000,4684,0.0001,2,classification,0.965,0.968
XLSTM,associative_recall,large,1000,4684,0.0001,3,classification,0.9595,0.9652000000000001
XLSTM,associative_recall,large,1000,4684,0.0001,4,classification,0.962,0.9671
XLSTM,associative_recall,large,1000,4684,0.0001,5,classification,0.963,0.9681
XLSTM,associative_recall,large,1000,4684,0.0001,6,classification,0.966,0.9671
XLSTM,associative_recall,large,1000,4684,0.0001,7,classification,0.964,0.966
XLSTM,associative_recall,large,1000,4684,0.0001,8,classification,0.957,0.9641
XLSTM,associative_recall,large,1000,4684,0.0001,9,classification,0.9615,0.9651
XLSTM,associative_recall,large,10000,10744,0.01,0,classification,0.956,0.9699
XLSTM,associative_recall,large,10000,10744,0.01,1,classification,0.961,0.9693
XLSTM,associative_recall,large,10000,10744,0.01,2,classification,0.9635,0.9662
XLSTM,associative_recall,large,10000,10744,0.01,3,classification,0.957,0.9649
XLSTM,associative_recall,large,10000,10744,0.01,4,classification,0.963,0.9676
XLSTM,associative_recall,large,10000,10744,0.01,5,classification,0.9655,0.9661
XLSTM,associative_recall,large,10000,10744,0.01,6,classification,0.958,0.9642
XLSTM,associative_recall,large,10000,10744,0.01,7,classification,0.969,0.9667
XLSTM,associative_recall,large,10000,10744,0.01,8,classification,0.961,0.9663
XLSTM,associative_recall,large,10000,10744,0.01,9,classification,0.9615,0.9675
XLSTM,associative_recall,large,10000,10744,0.003,0,classification,0.961,0.9674
XLSTM,associative_recall,large,10000,10744,0.003,1,classification,0.957,0.9651
XLSTM,associative_recall,large,10000,10744,0.003,2,classification,0.9635,0.9667
XLSTM,associative_recall,large,10000,10744,0.003,3,classification,0.958,0.9641
XLSTM,associative_recall,large,10000,10744,0.003,4,classification,0.9615,0.9692
XLSTM,associative_recall,large,10000,10744,0.003,5,classification,0.9605,0.9675
XLSTM,associative_recall,large,10000,10744,0.003,6,classification,0.959,0.9659
XLSTM,associative_recall,large,10000,10744,0.003,7,classification,0.96,0.9664
XLSTM,associative_recall,large,10000,10744,0.003,8,classification,0.964,0.9667
XLSTM,associative_recall,large,10000,10744,0.003,9,classification,0.9575,0.9655
XLSTM,associative_recall,large,10000,10744,0.001,0,classification,0.652,0.6688000000000001
XLSTM,associative_recall,large,10000,10744,0.001,1,classification,0.45399999999999996,0.47050000000000003
XLSTM,associative_recall,large,10000,10744,0.001,2,classification,0.944,0.9568
XLSTM,associative_recall,large,10000,10744,0.001,3,classification,0.5305,0.5233
XLSTM,associative_recall,large,10000,10744,0.001,4,classification,0.5715,0.5912999999999999
XLSTM,associative_recall,large,10000,10744,0.001,5,classification,0.5760000000000001,0.5776
XLSTM,associative_recall,large,10000,10744,0.001,6,classification,0.739,0.7531
XLSTM,associative_recall,large,10000,10744,0.001,7,classification,0.5745,0.6085
XLSTM,associative_recall,large,10000,10744,0.001,8,classification,0.5705,0.5867
XLSTM,associative_recall,large,10000,10744,0.001,9,classification,0.527,0.5670999999999999
XLSTM,associative_recall,large,10000,10744,0.0003,0,classification,0.9335,0.9465
XLSTM,associative_recall,large,10000,10744,0.0003,1,classification,0.931,0.9396
XLSTM,associative_recall,large,10000,10744,0.0003,2,classification,0.949,0.9536
XLSTM,associative_recall,large,10000,10744,0.0003,3,classification,0.944,0.9504
XLSTM,associative_recall,large,10000,10744,0.0003,4,classification,0.9359999999999999,0.9422
XLSTM,associative_recall,large,10000,10744,0.0003,5,classification,0.6785,0.6893
XLSTM,associative_recall,large,10000,10744,0.0003,6,classification,0.946,0.9541
XLSTM,associative_recall,large,10000,10744,0.0003,7,classification,0.7989999999999999,0.8160000000000001
XLSTM,associative_recall,large,10000,10744,0.0003,8,classification,0.943,0.9460999999999999
XLSTM,associative_recall,large,10000,10744,0.0003,9,classification,0.9390000000000001,0.9447
XLSTM,associative_recall,large,10000,10744,0.0001,0,classification,0.9435,0.9491
XLSTM,associative_recall,large,10000,10744,0.0001,1,classification,0.9355,0.9431
XLSTM,associative_recall,large,10000,10744,0.0001,2,classification,0.9525,0.9583
XLSTM,associative_recall,large,10000,10744,0.0001,3,classification,0.952,0.9539
XLSTM,associative_recall,large,10000,10744,0.0001,4,classification,0.929,0.9393
XLSTM,associative_recall,large,10000,10744,0.0001,5,classification,0.957,0.9614
XLSTM,associative_recall,large,10000,10744,0.0001,6,classification,0.9475,0.9539
XLSTM,associative_recall,large,10000,10744,0.0001,7,classification,0.935,0.944
XLSTM,associative_recall,large,10000,10744,0.0001,8,classification,0.9495,0.9514
XLSTM,associative_recall,large,10000,10744,0.0001,9,classification,0.945,0.9444
XLSTM,associative_recall,large,100000,98964,0.01,0,classification,0.9655,0.9656
XLSTM,associative_recall,large,100000,98964,0.01,1,classification,0.9595,0.9687
XLSTM,associative_recall,large,100000,98964,0.01,2,classification,0.964,0.9656
XLSTM,associative_recall,large,100000,98964,0.01,3,classification,0.9575,0.9644
XLSTM,associative_recall,large,100000,98964,0.01,4,classification,0.9595,0.9666
XLSTM,associative_recall,large,100000,98964,0.01,5,classification,0.964,0.9664
XLSTM,associative_recall,large,100000,98964,0.01,6,classification,0.959,0.9659
XLSTM,associative_recall,large,100000,98964,0.01,7,classification,0.9575,0.9667
XLSTM,associative_recall,large,100000,98964,0.01,8,classification,0.9625,0.9661
XLSTM,associative_recall,large,100000,98964,0.01,9,classification,0.96,0.9661
XLSTM,associative_recall,large,100000,98964,0.003,0,classification,0.96,0.9645
XLSTM,associative_recall,large,100000,98964,0.003,1,classification,0.9565,0.9649
XLSTM,associative_recall,large,100000,98964,0.003,2,classification,0.962,0.9662
XLSTM,associative_recall,large,100000,98964,0.003,3,classification,0.958,0.9658
XLSTM,associative_recall,large,100000,98964,0.003,4,classification,0.963,0.9671
XLSTM,associative_recall,large,100000,98964,0.003,5,classification,0.9585,0.9663
XLSTM,associative_recall,large,100000,98964,0.003,6,classification,0.959,0.9659
XLSTM,associative_recall,large,100000,98964,0.003,7,classification,0.962,0.9687
XLSTM,associative_recall,large,100000,98964,0.003,8,classification,0.9645,0.9623
XLSTM,associative_recall,large,100000,98964,0.003,9,classification,0.958,0.9676
XLSTM,associative_recall,large,100000,98964,0.001,0,classification,0.46699999999999997,0.491
XLSTM,associative_recall,large,100000,98964,0.001,1,classification,0.5389999999999999,0.5441
XLSTM,associative_recall,large,100000,98964,0.001,2,classification,0.5405,0.5501
XLSTM,associative_recall,large,100000,98964,0.001,3,classification,0.517,0.5127999999999999
XLSTM,associative_recall,large,100000,98964,0.001,4,classification,0.9065,0.9095
XLSTM,associative_recall,large,100000,98964,0.001,5,classification,0.504,0.5195000000000001
XLSTM,associative_recall,large,100000,98964,0.001,6,classification,0.5489999999999999,0.5518000000000001
XLSTM,associative_recall,large,100000,98964,0.001,7,classification,0.44999999999999996,0.4848
XLSTM,associative_recall,large,100000,98964,0.001,8,classification,0.9410000000000001,0.9441
XLSTM,associative_recall,large,100000,98964,0.001,9,classification,0.5175000000000001,0.5227999999999999
XLSTM,associative_recall,large,100000,98964,0.0003,0,classification,0.5155000000000001,0.527
XLSTM,associative_recall,large,100000,98964,0.0003,1,classification,0.5475,0.5610999999999999
XLSTM,associative_recall,large,100000,98964,0.0003,2,classification,0.5,0.5188999999999999
XLSTM,associative_recall,large,100000,98964,0.0003,3,classification,0.54,0.5366
XLSTM,associative_recall,large,100000,98964,0.0003,4,classification,0.5375,0.536
XLSTM,associative_recall,large,100000,98964,0.0003,5,classification,0.55,0.5622
XLSTM,associative_recall,large,100000,98964,0.0003,6,classification,0.529,0.542
XLSTM,associative_recall,large,100000,98964,0.0003,7,classification,0.5355,0.5722
XLSTM,associative_recall,large,100000,98964,0.0003,8,classification,0.5185,0.5005999999999999
XLSTM,associative_recall,large,100000,98964,0.0003,9,classification,0.5920000000000001,0.6047
XLSTM,associative_recall,large,100000,98964,0.0001,0,classification,0.877,0.8887
XLSTM,associative_recall,large,100000,98964,0.0001,1,classification,0.7555000000000001,0.7686
XLSTM,associative_recall,large,100000,98964,0.0001,2,classification,0.886,0.8976
XLSTM,associative_recall,large,100000,98964,0.0001,3,classification,0.9185,0.9268
XLSTM,associative_recall,large,100000,98964,0.0001,4,classification,0.8095,0.8255
XLSTM,associative_recall,large,100000,98964,0.0001,5,classification,0.9215,0.9291
XLSTM,associative_recall,large,100000,98964,0.0001,6,classification,0.894,0.9022
XLSTM,associative_recall,large,100000,98964,0.0001,7,classification,0.8395,0.8491
XLSTM,associative_recall,large,100000,98964,0.0001,8,classification,0.72,0.7235
XLSTM,associative_recall,large,100000,98964,0.0001,9,classification,0.9095,0.9138
XLSTM,bracket_matching,large,1000,4418,0.01,0,classification,0.30700000000000005,0.3084
XLSTM,bracket_matching,large,1000,4418,0.01,1,classification,0.20399999999999996,0.21440000000000003
XLSTM,bracket_matching,large,1000,4418,0.01,2,classification,0.357,0.35309999999999997
XLSTM,bracket_matching,large,1000,4418,0.01,3,classification,0.33699999999999997,0.345
XLSTM,bracket_matching,large,1000,4418,0.01,4,classification,0.21899999999999997,0.21430000000000005
XLSTM,bracket_matching,large,1000,4418,0.01,5,classification,0.3395,0.3478
XLSTM,bracket_matching,large,1000,4418,0.01,6,classification,0.22350000000000003,0.21209999999999996
XLSTM,bracket_matching,large,1000,4418,0.01,7,classification,0.35450000000000004,0.34730000000000005
XLSTM,bracket_matching,large,1000,4418,0.01,8,classification,0.21550000000000002,0.20499999999999996
XLSTM,bracket_matching,large,1000,4418,0.01,9,classification,0.20750000000000002,0.2197
XLSTM,bracket_matching,large,1000,4418,0.003,0,classification,0.16000000000000003,0.1743
XLSTM,bracket_matching,large,1000,4418,0.003,1,classification,0.133,0.14470000000000005
XLSTM,bracket_matching,large,1000,4418,0.003,2,classification,0.09899999999999998,0.11219999999999997
XLSTM,bracket_matching,large,1000,4418,0.003,3,classification,0.08699999999999997,0.0917
XLSTM,bracket_matching,large,1000,4418,0.003,4,classification,0.15949999999999998,0.1563
XLSTM,bracket_matching,large,1000,4418,0.003,5,classification,0.02849999999999997,0.028800000000000048
XLSTM,bracket_matching,large,1000,4418,0.003,6,classification,0.09450000000000003,0.09570000000000001
XLSTM,bracket_matching,large,1000,4418,0.003,7,classification,0.03849999999999998,0.03849999999999998
XLSTM,bracket_matching,large,1000,4418,0.003,8,classification,0.03049999999999997,0.033499999999999974
XLSTM,bracket_matching,large,1000,4418,0.003,9,classification,0.027000000000000024,0.025000000000000022
XLSTM,bracket_matching,large,1000,4418,0.001,0,classification,0.030000000000000027,0.036699999999999955
XLSTM,bracket_matching,large,1000,4418,0.001,1,classification,0.13749999999999996,0.14949999999999997
XLSTM,bracket_matching,large,1000,4418,0.001,2,classification,0.14849999999999997,0.15759999999999996
XLSTM,bracket_matching,large,1000,4418,0.001,3,classification,0.030000000000000027,0.03639999999999999
XLSTM,bracket_matching,large,1000,4418,0.001,4,classification,0.023499999999999965,0.017299999999999982
XLSTM,bracket_matching,large,1000,4418,0.001,5,classification,0.029000000000000026,0.03369999999999995
XLSTM,bracket_matching,large,1000,4418,0.001,6,classification,0.022499999999999964,0.020199999999999996
XLSTM,bracket_matching,large,1000,4418,0.001,7,classification,0.017000000000000015,0.015900000000000025
XLSTM,bracket_matching,large,1000,4418,0.001,8,classification,0.14649999999999996,0.12860000000000005
XLSTM,bracket_matching,large,1000,4418,0.001,9,classification,0.08999999999999997,0.08850000000000002
XLSTM,bracket_matching,large,1000,4418,0.0003,0,classification,0.017000000000000015,0.02400000000000002
XLSTM,bracket_matching,large,1000,4418,0.0003,1,classification,0.15400000000000003,0.16359999999999997
XLSTM,bracket_matching,large,1000,4418,0.0003,2,classification,0.019000000000000017,0.023399999999999976
XLSTM,bracket_matching,large,1000,4418,0.0003,3,classification,0.03649999999999998,0.042100000000000026
XLSTM,bracket_matching,large,1000,4418,0.0003,4,classification,0.040000000000000036,0.030200000000000005
XLSTM,bracket_matching,large,1000,4418,0.0003,5,classification,0.14500000000000002,0.15669999999999995
XLSTM,bracket_matching,large,1000,4418,0.0003,6,classification,0.038000000000000034,0.029900000000000038
XLSTM,bracket_matching,large,1000,4418,0.0003,7,classification,0.034499999999999975,0.03480000000000005
XLSTM,bracket_matching,large,1000,4418,0.0003,8,classification,0.038000000000000034,0.04269999999999996
XLSTM,bracket_matching,large,1000,4418,0.0003,9,classification,0.03949999999999998,0.035800000000000054
XLSTM,bracket_matching,large,1000,4418,0.0001,0,classification,0.03049999999999997,0.04139999999999999
XLSTM,bracket_matching,large,1000,4418,0.0001,1,classification,0.019000000000000017,0.02180000000000004
XLSTM,bracket_matching,large,1000,4418,0.0001,2,classification,0.01749999999999996,0.022199999999999998
XLSTM,bracket_matching,large,1000,4418,0.0001,3,classification,0.018000000000000016,0.027000000000000024
XLSTM,bracket_matching,large,1000,4418,0.0001,4,classification,0.02100000000000002,0.017299999999999982
XLSTM,bracket_matching,large,1000,4418,0.0001,5,classification,0.041000000000000036,0.044499999999999984
XLSTM,bracket_matching,large,1000,4418,0.0001,6,classification,0.03600000000000003,0.03820000000000001
XLSTM,bracket_matching,large,1000,4418,0.0001,7,classification,0.06599999999999995,0.0655
XLSTM,bracket_matching,large,1000,4418,0.0001,8,classification,0.01649999999999996,0.02180000000000004
XLSTM,bracket_matching,large,1000,4418,0.0001,9,classification,0.022499999999999964,0.020499999999999963
XLSTM,bracket_matching,large,10000,9770,0.01,0,classification,0.16200000000000003,0.17069999999999996
XLSTM,bracket_matching,large,10000,9770,0.01,1,classification,0.1805,0.1925
XLSTM,bracket_matching,large,10000,9770,0.01,2,classification,0.1825,0.1905
XLSTM,bracket_matching,large,10000,9770,0.01,3,classification,0.20350000000000001,0.21760000000000002
XLSTM,bracket_matching,large,10000,9770,0.01,4,classification,0.21899999999999997,0.21530000000000005
XLSTM,bracket_matching,large,10000,9770,0.01,5,classification,0.20799999999999996,0.21130000000000004
XLSTM,bracket_matching,large,10000,9770,0.01,6,classification,0.22499999999999998,0.20779999999999998
XLSTM,bracket_matching,large,10000,9770,0.01,7,classification,0.16549999999999998,0.16949999999999998
XLSTM,bracket_matching,large,10000,9770,0.01,8,classification,0.14849999999999997,0.13560000000000005
XLSTM,bracket_matching,large,10000,9770,0.01,9,classification,0.04400000000000004,0.047699999999999965
XLSTM,bracket_matching,large,10000,9770,0.003,0,classification,0.020499999999999963,0.026900000000000035
XLSTM,bracket_matching,large,10000,9770,0.003,1,classification,0.01649999999999996,0.018199999999999994
XLSTM,bracket_matching,large,10000,9770,0.003,2,classification,0.010000000000000009,0.01529999999999998
XLSTM,bracket_matching,large,10000,9770,0.003,3,classification,0.0,0.0007000000000000339
XLSTM,bracket_matching,large,10000,9770,0.003,4,classification,0.0050000000000000044,0.006800000000000028
XLSTM,bracket_matching,large,10000,9770,0.003,5,classification,0.005499999999999949,0.005600000000000049
XLSTM,bracket_matching,large,10000,9770,0.003,6,classification,0.019499999999999962,0.016900000000000026
XLSTM,bracket_matching,large,10000,9770,0.003,7,classification,0.0030000000000000027,0.0040000000000000036
XLSTM,bracket_matching,large,10000,9770,0.003,8,classification,0.009000000000000008,0.012299999999999978
XLSTM,bracket_matching,large,10000,9770,0.003,9,classification,0.019000000000000017,0.020100000000000007
XLSTM,bracket_matching,large,10000,9770,0.001,0,classification,0.012499999999999956,0.01990000000000003
XLSTM,bracket_matching,large,10000,9770,0.001,1,classification,0.0,0.0
XLSTM,bracket_matching,large,10000,9770,0.001,2,classification,0.009000000000000008,0.011099999999999999
XLSTM,bracket_matching,large,10000,9770,0.001,3,classification,0.019000000000000017,0.01980000000000004
XLSTM,bracket_matching,large,10000,9770,0.001,4,classification,0.01100000000000001,0.009800000000000031
XLSTM,bracket_matching,large,10000,9770,0.001,5,classification,0.007000000000000006,0.00770000000000004
XLSTM,bracket_matching,large,10000,9770,0.001,6,classification,0.0,9.999999999998899e-05
XLSTM,bracket_matching,large,10000,9770,0.001,7,classification,0.01649999999999996,0.016900000000000026
XLSTM,bracket_matching,large,10000,9770,0.001,8,classification,0.0050000000000000044,0.008199999999999985
XLSTM,bracket_matching,large,10000,9770,0.001,9,classification,0.00649999999999995,0.008199999999999985
XLSTM,bracket_matching,large,10000,9770,0.0003,0,classification,0.005499999999999949,0.009099999999999997
XLSTM,bracket_matching,large,10000,9770,0.0003,1,classification,0.01200000000000001,0.013499999999999956
XLSTM,bracket_matching,large,10000,9770,0.0003,2,classification,0.013000000000000012,0.019000000000000017
XLSTM,bracket_matching,large,10000,9770,0.0003,3,classification,0.005499999999999949,0.008399999999999963
XLSTM,bracket_matching,large,10000,9770,0.0003,4,classification,0.026499999999999968,0.02210000000000001
XLSTM,bracket_matching,large,10000,9770,0.0003,5,classification,0.0040000000000000036,0.00539999999999996
XLSTM,bracket_matching,large,10000,9770,0.0003,6,classification,0.013499999999999956,0.014800000000000035
XLSTM,bracket_matching,large,10000,9770,0.0003,7,classification,0.007499999999999951,0.007900000000000018
XLSTM,bracket_matching,large,10000,9770,0.0003,8,classification,0.015000000000000013,0.01849999999999996
XLSTM,bracket_matching,large,10000,9770,0.0003,9,classification,0.006000000000000005,0.005499999999999949
XLSTM,bracket_matching,large,10000,9770,0.0001,0,classification,0.02200000000000002,0.027900000000000036
XLSTM,bracket_matching,large,10000,9770,0.0001,1,classification,0.011499999999999955,0.011299999999999977
XLSTM,bracket_matching,large,10000,9770,0.0001,2,classification,0.030000000000000027,0.0393
XLSTM,bracket_matching,large,10000,9770,0.0001,3,classification,0.0040000000000000036,0.005800000000000027
XLSTM,bracket_matching,large,10000,9770,0.0001,4,classification,0.015000000000000013,0.012700000000000045
XLSTM,bracket_matching,large,10000,9770,0.0001,5,classification,0.01849999999999996,0.020199999999999996
XLSTM,bracket_matching,large,10000,9770,0.0001,6,classification,0.025499999999999967,0.025000000000000022
XLSTM,bracket_matching,large,10000,9770,0.0001,7,classification,0.010499999999999954,0.011900000000000022
XLSTM,bracket_matching,large,10000,9770,0.0001,8,classification,0.016000000000000014,0.021700000000000053
XLSTM,bracket_matching,large,10000,9770,0.0001,9,classification,0.03249999999999997,0.027900000000000036
XLSTM,bracket_matching,large,100000,99626,0.01,0,classification,0.346,0.35219999999999996
XLSTM,bracket_matching,large,100000,99626,0.01,1,classification,0.21650000000000003,0.20609999999999995
XLSTM,bracket_matching,large,100000,99626,0.01,2,classification,0.357,0.35309999999999997
XLSTM,bracket_matching,large,100000,99626,0.01,3,classification,0.516,0.506
XLSTM,bracket_matching,large,100000,99626,0.01,4,classification,0.37050000000000005,0.3476
XLSTM,bracket_matching,large,100000,99626,0.01,5,classification,0.23199999999999998,0.24529999999999996
XLSTM,bracket_matching,large,100000,99626,0.01,6,classification,0.24550000000000005,0.25439999999999996
XLSTM,bracket_matching,large,100000,99626,0.01,7,classification,0.21450000000000002,0.21299999999999997
XLSTM,bracket_matching,large,100000,99626,0.01,8,classification,0.21599999999999997,0.18930000000000002
XLSTM,bracket_matching,large,100000,99626,0.01,9,classification,0.34299999999999997,0.34709999999999996
XLSTM,bracket_matching,large,100000,99626,0.003,0,classification,0.008000000000000007,0.010099999999999998
XLSTM,bracket_matching,large,100000,99626,0.003,1,classification,0.006000000000000005,0.0041999999999999815
XLSTM,bracket_matching,large,100000,99626,0.003,2,classification,0.007499999999999951,0.009299999999999975
XLSTM,bracket_matching,large,100000,99626,0.003,3,classification,0.0010000000000000009,0.0014999999999999458
XLSTM,bracket_matching,large,100000,99626,0.003,4,classification,0.020499999999999963,0.01639999999999997
XLSTM,bracket_matching,large,100000,99626,0.003,5,classification,0.014000000000000012,0.01319999999999999
XLSTM,bracket_matching,large,100000,99626,0.003,6,classification,0.019000000000000017,0.01859999999999995
XLSTM,bracket_matching,large,100000,99626,0.003,7,classification,0.007000000000000006,0.008199999999999985
XLSTM,bracket_matching,large,100000,99626,0.003,8,classification,0.014000000000000012,0.012900000000000023
XLSTM,bracket_matching,large,100000,99626,0.003,9,classification,0.0040000000000000036,0.005099999999999993
XLSTM,bracket_matching,large,100000,99626,0.001,0,classification,0.00649999999999995,0.007299999999999973
XLSTM,bracket_matching,large,100000,99626,0.001,1,classification,0.0004999999999999449,0.0013999999999999568
XLSTM,bracket_matching,large,100000,99626,0.001,2,classification,0.006000000000000005,0.008600000000000052
XLSTM,bracket_matching,large,100000,99626,0.001,3,classification,0.009499999999999953,0.009099999999999997
XLSTM,bracket_matching,large,100000,99626,0.001,4,classification,0.014499999999999957,0.013299999999999979
XLSTM,bracket_matching,large,100000,99626,0.001,5,classification,0.0050000000000000044,0.009600000000000053
XLSTM,bracket_matching,large,100000,99626,0.001,6,classification,0.0044999999999999485,0.007800000000000029
XLSTM,bracket_matching,large,100000,99626,0.001,7,classification,0.009499999999999953,0.014599999999999946
XLSTM,bracket_matching,large,100000,99626,0.001,8,classification,0.00649999999999995,0.007299999999999973
XLSTM,bracket_matching,large,100000,99626,0.001,9,classification,0.0020000000000000018,0.0014999999999999458
XLSTM,bracket_matching,large,100000,99626,0.0003,0,classification,0.0044999999999999485,0.005800000000000027
XLSTM,bracket_matching,large,100000,99626,0.0003,1,classification,0.014000000000000012,0.015599999999999947
XLSTM,bracket_matching,large,100000,99626,0.0003,2,classification,0.010499999999999954,0.0121
XLSTM,bracket_matching,large,100000,99626,0.0003,3,classification,0.010499999999999954,0.010700000000000043
XLSTM,bracket_matching,large,100000,99626,0.0003,4,classification,0.012499999999999956,0.011499999999999955
XLSTM,bracket_matching,large,100000,99626,0.0003,5,classification,0.010499999999999954,0.011399999999999966
XLSTM,bracket_matching,large,100000,99626,0.0003,6,classification,0.010000000000000009,0.008700000000000041
XLSTM,bracket_matching,large,100000,99626,0.0003,7,classification,0.016000000000000014,0.01749999999999996
XLSTM,bracket_matching,large,100000,99626,0.0003,8,classification,0.0030000000000000027,0.0034999999999999476
XLSTM,bracket_matching,large,100000,99626,0.0003,9,classification,0.01100000000000001,0.014900000000000024
XLSTM,bracket_matching,large,100000,99626,0.0001,0,classification,0.005499999999999949,0.00770000000000004
XLSTM,bracket_matching,large,100000,99626,0.0001,1,classification,0.013000000000000012,0.012800000000000034
XLSTM,bracket_matching,large,100000,99626,0.0001,2,classification,0.017000000000000015,0.02200000000000002
XLSTM,bracket_matching,large,100000,99626,0.0001,3,classification,0.01649999999999996,0.017900000000000027
XLSTM,bracket_matching,large,100000,99626,0.0001,4,classification,0.01100000000000001,0.009800000000000031
XLSTM,bracket_matching,large,100000,99626,0.0001,5,classification,0.007000000000000006,0.009800000000000031
XLSTM,bracket_matching,large,100000,99626,0.0001,6,classification,0.008499999999999952,0.008600000000000052
XLSTM,bracket_matching,large,100000,99626,0.0001,7,classification,0.015499999999999958,0.015100000000000002
XLSTM,bracket_matching,large,100000,99626,0.0001,8,classification,0.021499999999999964,0.021299999999999986
XLSTM,bracket_matching,large,100000,99626,0.0001,9,classification,0.0040000000000000036,0.005199999999999982
